
Recovery Manager: Release 11.2.0.4.0 - Production on Sun Jul 6 11:00:00 2025

Copyright (c) 1982, 2011, Oracle and/or its affiliates.  All rights reserved.

RMAN> 
connected to target database: DB01 (DBID=1485648012)

RMAN> 2> 3> 4> 5> 6> 7> 8> 9> 10> 11> 12> 13> 
using target database control file instead of recovery catalog
allocated channel: ch1
channel ch1: SID=288 instance=db011 device type=SBT_TAPE
channel ch1: Veeam Plug-in for Oracle RMAN

allocated channel: ch2
channel ch2: SID=155 instance=db011 device type=SBT_TAPE
channel ch2: Veeam Plug-in for Oracle RMAN

allocated channel: ch3
channel ch3: SID=303 instance=db011 device type=SBT_TAPE
channel ch3: Veeam Plug-in for Oracle RMAN

allocated channel: ch4
channel ch4: SID=41 instance=db011 device type=SBT_TAPE
channel ch4: Veeam Plug-in for Oracle RMAN

Starting backup at 06-JUL-25
current log archived

backup will be obsolete on date 05-AUG-25
archived logs required to recover from this backup will be backed up
channel ch1: starting compressed incremental level 0 datafile backup set
channel ch1: specifying datafile(s) in backup set
input datafile file number=00006 name=+DG_DB1/db01/datafile/db01_data.259.1047470923
backing up blocks 1 through 2621440
channel ch1: starting piece 1 at 06-JUL-25
channel ch2: starting compressed incremental level 0 datafile backup set
channel ch2: specifying datafile(s) in backup set
input datafile file number=00007 name=+DG_DB1/db01/datafile/db01_data.260.1047470981
backing up blocks 1 through 2621440
channel ch2: starting piece 1 at 06-JUL-25
channel ch3: starting compressed incremental level 0 datafile backup set
channel ch3: specifying datafile(s) in backup set
input datafile file number=00008 name=+DG_DB1/db01/datafile/db01_idx.256.1047470157
backing up blocks 1 through 2621440
channel ch3: starting piece 1 at 06-JUL-25
channel ch4: starting compressed incremental level 0 datafile backup set
channel ch4: specifying datafile(s) in backup set
input datafile file number=00011 name=+DG_DB1/db01/datafile/db01_idx.257.1047470375
backing up blocks 1 through 2621440
channel ch4: starting piece 1 at 06-JUL-25
channel ch1: finished piece 1 at 06-JUL-25
piece handle=3fc90592-511f-4200-aedc-48597064f4c8/RMAN_full_1485648012_DB01_20250706_on3tsjq1_1_1.vab tag=FULL_DB01_06072025_11H00 comment=API Version 2.0,MMS Version 12.3.0.54
channel ch1: backup set complete, elapsed time: 00:13:56
channel ch1: starting compressed incremental level 0 datafile backup set
channel ch1: specifying datafile(s) in backup set
input datafile file number=00006 name=+DG_DB1/db01/datafile/db01_data.259.1047470923
backing up blocks 2621441 through 4194302
channel ch1: starting piece 2 at 06-JUL-25
channel ch2: finished piece 1 at 06-JUL-25
piece handle=3fc90592-511f-4200-aedc-48597064f4c8/RMAN_full_1485648012_DB01_20250706_oo3tsjq1_1_1.vab tag=FULL_DB01_06072025_11H00 comment=API Version 2.0,MMS Version 12.3.0.54
channel ch2: backup set complete, elapsed time: 00:13:56
channel ch2: starting compressed incremental level 0 datafile backup set
channel ch2: specifying datafile(s) in backup set
input datafile file number=00007 name=+DG_DB1/db01/datafile/db01_data.260.1047470981
backing up blocks 2621441 through 4194302
channel ch2: starting piece 2 at 06-JUL-25
channel ch3: finished piece 1 at 06-JUL-25
piece handle=3fc90592-511f-4200-aedc-48597064f4c8/RMAN_full_1485648012_DB01_20250706_op3tsjq1_1_1.vab tag=FULL_DB01_06072025_11H00 comment=API Version 2.0,MMS Version 12.3.0.54
channel ch3: backup set complete, elapsed time: 00:16:32
channel ch3: starting compressed incremental level 0 datafile backup set
channel ch3: specifying datafile(s) in backup set
input datafile file number=00008 name=+DG_DB1/db01/datafile/db01_idx.256.1047470157
backing up blocks 2621441 through 4194302
channel ch3: starting piece 2 at 06-JUL-25
channel ch4: finished piece 1 at 06-JUL-25
piece handle=3fc90592-511f-4200-aedc-48597064f4c8/RMAN_full_1485648012_DB01_20250706_oq3tsjq1_1_1.vab tag=FULL_DB01_06072025_11H00 comment=API Version 2.0,MMS Version 12.3.0.54
channel ch4: backup set complete, elapsed time: 00:19:27
channel ch4: starting compressed incremental level 0 datafile backup set
channel ch4: specifying datafile(s) in backup set
input datafile file number=00011 name=+DG_DB1/db01/datafile/db01_idx.257.1047470375
backing up blocks 2621441 through 4194302
channel ch4: starting piece 2 at 06-JUL-25
channel ch2: finished piece 2 at 06-JUL-25
piece handle=3fc90592-511f-4200-aedc-48597064f4c8/RMAN_full_1485648012_DB01_20250706_oo3tsjq1_2_1.vab tag=FULL_DB01_06072025_11H00 comment=API Version 2.0,MMS Version 12.3.0.54
channel ch2: backup set complete, elapsed time: 00:06:46
channel ch2: starting compressed incremental level 0 datafile backup set
channel ch2: specifying datafile(s) in backup set
input datafile file number=00045 name=+DG_DB1/db01/datafile/db01_data.307.1059828559
backing up blocks 1 through 2621440
channel ch2: starting piece 1 at 06-JUL-25
channel ch1: finished piece 2 at 06-JUL-25
piece handle=3fc90592-511f-4200-aedc-48597064f4c8/RMAN_full_1485648012_DB01_20250706_on3tsjq1_2_1.vab tag=FULL_DB01_06072025_11H00 comment=API Version 2.0,MMS Version 12.3.0.54
channel ch1: backup set complete, elapsed time: 00:07:41
channel ch1: starting compressed incremental level 0 datafile backup set
channel ch1: specifying datafile(s) in backup set
input datafile file number=00045 name=+DG_DB1/db01/datafile/db01_data.307.1059828559
backing up blocks 2621441 through 4194302
channel ch1: starting piece 2 at 06-JUL-25
channel ch3: finished piece 2 at 06-JUL-25
piece handle=3fc90592-511f-4200-aedc-48597064f4c8/RMAN_full_1485648012_DB01_20250706_op3tsjq1_2_1.vab tag=FULL_DB01_06072025_11H00 comment=API Version 2.0,MMS Version 12.3.0.54
channel ch3: backup set complete, elapsed time: 00:08:40
channel ch3: starting compressed incremental level 0 datafile backup set
channel ch3: specifying datafile(s) in backup set
input datafile file number=00046 name=+DG_DB1/db01/datafile/db01_data.308.1059828591
backing up blocks 1 through 2621440
channel ch3: starting piece 1 at 06-JUL-25
channel ch4: finished piece 2 at 06-JUL-25
piece handle=3fc90592-511f-4200-aedc-48597064f4c8/RMAN_full_1485648012_DB01_20250706_oq3tsjq1_2_1.vab tag=FULL_DB01_06072025_11H00 comment=API Version 2.0,MMS Version 12.3.0.54
channel ch4: backup set complete, elapsed time: 00:08:51
channel ch4: starting compressed incremental level 0 datafile backup set
channel ch4: specifying datafile(s) in backup set
input datafile file number=00046 name=+DG_DB1/db01/datafile/db01_data.308.1059828591
backing up blocks 2621441 through 4194302
channel ch4: starting piece 2 at 06-JUL-25
channel ch1: finished piece 2 at 06-JUL-25
piece handle=3fc90592-511f-4200-aedc-48597064f4c8/RMAN_full_1485648012_DB01_20250706_ov3tsl0r_2_1.vab tag=FULL_DB01_06072025_11H00 comment=API Version 2.0,MMS Version 12.3.0.54
channel ch1: backup set complete, elapsed time: 00:07:46
channel ch1: starting compressed incremental level 0 datafile backup set
channel ch1: specifying datafile(s) in backup set
input datafile file number=00047 name=+DG_DB1/db01/datafile/db01_data.309.1059828591
backing up blocks 1 through 2621440
channel ch1: starting piece 1 at 06-JUL-25
channel ch2: finished piece 1 at 06-JUL-25
piece handle=3fc90592-511f-4200-aedc-48597064f4c8/RMAN_full_1485648012_DB01_20250706_ov3tsl0r_1_1.vab tag=FULL_DB01_06072025_11H00 comment=API Version 2.0,MMS Version 12.3.0.54
channel ch2: backup set complete, elapsed time: 00:11:16
channel ch2: starting compressed incremental level 0 datafile backup set
channel ch2: specifying datafile(s) in backup set
input datafile file number=00047 name=+DG_DB1/db01/datafile/db01_data.309.1059828591
backing up blocks 2621441 through 4194302
channel ch2: starting piece 2 at 06-JUL-25
channel ch4: finished piece 2 at 06-JUL-25
piece handle=3fc90592-511f-4200-aedc-48597064f4c8/RMAN_full_1485648012_DB01_20250706_p13tsl99_2_1.vab tag=FULL_DB01_06072025_11H00 comment=API Version 2.0,MMS Version 12.3.0.54
channel ch4: backup set complete, elapsed time: 00:07:46
channel ch4: starting compressed incremental level 0 datafile backup set
channel ch4: specifying datafile(s) in backup set
input datafile file number=00048 name=+DG_DB1/db01/datafile/db01_data.310.1063100489
backing up blocks 1 through 2621440
channel ch4: starting piece 1 at 06-JUL-25
channel ch3: finished piece 1 at 06-JUL-25
piece handle=3fc90592-511f-4200-aedc-48597064f4c8/RMAN_full_1485648012_DB01_20250706_p13tsl99_1_1.vab tag=FULL_DB01_06072025_11H00 comment=API Version 2.0,MMS Version 12.3.0.54
channel ch3: backup set complete, elapsed time: 00:12:47
channel ch3: starting compressed incremental level 0 datafile backup set
channel ch3: specifying datafile(s) in backup set
input datafile file number=00048 name=+DG_DB1/db01/datafile/db01_data.310.1063100489
backing up blocks 2621441 through 4194302
channel ch3: starting piece 2 at 06-JUL-25
channel ch2: finished piece 2 at 06-JUL-25
piece handle=3fc90592-511f-4200-aedc-48597064f4c8/RMAN_full_1485648012_DB01_20250706_p33tslh4_2_1.vab tag=FULL_DB01_06072025_11H00 comment=API Version 2.0,MMS Version 12.3.0.54
channel ch2: backup set complete, elapsed time: 00:07:26
channel ch2: starting compressed incremental level 0 datafile backup set
channel ch2: specifying datafile(s) in backup set
input datafile file number=00049 name=+DG_DB1/db01/datafile/db01_data.311.1063100491
backing up blocks 1 through 2621440
channel ch2: starting piece 1 at 06-JUL-25
channel ch1: finished piece 1 at 06-JUL-25
piece handle=3fc90592-511f-4200-aedc-48597064f4c8/RMAN_full_1485648012_DB01_20250706_p33tslh4_1_1.vab tag=FULL_DB01_06072025_11H00 comment=API Version 2.0,MMS Version 12.3.0.54
channel ch1: backup set complete, elapsed time: 00:11:57
channel ch1: starting compressed incremental level 0 datafile backup set
channel ch1: specifying datafile(s) in backup set
input datafile file number=00049 name=+DG_DB1/db01/datafile/db01_data.311.1063100491
backing up blocks 2621441 through 4194302
channel ch1: starting piece 2 at 06-JUL-25
channel ch3: finished piece 2 at 06-JUL-25
piece handle=3fc90592-511f-4200-aedc-48597064f4c8/RMAN_full_1485648012_DB01_20250706_p53tsltl_2_1.vab tag=FULL_DB01_06072025_11H00 comment=API Version 2.0,MMS Version 12.3.0.54
channel ch3: backup set complete, elapsed time: 00:07:26
channel ch3: starting compressed incremental level 0 datafile backup set
channel ch3: specifying datafile(s) in backup set
input datafile file number=00051 name=+DG_DB1/db01/datafile/db01_data.313.1064145693
backing up blocks 1 through 2621440
channel ch3: starting piece 1 at 06-JUL-25
channel ch4: finished piece 1 at 06-JUL-25
piece handle=3fc90592-511f-4200-aedc-48597064f4c8/RMAN_full_1485648012_DB01_20250706_p53tsltl_1_1.vab tag=FULL_DB01_06072025_11H00 comment=API Version 2.0,MMS Version 12.3.0.54
channel ch4: backup set complete, elapsed time: 00:12:27
channel ch4: starting compressed incremental level 0 datafile backup set
channel ch4: specifying datafile(s) in backup set
input datafile file number=00051 name=+DG_DB1/db01/datafile/db01_data.313.1064145693
backing up blocks 2621441 through 4194302
channel ch4: starting piece 2 at 06-JUL-25
channel ch1: finished piece 2 at 06-JUL-25
piece handle=3fc90592-511f-4200-aedc-48597064f4c8/RMAN_full_1485648012_DB01_20250706_p73tsm3u_2_1.vab tag=FULL_DB01_06072025_11H00 comment=API Version 2.0,MMS Version 12.3.0.54
channel ch1: backup set complete, elapsed time: 00:07:26
channel ch1: starting compressed incremental level 0 datafile backup set
channel ch1: specifying datafile(s) in backup set
input datafile file number=00052 name=+DG_DB1/db01/datafile/db01_data.314.1064849525
backing up blocks 1 through 2621440
channel ch1: starting piece 1 at 06-JUL-25
channel ch2: finished piece 1 at 06-JUL-25
piece handle=3fc90592-511f-4200-aedc-48597064f4c8/RMAN_full_1485648012_DB01_20250706_p73tsm3u_1_1.vab tag=FULL_DB01_06072025_11H00 comment=API Version 2.0,MMS Version 12.3.0.54
channel ch2: backup set complete, elapsed time: 00:11:46
channel ch2: starting compressed incremental level 0 datafile backup set
channel ch2: specifying datafile(s) in backup set
input datafile file number=00052 name=+DG_DB1/db01/datafile/db01_data.314.1064849525
backing up blocks 2621441 through 4194302
channel ch2: starting piece 2 at 06-JUL-25
channel ch4: finished piece 2 at 06-JUL-25
piece handle=3fc90592-511f-4200-aedc-48597064f4c8/RMAN_full_1485648012_DB01_20250706_p93tsmf6_2_1.vab tag=FULL_DB01_06072025_11H00 comment=API Version 2.0,MMS Version 12.3.0.54
channel ch4: backup set complete, elapsed time: 00:06:56
channel ch4: starting compressed incremental level 0 datafile backup set
channel ch4: specifying datafile(s) in backup set
input datafile file number=00053 name=+DG_DB1/db01/datafile/db01_data.315.1065455355
backing up blocks 1 through 2621440
channel ch4: starting piece 1 at 06-JUL-25
channel ch2: finished piece 2 at 06-JUL-25
piece handle=3fc90592-511f-4200-aedc-48597064f4c8/RMAN_full_1485648012_DB01_20250706_pb3tsmlf_2_1.vab tag=FULL_DB01_06072025_11H00 comment=API Version 2.0,MMS Version 12.3.0.54
channel ch2: backup set complete, elapsed time: 00:06:41
channel ch2: starting compressed incremental level 0 datafile backup set
channel ch2: specifying datafile(s) in backup set
input datafile file number=00053 name=+DG_DB1/db01/datafile/db01_data.315.1065455355
backing up blocks 2621441 through 4194302
channel ch2: starting piece 2 at 06-JUL-25
channel ch3: finished piece 1 at 06-JUL-25
piece handle=3fc90592-511f-4200-aedc-48597064f4c8/RMAN_full_1485648012_DB01_20250706_p93tsmf6_1_1.vab tag=FULL_DB01_06072025_11H00 comment=API Version 2.0,MMS Version 12.3.0.54
channel ch3: backup set complete, elapsed time: 00:12:29
channel ch3: starting compressed incremental level 0 datafile backup set
channel ch3: specifying datafile(s) in backup set
input datafile file number=00054 name=+DG_DB1/db01/datafile/db01_data.316.1066213173
backing up blocks 1 through 2621440
channel ch3: starting piece 1 at 06-JUL-25
channel ch1: finished piece 1 at 06-JUL-25
piece handle=3fc90592-511f-4200-aedc-48597064f4c8/RMAN_full_1485648012_DB01_20250706_pb3tsmlf_1_1.vab tag=FULL_DB01_06072025_11H00 comment=API Version 2.0,MMS Version 12.3.0.54
channel ch1: backup set complete, elapsed time: 00:11:04
channel ch1: starting compressed incremental level 0 datafile backup set
channel ch1: specifying datafile(s) in backup set
input datafile file number=00054 name=+DG_DB1/db01/datafile/db01_data.316.1066213173
backing up blocks 2621441 through 4194302
channel ch1: starting piece 2 at 06-JUL-25
channel ch2: finished piece 2 at 06-JUL-25
piece handle=3fc90592-511f-4200-aedc-48597064f4c8/RMAN_full_1485648012_DB01_20250706_pd3tsn20_2_1.vab tag=FULL_DB01_06072025_11H00 comment=API Version 2.0,MMS Version 12.3.0.54
channel ch2: backup set complete, elapsed time: 00:06:44
channel ch2: starting compressed incremental level 0 datafile backup set
channel ch2: specifying datafile(s) in backup set
input datafile file number=00055 name=+DG_DB1/db01/datafile/db01_data.317.1067252585
backing up blocks 1 through 2621440
channel ch2: starting piece 1 at 06-JUL-25
channel ch1: finished piece 2 at 06-JUL-25
piece handle=3fc90592-511f-4200-aedc-48597064f4c8/RMAN_full_1485648012_DB01_20250706_pf3tsn6k_2_1.vab tag=FULL_DB01_06072025_11H00 comment=API Version 2.0,MMS Version 12.3.0.54
channel ch1: backup set complete, elapsed time: 00:06:51
channel ch1: starting compressed incremental level 0 datafile backup set
channel ch1: specifying datafile(s) in backup set
input datafile file number=00055 name=+DG_DB1/db01/datafile/db01_data.317.1067252585
backing up blocks 2621441 through 4194302
channel ch1: starting piece 2 at 06-JUL-25
channel ch4: finished piece 1 at 06-JUL-25
piece handle=3fc90592-511f-4200-aedc-48597064f4c8/RMAN_full_1485648012_DB01_20250706_pd3tsn20_1_1.vab tag=FULL_DB01_06072025_11H00 comment=API Version 2.0,MMS Version 12.3.0.54
channel ch4: backup set complete, elapsed time: 00:11:14
channel ch4: starting compressed incremental level 0 datafile backup set
channel ch4: specifying datafile(s) in backup set
input datafile file number=00056 name=+DG_DB1/db01/datafile/db01_data.318.1067252601
backing up blocks 1 through 2621440
channel ch4: starting piece 1 at 06-JUL-25
channel ch3: finished piece 1 at 06-JUL-25
piece handle=3fc90592-511f-4200-aedc-48597064f4c8/RMAN_full_1485648012_DB01_20250706_pf3tsn6k_1_1.vab tag=FULL_DB01_06072025_11H00 comment=API Version 2.0,MMS Version 12.3.0.54
channel ch3: backup set complete, elapsed time: 00:11:21
channel ch3: starting compressed incremental level 0 datafile backup set
channel ch3: specifying datafile(s) in backup set
input datafile file number=00056 name=+DG_DB1/db01/datafile/db01_data.318.1067252601
backing up blocks 2621441 through 4194302
channel ch3: starting piece 2 at 06-JUL-25
channel ch1: finished piece 2 at 06-JUL-25
piece handle=3fc90592-511f-4200-aedc-48597064f4c8/RMAN_full_1485648012_DB01_20250706_ph3tsnj5_2_1.vab tag=FULL_DB01_06072025_11H00 comment=API Version 2.0,MMS Version 12.3.0.54
channel ch1: backup set complete, elapsed time: 00:06:40
channel ch1: starting compressed incremental level 0 datafile backup set
channel ch1: specifying datafile(s) in backup set
input datafile file number=00057 name=+DG_DB1/db01/datafile/db01_data.319.1067856781
backing up blocks 1 through 2621440
channel ch1: starting piece 1 at 06-JUL-25
channel ch2: finished piece 1 at 06-JUL-25
piece handle=3fc90592-511f-4200-aedc-48597064f4c8/RMAN_full_1485648012_DB01_20250706_ph3tsnj5_1_1.vab tag=FULL_DB01_06072025_11H00 comment=API Version 2.0,MMS Version 12.3.0.54
channel ch2: backup set complete, elapsed time: 00:11:21
channel ch2: starting compressed incremental level 0 datafile backup set
channel ch2: specifying datafile(s) in backup set
input datafile file number=00057 name=+DG_DB1/db01/datafile/db01_data.319.1067856781
backing up blocks 2621441 through 4194302
channel ch2: starting piece 2 at 06-JUL-25
channel ch3: finished piece 2 at 06-JUL-25
piece handle=3fc90592-511f-4200-aedc-48597064f4c8/RMAN_full_1485648012_DB01_20250706_pj3tsnn2_2_1.vab tag=FULL_DB01_06072025_11H00 comment=API Version 2.0,MMS Version 12.3.0.54
channel ch3: backup set complete, elapsed time: 00:06:56
channel ch3: starting compressed incremental level 0 datafile backup set
channel ch3: specifying datafile(s) in backup set
input datafile file number=00058 name=+DG_DB1/db01/datafile/db01_data.320.1068458123
backing up blocks 1 through 2621440
channel ch3: starting piece 1 at 06-JUL-25
channel ch4: finished piece 1 at 06-JUL-25
piece handle=3fc90592-511f-4200-aedc-48597064f4c8/RMAN_full_1485648012_DB01_20250706_pj3tsnn2_1_1.vab tag=FULL_DB01_06072025_11H00 comment=API Version 2.0,MMS Version 12.3.0.54
channel ch4: backup set complete, elapsed time: 00:11:16
channel ch4: starting compressed incremental level 0 datafile backup set
channel ch4: specifying datafile(s) in backup set
input datafile file number=00058 name=+DG_DB1/db01/datafile/db01_data.320.1068458123
backing up blocks 2621441 through 4194302
channel ch4: starting piece 2 at 06-JUL-25
channel ch2: finished piece 2 at 06-JUL-25
piece handle=3fc90592-511f-4200-aedc-48597064f4c8/RMAN_full_1485648012_DB01_20250706_pl3tso3j_2_1.vab tag=FULL_DB01_06072025_11H00 comment=API Version 2.0,MMS Version 12.3.0.54
channel ch2: backup set complete, elapsed time: 00:06:56
channel ch2: starting compressed incremental level 0 datafile backup set
channel ch2: specifying datafile(s) in backup set
input datafile file number=00061 name=+DG_DB1/db01/datafile/db01_data.323.1069857145
backing up blocks 1 through 2621440
channel ch2: starting piece 1 at 06-JUL-25
channel ch1: finished piece 1 at 06-JUL-25
piece handle=3fc90592-511f-4200-aedc-48597064f4c8/RMAN_full_1485648012_DB01_20250706_pl3tso3j_1_1.vab tag=FULL_DB01_06072025_11H00 comment=API Version 2.0,MMS Version 12.3.0.54
channel ch1: backup set complete, elapsed time: 00:11:06
channel ch1: starting compressed incremental level 0 datafile backup set
channel ch1: specifying datafile(s) in backup set
input datafile file number=00061 name=+DG_DB1/db01/datafile/db01_data.323.1069857145
backing up blocks 2621441 through 4194302
channel ch1: starting piece 2 at 06-JUL-25
channel ch4: finished piece 2 at 06-JUL-25
piece handle=3fc90592-511f-4200-aedc-48597064f4c8/RMAN_full_1485648012_DB01_20250706_pn3tso8t_2_1.vab tag=FULL_DB01_06072025_11H00 comment=API Version 2.0,MMS Version 12.3.0.54
channel ch4: backup set complete, elapsed time: 00:06:38
channel ch4: starting compressed incremental level 0 datafile backup set
channel ch4: specifying datafile(s) in backup set
input datafile file number=00068 name=+DG_DB1/db01/datafile/db01_data.283.1070990679
backing up blocks 1 through 2621440
channel ch4: starting piece 1 at 06-JUL-25
channel ch3: finished piece 1 at 06-JUL-25
piece handle=3fc90592-511f-4200-aedc-48597064f4c8/RMAN_full_1485648012_DB01_20250706_pn3tso8t_1_1.vab tag=FULL_DB01_06072025_11H00 comment=API Version 2.0,MMS Version 12.3.0.54
channel ch3: backup set complete, elapsed time: 00:11:18
channel ch3: starting compressed incremental level 0 datafile backup set
channel ch3: specifying datafile(s) in backup set
input datafile file number=00068 name=+DG_DB1/db01/datafile/db01_data.283.1070990679
backing up blocks 2621441 through 4194302
channel ch3: starting piece 2 at 06-JUL-25
channel ch1: finished piece 2 at 06-JUL-25
piece handle=3fc90592-511f-4200-aedc-48597064f4c8/RMAN_full_1485648012_DB01_20250706_pp3tsole_2_1.vab tag=FULL_DB01_06072025_11H00 comment=API Version 2.0,MMS Version 12.3.0.54
channel ch1: backup set complete, elapsed time: 00:06:58
channel ch1: starting compressed incremental level 0 datafile backup set
channel ch1: specifying datafile(s) in backup set
input datafile file number=00069 name=+DG_DB1/db01/datafile/db01_data.282.1072187011
backing up blocks 1 through 2621440
channel ch1: starting piece 1 at 06-JUL-25
channel ch2: finished piece 1 at 06-JUL-25
piece handle=3fc90592-511f-4200-aedc-48597064f4c8/RMAN_full_1485648012_DB01_20250706_pp3tsole_1_1.vab tag=FULL_DB01_06072025_11H00 comment=API Version 2.0,MMS Version 12.3.0.54
channel ch2: backup set complete, elapsed time: 00:11:38
channel ch2: starting compressed incremental level 0 datafile backup set
channel ch2: specifying datafile(s) in backup set
input datafile file number=00069 name=+DG_DB1/db01/datafile/db01_data.282.1072187011
backing up blocks 2621441 through 4194302
channel ch2: starting piece 2 at 06-JUL-25
channel ch3: finished piece 2 at 06-JUL-25
piece handle=3fc90592-511f-4200-aedc-48597064f4c8/RMAN_full_1485648012_DB01_20250706_pr3tsook_2_1.vab tag=FULL_DB01_06072025_11H00 comment=API Version 2.0,MMS Version 12.3.0.54
channel ch3: backup set complete, elapsed time: 00:07:00
channel ch3: starting compressed incremental level 0 datafile backup set
channel ch3: specifying datafile(s) in backup set
input datafile file number=00072 name=+DG_DB1/db01/datafile/db01_data.330.1074683751
backing up blocks 1 through 2621440
channel ch3: starting piece 1 at 06-JUL-25
channel ch4: finished piece 1 at 06-JUL-25
piece handle=3fc90592-511f-4200-aedc-48597064f4c8/RMAN_full_1485648012_DB01_20250706_pr3tsook_1_1.vab tag=FULL_DB01_06072025_11H00 comment=API Version 2.0,MMS Version 12.3.0.54
channel ch4: backup set complete, elapsed time: 00:11:12
channel ch4: starting compressed incremental level 0 datafile backup set
channel ch4: specifying datafile(s) in backup set
input datafile file number=00072 name=+DG_DB1/db01/datafile/db01_data.330.1074683751
backing up blocks 2621441 through 4194302
channel ch4: starting piece 2 at 06-JUL-25
channel ch2: finished piece 2 at 06-JUL-25
piece handle=3fc90592-511f-4200-aedc-48597064f4c8/RMAN_full_1485648012_DB01_20250706_pt3tsp5f_2_1.vab tag=FULL_DB01_06072025_11H00 comment=API Version 2.0,MMS Version 12.3.0.54
channel ch2: backup set complete, elapsed time: 00:06:51
channel ch2: starting compressed incremental level 0 datafile backup set
channel ch2: specifying datafile(s) in backup set
input datafile file number=00073 name=+DG_DB1/db01/datafile/db01_data.331.1074683753
backing up blocks 1 through 2621440
channel ch2: starting piece 1 at 06-JUL-25
channel ch4: finished piece 2 at 06-JUL-25
piece handle=3fc90592-511f-4200-aedc-48597064f4c8/RMAN_full_1485648012_DB01_20250706_pv3tspb8_2_1.vab tag=FULL_DB01_06072025_11H00 comment=API Version 2.0,MMS Version 12.3.0.54
channel ch4: backup set complete, elapsed time: 00:06:51
channel ch4: starting compressed incremental level 0 datafile backup set
channel ch4: specifying datafile(s) in backup set
input datafile file number=00073 name=+DG_DB1/db01/datafile/db01_data.331.1074683753
backing up blocks 2621441 through 4194302
channel ch4: starting piece 2 at 06-JUL-25
channel ch1: finished piece 1 at 06-JUL-25
piece handle=3fc90592-511f-4200-aedc-48597064f4c8/RMAN_full_1485648012_DB01_20250706_pt3tsp5f_1_1.vab tag=FULL_DB01_06072025_11H00 comment=API Version 2.0,MMS Version 12.3.0.54
channel ch1: backup set complete, elapsed time: 00:11:57
channel ch1: starting compressed incremental level 0 datafile backup set
channel ch1: specifying datafile(s) in backup set
input datafile file number=00074 name=+DG_DB1/db01/datafile/db01_data.332.1075223063
backing up blocks 1 through 2621440
channel ch1: starting piece 1 at 06-JUL-25
channel ch3: finished piece 1 at 06-JUL-25
piece handle=3fc90592-511f-4200-aedc-48597064f4c8/RMAN_full_1485648012_DB01_20250706_pv3tspb8_1_1.vab tag=FULL_DB01_06072025_11H00 comment=API Version 2.0,MMS Version 12.3.0.54
channel ch3: backup set complete, elapsed time: 00:11:16
channel ch3: starting compressed incremental level 0 datafile backup set
channel ch3: specifying datafile(s) in backup set
input datafile file number=00074 name=+DG_DB1/db01/datafile/db01_data.332.1075223063
backing up blocks 2621441 through 4194302
channel ch3: starting piece 2 at 06-JUL-25
channel ch4: finished piece 2 at 06-JUL-25
piece handle=3fc90592-511f-4200-aedc-48597064f4c8/RMAN_full_1485648012_DB01_20250706_q13tspo3_2_1.vab tag=FULL_DB01_06072025_11H00 comment=API Version 2.0,MMS Version 12.3.0.54
channel ch4: backup set complete, elapsed time: 00:07:05
channel ch4: starting compressed incremental level 0 datafile backup set
channel ch4: specifying datafile(s) in backup set
input datafile file number=00075 name=+DG_DB1/db01/datafile/db01_data.333.1075223527
backing up blocks 1 through 2621440
channel ch4: starting piece 1 at 06-JUL-25
channel ch2: finished piece 1 at 06-JUL-25
piece handle=3fc90592-511f-4200-aedc-48597064f4c8/RMAN_full_1485648012_DB01_20250706_q13tspo3_1_1.vab tag=FULL_DB01_06072025_11H00 comment=API Version 2.0,MMS Version 12.3.0.54
channel ch2: backup set complete, elapsed time: 00:10:57
channel ch2: starting compressed incremental level 0 datafile backup set
channel ch2: specifying datafile(s) in backup set
input datafile file number=00075 name=+DG_DB1/db01/datafile/db01_data.333.1075223527
backing up blocks 2621441 through 4194302
channel ch2: starting piece 2 at 06-JUL-25
channel ch3: finished piece 2 at 06-JUL-25
piece handle=3fc90592-511f-4200-aedc-48597064f4c8/RMAN_full_1485648012_DB01_20250706_q33tsprs_2_1.vab tag=FULL_DB01_06072025_11H00 comment=API Version 2.0,MMS Version 12.3.0.54
channel ch3: backup set complete, elapsed time: 00:07:26
channel ch3: starting compressed incremental level 0 datafile backup set
channel ch3: specifying datafile(s) in backup set
input datafile file number=00076 name=+DG_DB1/db01/datafile/db01_data.334.1076432655
backing up blocks 1 through 2621440
channel ch3: starting piece 1 at 06-JUL-25
channel ch1: finished piece 1 at 06-JUL-25
piece handle=3fc90592-511f-4200-aedc-48597064f4c8/RMAN_full_1485648012_DB01_20250706_q33tsprs_1_1.vab tag=FULL_DB01_06072025_11H00 comment=API Version 2.0,MMS Version 12.3.0.54
channel ch1: backup set complete, elapsed time: 00:11:06
channel ch1: starting compressed incremental level 0 datafile backup set
channel ch1: specifying datafile(s) in backup set
input datafile file number=00076 name=+DG_DB1/db01/datafile/db01_data.334.1076432655
backing up blocks 2621441 through 4194302
channel ch1: starting piece 2 at 06-JUL-25
channel ch2: finished piece 2 at 06-JUL-25
piece handle=3fc90592-511f-4200-aedc-48597064f4c8/RMAN_full_1485648012_DB01_20250706_q53tsq7o_2_1.vab tag=FULL_DB01_06072025_11H00 comment=API Version 2.0,MMS Version 12.3.0.54
channel ch2: backup set complete, elapsed time: 00:07:15
channel ch2: starting compressed incremental level 0 datafile backup set
channel ch2: specifying datafile(s) in backup set
input datafile file number=00077 name=+DG_DB1/db01/datafile/db01_data.335.1077791073
backing up blocks 1 through 2621440
channel ch2: starting piece 1 at 06-JUL-25
channel ch4: finished piece 1 at 06-JUL-25
piece handle=3fc90592-511f-4200-aedc-48597064f4c8/RMAN_full_1485648012_DB01_20250706_q53tsq7o_1_1.vab tag=FULL_DB01_06072025_11H00 comment=API Version 2.0,MMS Version 12.3.0.54
channel ch4: backup set complete, elapsed time: 00:11:07
channel ch4: starting compressed incremental level 0 datafile backup set
channel ch4: specifying datafile(s) in backup set
input datafile file number=00077 name=+DG_DB1/db01/datafile/db01_data.335.1077791073
backing up blocks 2621441 through 4194302
channel ch4: starting piece 2 at 06-JUL-25
channel ch1: finished piece 2 at 06-JUL-25
piece handle=3fc90592-511f-4200-aedc-48597064f4c8/RMAN_full_1485648012_DB01_20250706_q73tsqeb_2_1.vab tag=FULL_DB01_06072025_11H00 comment=API Version 2.0,MMS Version 12.3.0.54
channel ch1: backup set complete, elapsed time: 00:06:46
channel ch1: starting compressed incremental level 0 datafile backup set
channel ch1: specifying datafile(s) in backup set
input datafile file number=00078 name=+DG_DB1/db01/datafile/db01_data.336.1077791073
backing up blocks 1 through 2621440
channel ch1: starting piece 1 at 06-JUL-25
channel ch3: finished piece 1 at 06-JUL-25
piece handle=3fc90592-511f-4200-aedc-48597064f4c8/RMAN_full_1485648012_DB01_20250706_q73tsqeb_1_1.vab tag=FULL_DB01_06072025_11H00 comment=API Version 2.0,MMS Version 12.3.0.54
channel ch3: backup set complete, elapsed time: 00:10:56
channel ch3: starting compressed incremental level 0 datafile backup set
channel ch3: specifying datafile(s) in backup set
input datafile file number=00078 name=+DG_DB1/db01/datafile/db01_data.336.1077791073
backing up blocks 2621441 through 4194302
channel ch3: starting piece 2 at 06-JUL-25
channel ch4: finished piece 2 at 06-JUL-25
piece handle=3fc90592-511f-4200-aedc-48597064f4c8/RMAN_full_1485648012_DB01_20250706_q93tsqq8_2_1.vab tag=FULL_DB01_06072025_11H00 comment=API Version 2.0,MMS Version 12.3.0.54
channel ch4: backup set complete, elapsed time: 00:06:45
channel ch4: starting compressed incremental level 0 datafile backup set
channel ch4: specifying datafile(s) in backup set
input datafile file number=00079 name=+DG_DB1/db01/datafile/db01_data.337.1077791087
backing up blocks 1 through 2621440
channel ch4: starting piece 1 at 06-JUL-25
channel ch2: finished piece 1 at 06-JUL-25
piece handle=3fc90592-511f-4200-aedc-48597064f4c8/RMAN_full_1485648012_DB01_20250706_q93tsqq8_1_1.vab tag=FULL_DB01_06072025_11H00 comment=API Version 2.0,MMS Version 12.3.0.54
channel ch2: backup set complete, elapsed time: 00:11:15
channel ch2: starting compressed incremental level 0 datafile backup set
channel ch2: specifying datafile(s) in backup set
input datafile file number=00079 name=+DG_DB1/db01/datafile/db01_data.337.1077791087
backing up blocks 2621441 through 4194302
channel ch2: starting piece 2 at 06-JUL-25
channel ch3: finished piece 2 at 06-JUL-25
piece handle=3fc90592-511f-4200-aedc-48597064f4c8/RMAN_full_1485648012_DB01_20250706_qb3tsqtc_2_1.vab tag=FULL_DB01_06072025_11H00 comment=API Version 2.0,MMS Version 12.3.0.54
channel ch3: backup set complete, elapsed time: 00:06:48
channel ch3: starting compressed incremental level 0 datafile backup set
channel ch3: specifying datafile(s) in backup set
input datafile file number=00080 name=+DG_DB1/db01/datafile/db01_data.338.1077791101
backing up blocks 1 through 2621440
channel ch3: starting piece 1 at 06-JUL-25
channel ch1: finished piece 1 at 06-JUL-25
piece handle=3fc90592-511f-4200-aedc-48597064f4c8/RMAN_full_1485648012_DB01_20250706_qb3tsqtc_1_1.vab tag=FULL_DB01_06072025_11H00 comment=API Version 2.0,MMS Version 12.3.0.54
channel ch1: backup set complete, elapsed time: 00:11:28
channel ch1: starting compressed incremental level 0 datafile backup set
channel ch1: specifying datafile(s) in backup set
input datafile file number=00080 name=+DG_DB1/db01/datafile/db01_data.338.1077791101
backing up blocks 2621441 through 4194302
channel ch1: starting piece 2 at 06-JUL-25
channel ch2: finished piece 2 at 06-JUL-25
piece handle=3fc90592-511f-4200-aedc-48597064f4c8/RMAN_full_1485648012_DB01_20250706_qd3tsr98_2_1.vab tag=FULL_DB01_06072025_11H00 comment=API Version 2.0,MMS Version 12.3.0.54
channel ch2: backup set complete, elapsed time: 00:06:47
channel ch2: starting compressed incremental level 0 datafile backup set
channel ch2: specifying datafile(s) in backup set
input datafile file number=00084 name=+DG_DB1/db01/datafile/db01_data.342.1081337155
backing up blocks 1 through 2621440
channel ch2: starting piece 1 at 06-JUL-25
channel ch4: finished piece 1 at 06-JUL-25
piece handle=3fc90592-511f-4200-aedc-48597064f4c8/RMAN_full_1485648012_DB01_20250706_qd3tsr98_1_1.vab tag=FULL_DB01_06072025_11H00 comment=API Version 2.0,MMS Version 12.3.0.54
channel ch4: backup set complete, elapsed time: 00:11:29
channel ch4: starting compressed incremental level 0 datafile backup set
channel ch4: specifying datafile(s) in backup set
input datafile file number=00084 name=+DG_DB1/db01/datafile/db01_data.342.1081337155
backing up blocks 2621441 through 4194302
channel ch4: starting piece 2 at 06-JUL-25
channel ch1: finished piece 2 at 06-JUL-25
piece handle=3fc90592-511f-4200-aedc-48597064f4c8/RMAN_full_1485648012_DB01_20250706_qf3tsrfj_2_1.vab tag=FULL_DB01_06072025_11H00 comment=API Version 2.0,MMS Version 12.3.0.54
channel ch1: backup set complete, elapsed time: 00:07:06
channel ch1: starting compressed incremental level 0 datafile backup set
channel ch1: specifying datafile(s) in backup set
input datafile file number=00085 name=+DG_DB1/db01/datafile/db01_data.343.1081343949
backing up blocks 1 through 2621440
channel ch1: starting piece 1 at 06-JUL-25
channel ch3: finished piece 1 at 06-JUL-25
piece handle=3fc90592-511f-4200-aedc-48597064f4c8/RMAN_full_1485648012_DB01_20250706_qf3tsrfj_1_1.vab tag=FULL_DB01_06072025_11H00 comment=API Version 2.0,MMS Version 12.3.0.54
channel ch3: backup set complete, elapsed time: 00:10:56
channel ch3: starting compressed incremental level 0 datafile backup set
channel ch3: specifying datafile(s) in backup set
input datafile file number=00085 name=+DG_DB1/db01/datafile/db01_data.343.1081343949
backing up blocks 2621441 through 4194302
channel ch3: starting piece 2 at 06-JUL-25
channel ch4: finished piece 2 at 06-JUL-25
piece handle=3fc90592-511f-4200-aedc-48597064f4c8/RMAN_full_1485648012_DB01_20250706_qh3tsrs4_2_1.vab tag=FULL_DB01_06072025_11H00 comment=API Version 2.0,MMS Version 12.3.0.54
channel ch4: backup set complete, elapsed time: 00:06:46
channel ch4: starting compressed incremental level 0 datafile backup set
channel ch4: specifying datafile(s) in backup set
input datafile file number=00086 name=+DG_DB1/db01/datafile/db01_data.344.1083341005
backing up blocks 1 through 2621440
channel ch4: starting piece 1 at 06-JUL-25
channel ch3: finished piece 2 at 06-JUL-25
piece handle=3fc90592-511f-4200-aedc-48597064f4c8/RMAN_full_1485648012_DB01_20250706_qj3tss06_2_1.vab tag=FULL_DB01_06072025_11H00 comment=API Version 2.0,MMS Version 12.3.0.54
channel ch3: backup set complete, elapsed time: 00:07:01
channel ch3: starting compressed incremental level 0 datafile backup set
channel ch3: specifying datafile(s) in backup set
input datafile file number=00086 name=+DG_DB1/db01/datafile/db01_data.344.1083341005
backing up blocks 2621441 through 4194302
channel ch3: starting piece 2 at 06-JUL-25
channel ch2: finished piece 1 at 06-JUL-25
piece handle=3fc90592-511f-4200-aedc-48597064f4c8/RMAN_full_1485648012_DB01_20250706_qh3tsrs4_1_1.vab tag=FULL_DB01_06072025_11H00 comment=API Version 2.0,MMS Version 12.3.0.54
channel ch2: backup set complete, elapsed time: 00:11:41
channel ch2: starting compressed incremental level 0 datafile backup set
channel ch2: specifying datafile(s) in backup set
input datafile file number=00087 name=+DG_DB1/db01/datafile/db01_data.345.1083341029
backing up blocks 1 through 2621440
channel ch2: starting piece 1 at 06-JUL-25
channel ch1: finished piece 1 at 06-JUL-25
piece handle=3fc90592-511f-4200-aedc-48597064f4c8/RMAN_full_1485648012_DB01_20250706_qj3tss06_1_1.vab tag=FULL_DB01_06072025_11H00 comment=API Version 2.0,MMS Version 12.3.0.54
channel ch1: backup set complete, elapsed time: 00:11:27
channel ch1: starting compressed incremental level 0 datafile backup set
channel ch1: specifying datafile(s) in backup set
input datafile file number=00087 name=+DG_DB1/db01/datafile/db01_data.345.1083341029
backing up blocks 2621441 through 4194302
channel ch1: starting piece 2 at 06-JUL-25
channel ch3: finished piece 2 at 06-JUL-25
piece handle=3fc90592-511f-4200-aedc-48597064f4c8/RMAN_full_1485648012_DB01_20250706_ql3tssbf_2_1.vab tag=FULL_DB01_06072025_11H00 comment=API Version 2.0,MMS Version 12.3.0.54
channel ch3: backup set complete, elapsed time: 00:06:56
channel ch3: starting compressed incremental level 0 datafile backup set
channel ch3: specifying datafile(s) in backup set
input datafile file number=00088 name=+DG_DB1/db01/datafile/db01_data.346.1083341029
backing up blocks 1 through 2621440
channel ch3: starting piece 1 at 06-JUL-25
channel ch4: finished piece 1 at 06-JUL-25
piece handle=3fc90592-511f-4200-aedc-48597064f4c8/RMAN_full_1485648012_DB01_20250706_ql3tssbf_1_1.vab tag=FULL_DB01_06072025_11H00 comment=API Version 2.0,MMS Version 12.3.0.54
channel ch4: backup set complete, elapsed time: 00:11:36
channel ch4: starting compressed incremental level 0 datafile backup set
channel ch4: specifying datafile(s) in backup set
input datafile file number=00088 name=+DG_DB1/db01/datafile/db01_data.346.1083341029
backing up blocks 2621441 through 4194302
channel ch4: starting piece 2 at 06-JUL-25
channel ch1: finished piece 2 at 06-JUL-25
piece handle=3fc90592-511f-4200-aedc-48597064f4c8/RMAN_full_1485648012_DB01_20250706_qn3tssi1_2_1.vab tag=FULL_DB01_06072025_11H00 comment=API Version 2.0,MMS Version 12.3.0.54
channel ch1: backup set complete, elapsed time: 00:06:25
channel ch1: starting compressed incremental level 0 datafile backup set
channel ch1: specifying datafile(s) in backup set
input datafile file number=00089 name=+DG_DB1/db01/datafile/db01_data.347.1083341047
backing up blocks 1 through 2621440
channel ch1: starting piece 1 at 06-JUL-25
channel ch2: finished piece 1 at 06-JUL-25
piece handle=3fc90592-511f-4200-aedc-48597064f4c8/RMAN_full_1485648012_DB01_20250706_qn3tssi1_1_1.vab tag=FULL_DB01_06072025_11H00 comment=API Version 2.0,MMS Version 12.3.0.54
channel ch2: backup set complete, elapsed time: 00:11:57
channel ch2: starting compressed incremental level 0 datafile backup set
channel ch2: specifying datafile(s) in backup set
input datafile file number=00089 name=+DG_DB1/db01/datafile/db01_data.347.1083341047
backing up blocks 2621441 through 4194302
channel ch2: starting piece 2 at 06-JUL-25
channel ch4: finished piece 2 at 06-JUL-25
piece handle=3fc90592-511f-4200-aedc-48597064f4c8/RMAN_full_1485648012_DB01_20250706_qp3tssu8_2_1.vab tag=FULL_DB01_06072025_11H00 comment=API Version 2.0,MMS Version 12.3.0.54
channel ch4: backup set complete, elapsed time: 00:06:36
channel ch4: starting compressed incremental level 0 datafile backup set
channel ch4: specifying datafile(s) in backup set
input datafile file number=00090 name=+DG_DB1/db01/datafile/db01_data.348.1083341059
backing up blocks 1 through 2621440
channel ch4: starting piece 1 at 06-JUL-25
channel ch2: finished piece 2 at 06-JUL-25
piece handle=3fc90592-511f-4200-aedc-48597064f4c8/RMAN_full_1485648012_DB01_20250706_qr3tst1m_2_1.vab tag=FULL_DB01_06072025_11H00 comment=API Version 2.0,MMS Version 12.3.0.54
channel ch2: backup set complete, elapsed time: 00:06:51
channel ch2: starting compressed incremental level 0 datafile backup set
channel ch2: specifying datafile(s) in backup set
input datafile file number=00090 name=+DG_DB1/db01/datafile/db01_data.348.1083341059
backing up blocks 2621441 through 4194302
channel ch2: starting piece 2 at 06-JUL-25
channel ch3: finished piece 1 at 06-JUL-25
piece handle=3fc90592-511f-4200-aedc-48597064f4c8/RMAN_full_1485648012_DB01_20250706_qp3tssu8_1_1.vab tag=FULL_DB01_06072025_11H00 comment=API Version 2.0,MMS Version 12.3.0.54
channel ch3: backup set complete, elapsed time: 00:12:17
channel ch3: starting compressed incremental level 0 datafile backup set
channel ch3: specifying datafile(s) in backup set
input datafile file number=00003 name=+DG_DB1/db01/datafile/db01_data.291.1050075461
backing up blocks 1 through 2621440
channel ch3: starting piece 1 at 06-JUL-25
channel ch1: finished piece 1 at 06-JUL-25
piece handle=3fc90592-511f-4200-aedc-48597064f4c8/RMAN_full_1485648012_DB01_20250706_qr3tst1m_1_1.vab tag=FULL_DB01_06072025_11H00 comment=API Version 2.0,MMS Version 12.3.0.54
channel ch1: backup set complete, elapsed time: 00:11:22
channel ch1: starting compressed incremental level 0 datafile backup set
channel ch1: specifying datafile(s) in backup set
input datafile file number=00003 name=+DG_DB1/db01/datafile/db01_data.291.1050075461
backing up blocks 2621441 through 4194176
channel ch1: starting piece 2 at 06-JUL-25
channel ch2: finished piece 2 at 06-JUL-25
piece handle=3fc90592-511f-4200-aedc-48597064f4c8/RMAN_full_1485648012_DB01_20250706_qt3tstdj_2_1.vab tag=FULL_DB01_06072025_11H00 comment=API Version 2.0,MMS Version 12.3.0.54
channel ch2: backup set complete, elapsed time: 00:06:50
channel ch2: starting compressed incremental level 0 datafile backup set
channel ch2: specifying datafile(s) in backup set
input datafile file number=00004 name=+DG_DB1/db01/datafile/users.272.1048886151
backing up blocks 1 through 2621440
channel ch2: starting piece 1 at 06-JUL-25
channel ch1: finished piece 2 at 06-JUL-25
piece handle=3fc90592-511f-4200-aedc-48597064f4c8/RMAN_full_1485648012_DB01_20250706_qv3tstl9_2_1.vab tag=FULL_DB01_06072025_11H00 comment=API Version 2.0,MMS Version 12.3.0.54
channel ch1: backup set complete, elapsed time: 00:06:30
channel ch1: starting compressed incremental level 0 datafile backup set
channel ch1: specifying datafile(s) in backup set
input datafile file number=00004 name=+DG_DB1/db01/datafile/users.272.1048886151
backing up blocks 2621441 through 4194176
channel ch1: starting piece 2 at 06-JUL-25
channel ch4: finished piece 1 at 06-JUL-25
piece handle=3fc90592-511f-4200-aedc-48597064f4c8/RMAN_full_1485648012_DB01_20250706_qt3tstdj_1_1.vab tag=FULL_DB01_06072025_11H00 comment=API Version 2.0,MMS Version 12.3.0.54
channel ch4: backup set complete, elapsed time: 00:12:27
channel ch4: starting compressed incremental level 0 datafile backup set
channel ch4: specifying datafile(s) in backup set
input datafile file number=00005 name=+DG_DB1/db01/datafile/db01_data.292.1050075591
backing up blocks 1 through 2621440
channel ch4: starting piece 1 at 06-JUL-25
channel ch3: finished piece 1 at 06-JUL-25
piece handle=3fc90592-511f-4200-aedc-48597064f4c8/RMAN_full_1485648012_DB01_20250706_qv3tstl9_1_1.vab tag=FULL_DB01_06072025_11H00 comment=API Version 2.0,MMS Version 12.3.0.54
channel ch3: backup set complete, elapsed time: 00:11:16
channel ch3: starting compressed incremental level 0 datafile backup set
channel ch3: specifying datafile(s) in backup set
input datafile file number=00005 name=+DG_DB1/db01/datafile/db01_data.292.1050075591
backing up blocks 2621441 through 4194176
channel ch3: starting piece 2 at 06-JUL-25
channel ch1: finished piece 2 at 06-JUL-25
piece handle=3fc90592-511f-4200-aedc-48597064f4c8/RMAN_full_1485648012_DB01_20250706_r13tsu23_2_1.vab tag=FULL_DB01_06072025_11H00 comment=API Version 2.0,MMS Version 12.3.0.54
channel ch1: backup set complete, elapsed time: 00:08:06
channel ch1: starting compressed incremental level 0 datafile backup set
channel ch1: specifying datafile(s) in backup set
input datafile file number=00009 name=+DG_DB1/db01/datafile/db01_data.261.1047471207
backing up blocks 1 through 2621440
channel ch1: starting piece 1 at 06-JUL-25
channel ch3: finished piece 2 at 06-JUL-25
piece handle=3fc90592-511f-4200-aedc-48597064f4c8/RMAN_full_1485648012_DB01_20250706_r33tsu4u_2_1.vab tag=FULL_DB01_06072025_11H00 comment=API Version 2.0,MMS Version 12.3.0.54
channel ch3: backup set complete, elapsed time: 00:07:11
channel ch3: starting compressed incremental level 0 datafile backup set
channel ch3: specifying datafile(s) in backup set
input datafile file number=00009 name=+DG_DB1/db01/datafile/db01_data.261.1047471207
backing up blocks 2621441 through 4194176
channel ch3: starting piece 2 at 06-JUL-25
channel ch4: finished piece 1 at 06-JUL-25
piece handle=3fc90592-511f-4200-aedc-48597064f4c8/RMAN_full_1485648012_DB01_20250706_r33tsu4u_1_1.vab tag=FULL_DB01_06072025_11H00 comment=API Version 2.0,MMS Version 12.3.0.54
channel ch4: backup set complete, elapsed time: 00:11:21
channel ch4: starting compressed incremental level 0 datafile backup set
channel ch4: specifying datafile(s) in backup set
input datafile file number=00013 name=+DG_DB1/db01/datafile/db01_data.264.1047471571
backing up blocks 1 through 2621440
channel ch4: starting piece 1 at 06-JUL-25
channel ch2: finished piece 1 at 06-JUL-25
piece handle=3fc90592-511f-4200-aedc-48597064f4c8/RMAN_full_1485648012_DB01_20250706_r13tsu23_1_1.vab tag=FULL_DB01_06072025_11H00 comment=API Version 2.0,MMS Version 12.3.0.54
channel ch2: backup set complete, elapsed time: 00:19:27
channel ch2: starting compressed incremental level 0 datafile backup set
channel ch2: specifying datafile(s) in backup set
input datafile file number=00013 name=+DG_DB1/db01/datafile/db01_data.264.1047471571
backing up blocks 2621441 through 4194176
channel ch2: starting piece 2 at 06-JUL-25
channel ch1: finished piece 1 at 06-JUL-25
piece handle=3fc90592-511f-4200-aedc-48597064f4c8/RMAN_full_1485648012_DB01_20250706_r53tsuic_1_1.vab tag=FULL_DB01_06072025_11H00 comment=API Version 2.0,MMS Version 12.3.0.54
channel ch1: backup set complete, elapsed time: 00:10:49
channel ch1: starting compressed incremental level 0 datafile backup set
channel ch1: specifying datafile(s) in backup set
input datafile file number=00014 name=+DG_DB1/db01/datafile/db01_data.265.1047471837
backing up blocks 1 through 2621440
channel ch1: starting piece 1 at 06-JUL-25
channel ch3: finished piece 2 at 06-JUL-25
piece handle=3fc90592-511f-4200-aedc-48597064f4c8/RMAN_full_1485648012_DB01_20250706_r53tsuic_2_1.vab tag=FULL_DB01_06072025_11H00 comment=API Version 2.0,MMS Version 12.3.0.54
channel ch3: backup set complete, elapsed time: 00:08:09
channel ch3: starting compressed incremental level 0 datafile backup set
channel ch3: specifying datafile(s) in backup set
input datafile file number=00014 name=+DG_DB1/db01/datafile/db01_data.265.1047471837
backing up blocks 2621441 through 4194176
channel ch3: starting piece 2 at 06-JUL-25
channel ch2: finished piece 2 at 06-JUL-25
piece handle=3fc90592-511f-4200-aedc-48597064f4c8/RMAN_full_1485648012_DB01_20250706_r73tsuq7_2_1.vab tag=FULL_DB01_06072025_11H00 comment=API Version 2.0,MMS Version 12.3.0.54
channel ch2: backup set complete, elapsed time: 00:07:44
channel ch2: starting compressed incremental level 0 datafile backup set
channel ch2: specifying datafile(s) in backup set
input datafile file number=00015 name=+DG_DB1/db01/datafile/db01_data.266.1047471885
backing up blocks 1 through 2621440
channel ch2: starting piece 1 at 06-JUL-25
channel ch3: finished piece 2 at 06-JUL-25
piece handle=3fc90592-511f-4200-aedc-48597064f4c8/RMAN_full_1485648012_DB01_20250706_r93tsv6l_2_1.vab tag=FULL_DB01_06072025_11H00 comment=API Version 2.0,MMS Version 12.3.0.54
channel ch3: backup set complete, elapsed time: 00:07:25
channel ch3: starting compressed incremental level 0 datafile backup set
channel ch3: specifying datafile(s) in backup set
input datafile file number=00015 name=+DG_DB1/db01/datafile/db01_data.266.1047471885
backing up blocks 2621441 through 4194176
channel ch3: starting piece 2 at 06-JUL-25
channel ch4: finished piece 1 at 06-JUL-25
piece handle=3fc90592-511f-4200-aedc-48597064f4c8/RMAN_full_1485648012_DB01_20250706_r73tsuq7_1_1.vab tag=FULL_DB01_06072025_11H00 comment=API Version 2.0,MMS Version 12.3.0.54
channel ch4: backup set complete, elapsed time: 00:15:54
channel ch4: starting compressed incremental level 0 datafile backup set
channel ch4: specifying datafile(s) in backup set
input datafile file number=00016 name=+DG_DB1/db01/datafile/db01_data.267.1047471943
backing up blocks 1 through 2621440
channel ch4: starting piece 1 at 06-JUL-25
channel ch1: finished piece 1 at 06-JUL-25
piece handle=3fc90592-511f-4200-aedc-48597064f4c8/RMAN_full_1485648012_DB01_20250706_r93tsv6l_1_1.vab tag=FULL_DB01_06072025_11H00 comment=API Version 2.0,MMS Version 12.3.0.54
channel ch1: backup set complete, elapsed time: 00:15:01
channel ch1: starting compressed incremental level 0 datafile backup set
channel ch1: specifying datafile(s) in backup set
input datafile file number=00016 name=+DG_DB1/db01/datafile/db01_data.267.1047471943
backing up blocks 2621441 through 4194176
channel ch1: starting piece 2 at 06-JUL-25
channel ch3: finished piece 2 at 06-JUL-25
piece handle=3fc90592-511f-4200-aedc-48597064f4c8/RMAN_full_1485648012_DB01_20250706_rb3tsvl2_2_1.vab tag=FULL_DB01_06072025_11H00 comment=API Version 2.0,MMS Version 12.3.0.54
channel ch3: backup set complete, elapsed time: 00:10:36
channel ch3: starting compressed incremental level 0 datafile backup set
channel ch3: specifying datafile(s) in backup set
input datafile file number=00019 name=+DG_DB1/db01/datafile/db01_data.269.1047472493
backing up blocks 1 through 2621440
channel ch3: starting piece 1 at 06-JUL-25
channel ch1: finished piece 2 at 06-JUL-25
piece handle=3fc90592-511f-4200-aedc-48597064f4c8/RMAN_full_1485648012_DB01_20250706_rd3tsvo1_2_1.vab tag=FULL_DB01_06072025_11H00 comment=API Version 2.0,MMS Version 12.3.0.54
channel ch1: backup set complete, elapsed time: 00:07:20
channel ch1: starting compressed incremental level 0 datafile backup set
channel ch1: specifying datafile(s) in backup set
input datafile file number=00019 name=+DG_DB1/db01/datafile/db01_data.269.1047472493
backing up blocks 2621441 through 4194176
channel ch1: starting piece 2 at 06-JUL-25
channel ch4: finished piece 1 at 06-JUL-25
piece handle=3fc90592-511f-4200-aedc-48597064f4c8/RMAN_full_1485648012_DB01_20250706_rd3tsvo1_1_1.vab tag=FULL_DB01_06072025_11H00 comment=API Version 2.0,MMS Version 12.3.0.54
channel ch4: backup set complete, elapsed time: 00:14:42
channel ch4: starting compressed incremental level 0 datafile backup set
channel ch4: specifying datafile(s) in backup set
input datafile file number=00020 name=+DG_DB1/db01/datafile/db01_data.270.1047472551
backing up blocks 1 through 2621440
channel ch4: starting piece 1 at 06-JUL-25
channel ch2: finished piece 1 at 06-JUL-25
piece handle=3fc90592-511f-4200-aedc-48597064f4c8/RMAN_full_1485648012_DB01_20250706_rb3tsvl2_1_1.vab tag=FULL_DB01_06072025_11H00 comment=API Version 2.0,MMS Version 12.3.0.54
channel ch2: backup set complete, elapsed time: 00:17:52
channel ch2: starting compressed incremental level 0 datafile backup set
channel ch2: specifying datafile(s) in backup set
input datafile file number=00020 name=+DG_DB1/db01/datafile/db01_data.270.1047472551
backing up blocks 2621441 through 4194176
channel ch2: starting piece 2 at 06-JUL-25
channel ch1: finished piece 2 at 06-JUL-25
piece handle=3fc90592-511f-4200-aedc-48597064f4c8/RMAN_full_1485648012_DB01_20250706_rf3tt08u_2_1.vab tag=FULL_DB01_06072025_11H00 comment=API Version 2.0,MMS Version 12.3.0.54
channel ch1: backup set complete, elapsed time: 00:06:55
channel ch1: starting compressed incremental level 0 datafile backup set
channel ch1: specifying datafile(s) in backup set
input datafile file number=00021 name=+DG_DB1/db01/datafile/db01_data.271.1047472877
backing up blocks 1 through 2621440
channel ch1: starting piece 1 at 06-JUL-25
channel ch3: finished piece 1 at 06-JUL-25
piece handle=3fc90592-511f-4200-aedc-48597064f4c8/RMAN_full_1485648012_DB01_20250706_rf3tt08u_1_1.vab tag=FULL_DB01_06072025_11H00 comment=API Version 2.0,MMS Version 12.3.0.54
channel ch3: backup set complete, elapsed time: 00:12:06
channel ch3: starting compressed incremental level 0 datafile backup set
channel ch3: specifying datafile(s) in backup set
input datafile file number=00021 name=+DG_DB1/db01/datafile/db01_data.271.1047472877
backing up blocks 2621441 through 4194176
channel ch3: starting piece 2 at 06-JUL-25
channel ch2: finished piece 2 at 06-JUL-25
piece handle=3fc90592-511f-4200-aedc-48597064f4c8/RMAN_full_1485648012_DB01_20250706_rh3tt0jj_2_1.vab tag=FULL_DB01_06072025_11H00 comment=API Version 2.0,MMS Version 12.3.0.54
channel ch2: backup set complete, elapsed time: 00:07:26
channel ch2: starting compressed incremental level 0 datafile backup set
channel ch2: specifying datafile(s) in backup set
input datafile file number=00023 name=+DG_DB1/db01/datafile/db01_data.276.1048886679
backing up blocks 1 through 2621440
channel ch2: starting piece 1 at 06-JUL-25
channel ch4: finished piece 1 at 06-JUL-25
piece handle=3fc90592-511f-4200-aedc-48597064f4c8/RMAN_full_1485648012_DB01_20250706_rh3tt0jj_1_1.vab tag=FULL_DB01_06072025_11H00 comment=API Version 2.0,MMS Version 12.3.0.54
channel ch4: backup set complete, elapsed time: 00:11:56
channel ch4: starting compressed incremental level 0 datafile backup set
channel ch4: specifying datafile(s) in backup set
input datafile file number=00023 name=+DG_DB1/db01/datafile/db01_data.276.1048886679
backing up blocks 2621441 through 4194176
channel ch4: starting piece 2 at 06-JUL-25
channel ch3: finished piece 2 at 06-JUL-25
piece handle=3fc90592-511f-4200-aedc-48597064f4c8/RMAN_full_1485648012_DB01_20250706_rj3tt0tj_2_1.vab tag=FULL_DB01_06072025_11H00 comment=API Version 2.0,MMS Version 12.3.0.54
channel ch3: backup set complete, elapsed time: 00:07:05
channel ch3: starting compressed incremental level 0 datafile backup set
channel ch3: specifying datafile(s) in backup set
input datafile file number=00024 name=+DG_DB1/db01/datafile/db01_data.277.1048886717
backing up blocks 1 through 2621440
channel ch3: starting piece 1 at 06-JUL-25
channel ch1: finished piece 1 at 06-JUL-25
piece handle=3fc90592-511f-4200-aedc-48597064f4c8/RMAN_full_1485648012_DB01_20250706_rj3tt0tj_1_1.vab tag=FULL_DB01_06072025_11H00 comment=API Version 2.0,MMS Version 12.3.0.54
channel ch1: backup set complete, elapsed time: 00:11:47
channel ch1: starting compressed incremental level 0 datafile backup set
channel ch1: specifying datafile(s) in backup set
input datafile file number=00024 name=+DG_DB1/db01/datafile/db01_data.277.1048886717
backing up blocks 2621441 through 4194176
channel ch1: starting piece 2 at 06-JUL-25
channel ch4: finished piece 2 at 06-JUL-25
piece handle=3fc90592-511f-4200-aedc-48597064f4c8/RMAN_full_1485648012_DB01_20250706_rl3tt14g_2_1.vab tag=FULL_DB01_06072025_11H00 comment=API Version 2.0,MMS Version 12.3.0.54
channel ch4: backup set complete, elapsed time: 00:07:06
channel ch4: starting compressed incremental level 0 datafile backup set
channel ch4: specifying datafile(s) in backup set
input datafile file number=00025 name=+DG_DB1/db01/datafile/db01_data.278.1048886963
backing up blocks 1 through 2621440
channel ch4: starting piece 1 at 06-JUL-25
channel ch2: finished piece 1 at 06-JUL-25
piece handle=3fc90592-511f-4200-aedc-48597064f4c8/RMAN_full_1485648012_DB01_20250706_rl3tt14g_1_1.vab tag=FULL_DB01_06072025_11H00 comment=API Version 2.0,MMS Version 12.3.0.54
channel ch2: backup set complete, elapsed time: 00:11:46
channel ch2: starting compressed incremental level 0 datafile backup set
channel ch2: specifying datafile(s) in backup set
input datafile file number=00025 name=+DG_DB1/db01/datafile/db01_data.278.1048886963
backing up blocks 2621441 through 4194176
channel ch2: starting piece 2 at 06-JUL-25
channel ch1: finished piece 2 at 06-JUL-25
piece handle=3fc90592-511f-4200-aedc-48597064f4c8/RMAN_full_1485648012_DB01_20250706_rn3tt1cu_2_1.vab tag=FULL_DB01_06072025_11H00 comment=API Version 2.0,MMS Version 12.3.0.54
channel ch1: backup set complete, elapsed time: 00:06:26
channel ch1: starting compressed incremental level 0 datafile backup set
channel ch1: specifying datafile(s) in backup set
input datafile file number=00026 name=+DG_DB1/db01/datafile/db01_data.275.1048886491
backing up blocks 1 through 2621440
channel ch1: starting piece 1 at 06-JUL-25
channel ch3: finished piece 1 at 06-JUL-25
piece handle=3fc90592-511f-4200-aedc-48597064f4c8/RMAN_full_1485648012_DB01_20250706_rn3tt1cu_1_1.vab tag=FULL_DB01_06072025_11H00 comment=API Version 2.0,MMS Version 12.3.0.54
channel ch3: backup set complete, elapsed time: 00:12:17
channel ch3: starting compressed incremental level 0 datafile backup set
channel ch3: specifying datafile(s) in backup set
input datafile file number=00026 name=+DG_DB1/db01/datafile/db01_data.275.1048886491
backing up blocks 2621441 through 4194176
channel ch3: starting piece 2 at 06-JUL-25
channel ch2: finished piece 2 at 06-JUL-25
piece handle=3fc90592-511f-4200-aedc-48597064f4c8/RMAN_full_1485648012_DB01_20250706_rp3tt1n9_2_1.vab tag=FULL_DB01_06072025_11H00 comment=API Version 2.0,MMS Version 12.3.0.54
channel ch2: backup set complete, elapsed time: 00:07:36
channel ch2: starting compressed incremental level 0 datafile backup set
channel ch2: specifying datafile(s) in backup set
input datafile file number=00027 name=+DG_DB1/db01/datafile/db01_data.279.1048887001
backing up blocks 1 through 2621440
channel ch2: starting piece 1 at 06-JUL-25
channel ch4: finished piece 1 at 06-JUL-25
piece handle=3fc90592-511f-4200-aedc-48597064f4c8/RMAN_full_1485648012_DB01_20250706_rp3tt1n9_1_1.vab tag=FULL_DB01_06072025_11H00 comment=API Version 2.0,MMS Version 12.3.0.54
channel ch4: backup set complete, elapsed time: 00:11:27
channel ch4: starting compressed incremental level 0 datafile backup set
channel ch4: specifying datafile(s) in backup set
input datafile file number=00027 name=+DG_DB1/db01/datafile/db01_data.279.1048887001
backing up blocks 2621441 through 4194176
channel ch4: starting piece 2 at 06-JUL-25
channel ch3: finished piece 2 at 06-JUL-25
piece handle=3fc90592-511f-4200-aedc-48597064f4c8/RMAN_full_1485648012_DB01_20250706_rr3tt1vo_2_1.vab tag=FULL_DB01_06072025_11H00 comment=API Version 2.0,MMS Version 12.3.0.54
channel ch3: backup set complete, elapsed time: 00:06:56
channel ch3: starting compressed incremental level 0 datafile backup set
channel ch3: specifying datafile(s) in backup set
input datafile file number=00031 name=+DG_DB1/db01/datafile/db01_data.293.1051872401
backing up blocks 1 through 2621440
channel ch3: starting piece 1 at 06-JUL-25
channel ch1: finished piece 1 at 06-JUL-25
piece handle=3fc90592-511f-4200-aedc-48597064f4c8/RMAN_full_1485648012_DB01_20250706_rr3tt1vo_1_1.vab tag=FULL_DB01_06072025_11H00 comment=API Version 2.0,MMS Version 12.3.0.54
channel ch1: backup set complete, elapsed time: 00:11:16
channel ch1: starting compressed incremental level 0 datafile backup set
channel ch1: specifying datafile(s) in backup set
input datafile file number=00031 name=+DG_DB1/db01/datafile/db01_data.293.1051872401
backing up blocks 2621441 through 4194176
channel ch1: starting piece 2 at 06-JUL-25
channel ch4: finished piece 2 at 06-JUL-25
piece handle=3fc90592-511f-4200-aedc-48597064f4c8/RMAN_full_1485648012_DB01_20250706_rt3tt28r_2_1.vab tag=FULL_DB01_06072025_11H00 comment=API Version 2.0,MMS Version 12.3.0.54
channel ch4: backup set complete, elapsed time: 00:06:46
channel ch4: starting compressed incremental level 0 datafile backup set
channel ch4: specifying datafile(s) in backup set
input datafile file number=00032 name=+DG_DB1/db01/datafile/db01_data.294.1052381345
backing up blocks 1 through 2621440
channel ch4: starting piece 1 at 06-JUL-25
channel ch2: finished piece 1 at 06-JUL-25
piece handle=3fc90592-511f-4200-aedc-48597064f4c8/RMAN_full_1485648012_DB01_20250706_rt3tt28r_1_1.vab tag=FULL_DB01_06072025_11H00 comment=API Version 2.0,MMS Version 12.3.0.54
channel ch2: backup set complete, elapsed time: 00:11:36
channel ch2: starting compressed incremental level 0 datafile backup set
channel ch2: specifying datafile(s) in backup set
input datafile file number=00032 name=+DG_DB1/db01/datafile/db01_data.294.1052381345
backing up blocks 2621441 through 4194176
channel ch2: starting piece 2 at 06-JUL-25
channel ch1: finished piece 2 at 06-JUL-25
piece handle=3fc90592-511f-4200-aedc-48597064f4c8/RMAN_full_1485648012_DB01_20250706_rv3tt2gv_2_1.vab tag=FULL_DB01_06072025_11H00 comment=API Version 2.0,MMS Version 12.3.0.54
channel ch1: backup set complete, elapsed time: 00:06:46
channel ch1: starting compressed incremental level 0 datafile backup set
channel ch1: specifying datafile(s) in backup set
input datafile file number=00033 name=+DG_DB1/db01/datafile/db01_data.295.1052381387
backing up blocks 1 through 2621440
channel ch1: starting piece 1 at 06-JUL-25
channel ch3: finished piece 1 at 06-JUL-25
piece handle=3fc90592-511f-4200-aedc-48597064f4c8/RMAN_full_1485648012_DB01_20250706_rv3tt2gv_1_1.vab tag=FULL_DB01_06072025_11H00 comment=API Version 2.0,MMS Version 12.3.0.54
channel ch3: backup set complete, elapsed time: 00:11:56
channel ch3: starting compressed incremental level 0 datafile backup set
channel ch3: specifying datafile(s) in backup set
input datafile file number=00033 name=+DG_DB1/db01/datafile/db01_data.295.1052381387
backing up blocks 2621441 through 4194176
channel ch3: starting piece 2 at 06-JUL-25
channel ch2: finished piece 2 at 06-JUL-25
piece handle=3fc90592-511f-4200-aedc-48597064f4c8/RMAN_full_1485648012_DB01_20250706_s13tt2pe_2_1.vab tag=FULL_DB01_06072025_11H00 comment=API Version 2.0,MMS Version 12.3.0.54
channel ch2: backup set complete, elapsed time: 00:07:06
channel ch2: starting compressed incremental level 0 datafile backup set
channel ch2: specifying datafile(s) in backup set
input datafile file number=00034 name=+DG_DB1/db01/datafile/db01_data.296.1052381811
backing up blocks 1 through 2621440
channel ch2: starting piece 1 at 06-JUL-25
channel ch4: finished piece 1 at 06-JUL-25
piece handle=3fc90592-511f-4200-aedc-48597064f4c8/RMAN_full_1485648012_DB01_20250706_s13tt2pe_1_1.vab tag=FULL_DB01_06072025_11H00 comment=API Version 2.0,MMS Version 12.3.0.54
channel ch4: backup set complete, elapsed time: 00:10:56
channel ch4: starting compressed incremental level 0 datafile backup set
channel ch4: specifying datafile(s) in backup set
input datafile file number=00034 name=+DG_DB1/db01/datafile/db01_data.296.1052381811
backing up blocks 2621441 through 4194176
channel ch4: starting piece 2 at 06-JUL-25
channel ch3: finished piece 2 at 06-JUL-25
piece handle=3fc90592-511f-4200-aedc-48597064f4c8/RMAN_full_1485648012_DB01_20250706_s33tt31i_2_1.vab tag=FULL_DB01_06072025_11H00 comment=API Version 2.0,MMS Version 12.3.0.54
channel ch3: backup set complete, elapsed time: 00:06:46
channel ch3: starting compressed incremental level 0 datafile backup set
channel ch3: specifying datafile(s) in backup set
input datafile file number=00035 name=+DG_DB1/db01/datafile/db01_data.297.1053592799
backing up blocks 1 through 2621440
channel ch3: starting piece 1 at 06-JUL-25
channel ch1: finished piece 1 at 06-JUL-25
piece handle=3fc90592-511f-4200-aedc-48597064f4c8/RMAN_full_1485648012_DB01_20250706_s33tt31i_1_1.vab tag=FULL_DB01_06072025_11H00 comment=API Version 2.0,MMS Version 12.3.0.54
channel ch1: backup set complete, elapsed time: 00:11:16
channel ch1: starting compressed incremental level 0 datafile backup set
channel ch1: specifying datafile(s) in backup set
input datafile file number=00035 name=+DG_DB1/db01/datafile/db01_data.297.1053592799
backing up blocks 2621441 through 4194176
channel ch1: starting piece 2 at 06-JUL-25
channel ch4: finished piece 2 at 06-JUL-25
piece handle=3fc90592-511f-4200-aedc-48597064f4c8/RMAN_full_1485648012_DB01_20250706_s53tt3bt_2_1.vab tag=FULL_DB01_06072025_11H00 comment=API Version 2.0,MMS Version 12.3.0.54
channel ch4: backup set complete, elapsed time: 00:07:16
channel ch4: starting compressed incremental level 0 datafile backup set
channel ch4: specifying datafile(s) in backup set
input datafile file number=00036 name=+DG_DB1/db01/datafile/db01_data.298.1053686237
backing up blocks 1 through 2621440
channel ch4: starting piece 1 at 06-JUL-25
channel ch2: finished piece 1 at 06-JUL-25
piece handle=3fc90592-511f-4200-aedc-48597064f4c8/RMAN_full_1485648012_DB01_20250706_s53tt3bt_1_1.vab tag=FULL_DB01_06072025_11H00 comment=API Version 2.0,MMS Version 12.3.0.54
channel ch2: backup set complete, elapsed time: 00:11:56
channel ch2: starting compressed incremental level 0 datafile backup set
channel ch2: specifying datafile(s) in backup set
input datafile file number=00036 name=+DG_DB1/db01/datafile/db01_data.298.1053686237
backing up blocks 2621441 through 4194176
channel ch2: starting piece 2 at 06-JUL-25
channel ch1: finished piece 2 at 06-JUL-25
piece handle=3fc90592-511f-4200-aedc-48597064f4c8/RMAN_full_1485648012_DB01_20250706_s73tt3k1_2_1.vab tag=FULL_DB01_06072025_11H00 comment=API Version 2.0,MMS Version 12.3.0.54
channel ch1: backup set complete, elapsed time: 00:06:55
channel ch1: starting compressed incremental level 0 datafile backup set
channel ch1: specifying datafile(s) in backup set
input datafile file number=00037 name=+DG_DB1/db01/datafile/db01_data.299.1053686419
backing up blocks 1 through 2621440
channel ch1: starting piece 1 at 06-JUL-25
channel ch3: finished piece 1 at 06-JUL-25
piece handle=3fc90592-511f-4200-aedc-48597064f4c8/RMAN_full_1485648012_DB01_20250706_s73tt3k1_1_1.vab tag=FULL_DB01_06072025_11H00 comment=API Version 2.0,MMS Version 12.3.0.54
channel ch3: backup set complete, elapsed time: 00:11:57
channel ch3: starting compressed incremental level 0 datafile backup set
channel ch3: specifying datafile(s) in backup set
input datafile file number=00037 name=+DG_DB1/db01/datafile/db01_data.299.1053686419
backing up blocks 2621441 through 4194176
channel ch3: starting piece 2 at 06-JUL-25
channel ch2: finished piece 2 at 06-JUL-25
piece handle=3fc90592-511f-4200-aedc-48597064f4c8/RMAN_full_1485648012_DB01_20250706_s93tt3ri_2_1.vab tag=FULL_DB01_06072025_11H00 comment=API Version 2.0,MMS Version 12.3.0.54
channel ch2: backup set complete, elapsed time: 00:07:06
channel ch2: starting compressed incremental level 0 datafile backup set
channel ch2: specifying datafile(s) in backup set
input datafile file number=00038 name=+DG_DB1/db01/datafile/db01_data.300.1054887229
backing up blocks 1 through 2621440
channel ch2: starting piece 1 at 06-JUL-25
channel ch4: finished piece 1 at 06-JUL-25
piece handle=3fc90592-511f-4200-aedc-48597064f4c8/RMAN_full_1485648012_DB01_20250706_s93tt3ri_1_1.vab tag=FULL_DB01_06072025_11H00 comment=API Version 2.0,MMS Version 12.3.0.54
channel ch4: backup set complete, elapsed time: 00:10:56
channel ch4: starting compressed incremental level 0 datafile backup set
channel ch4: specifying datafile(s) in backup set
input datafile file number=00038 name=+DG_DB1/db01/datafile/db01_data.300.1054887229
backing up blocks 2621441 through 4194176
channel ch4: starting piece 2 at 06-JUL-25
channel ch3: finished piece 2 at 06-JUL-25
piece handle=3fc90592-511f-4200-aedc-48597064f4c8/RMAN_full_1485648012_DB01_20250706_sb3tt43m_2_1.vab tag=FULL_DB01_06072025_11H00 comment=API Version 2.0,MMS Version 12.3.0.54
channel ch3: backup set complete, elapsed time: 00:07:16
channel ch3: starting compressed incremental level 0 datafile backup set
channel ch3: specifying datafile(s) in backup set
input datafile file number=00039 name=+DG_DB1/db01/datafile/db01_data.301.1055165915
backing up blocks 1 through 2621440
channel ch3: starting piece 1 at 06-JUL-25
channel ch1: finished piece 1 at 06-JUL-25
piece handle=3fc90592-511f-4200-aedc-48597064f4c8/RMAN_full_1485648012_DB01_20250706_sb3tt43m_1_1.vab tag=FULL_DB01_06072025_11H00 comment=API Version 2.0,MMS Version 12.3.0.54
channel ch1: backup set complete, elapsed time: 00:11:26
channel ch1: starting compressed incremental level 0 datafile backup set
channel ch1: specifying datafile(s) in backup set
input datafile file number=00039 name=+DG_DB1/db01/datafile/db01_data.301.1055165915
backing up blocks 2621441 through 4194176
channel ch1: starting piece 2 at 06-JUL-25
channel ch4: finished piece 2 at 06-JUL-25
piece handle=3fc90592-511f-4200-aedc-48597064f4c8/RMAN_full_1485648012_DB01_20250706_sd3tt4fj_2_1.vab tag=FULL_DB01_06072025_11H00 comment=API Version 2.0,MMS Version 12.3.0.54
channel ch4: backup set complete, elapsed time: 00:06:57
channel ch4: starting compressed incremental level 0 datafile backup set
channel ch4: specifying datafile(s) in backup set
input datafile file number=00040 name=+DG_DB1/db01/datafile/db01_data.302.1055165947
backing up blocks 1 through 2621440
channel ch4: starting piece 1 at 06-JUL-25
channel ch2: finished piece 1 at 06-JUL-25
piece handle=3fc90592-511f-4200-aedc-48597064f4c8/RMAN_full_1485648012_DB01_20250706_sd3tt4fj_1_1.vab tag=FULL_DB01_06072025_11H00 comment=API Version 2.0,MMS Version 12.3.0.54
channel ch2: backup set complete, elapsed time: 00:11:47
channel ch2: starting compressed incremental level 0 datafile backup set
channel ch2: specifying datafile(s) in backup set
input datafile file number=00040 name=+DG_DB1/db01/datafile/db01_data.302.1055165947
backing up blocks 2621441 through 4194176
channel ch2: starting piece 2 at 06-JUL-25
channel ch1: finished piece 2 at 06-JUL-25
piece handle=3fc90592-511f-4200-aedc-48597064f4c8/RMAN_full_1485648012_DB01_20250706_sf3tt4o2_2_1.vab tag=FULL_DB01_06072025_11H00 comment=API Version 2.0,MMS Version 12.3.0.54
channel ch1: backup set complete, elapsed time: 00:06:56
channel ch1: starting compressed incremental level 0 datafile backup set
channel ch1: specifying datafile(s) in backup set
input datafile file number=00041 name=+DG_DB1/db01/datafile/db01_data.303.1055165985
backing up blocks 1 through 2621440
channel ch1: starting piece 1 at 06-JUL-25
channel ch3: finished piece 1 at 06-JUL-25
piece handle=3fc90592-511f-4200-aedc-48597064f4c8/RMAN_full_1485648012_DB01_20250706_sf3tt4o2_1_1.vab tag=FULL_DB01_06072025_11H00 comment=API Version 2.0,MMS Version 12.3.0.54
channel ch3: backup set complete, elapsed time: 00:11:36
channel ch3: starting compressed incremental level 0 datafile backup set
channel ch3: specifying datafile(s) in backup set
input datafile file number=00041 name=+DG_DB1/db01/datafile/db01_data.303.1055165985
backing up blocks 2621441 through 4194176
channel ch3: starting piece 2 at 06-JUL-25
channel ch4: finished piece 1 at 06-JUL-25
piece handle=3fc90592-511f-4200-aedc-48597064f4c8/RMAN_full_1485648012_DB01_20250706_sh3tt4t3_1_1.vab tag=FULL_DB01_06072025_11H00 comment=API Version 2.0,MMS Version 12.3.0.54
channel ch4: backup set complete, elapsed time: 00:11:41
channel ch4: starting compressed incremental level 0 datafile backup set
channel ch4: specifying datafile(s) in backup set
input datafile file number=00042 name=+DG_DB1/db01/datafile/db01_data.304.1056791505
backing up blocks 1 through 2621440
channel ch4: starting piece 1 at 06-JUL-25
channel ch2: finished piece 2 at 06-JUL-25
piece handle=3fc90592-511f-4200-aedc-48597064f4c8/RMAN_full_1485648012_DB01_20250706_sh3tt4t3_2_1.vab tag=FULL_DB01_06072025_11H00 comment=API Version 2.0,MMS Version 12.3.0.54
channel ch2: backup set complete, elapsed time: 00:07:21
channel ch2: starting compressed incremental level 0 datafile backup set
channel ch2: specifying datafile(s) in backup set
input datafile file number=00042 name=+DG_DB1/db01/datafile/db01_data.304.1056791505
backing up blocks 2621441 through 4194176
channel ch2: starting piece 2 at 06-JUL-25
channel ch3: finished piece 2 at 06-JUL-25
piece handle=3fc90592-511f-4200-aedc-48597064f4c8/RMAN_full_1485648012_DB01_20250706_sj3tt565_2_1.vab tag=FULL_DB01_06072025_11H00 comment=API Version 2.0,MMS Version 12.3.0.54
channel ch3: backup set complete, elapsed time: 00:06:55
channel ch3: starting compressed incremental level 0 datafile backup set
channel ch3: specifying datafile(s) in backup set
input datafile file number=00043 name=+DG_DB1/db01/datafile/db01_data.305.1056791593
backing up blocks 1 through 2621440
channel ch3: starting piece 1 at 06-JUL-25
channel ch1: finished piece 1 at 06-JUL-25
piece handle=3fc90592-511f-4200-aedc-48597064f4c8/RMAN_full_1485648012_DB01_20250706_sj3tt565_1_1.vab tag=FULL_DB01_06072025_11H00 comment=API Version 2.0,MMS Version 12.3.0.54
channel ch1: backup set complete, elapsed time: 00:11:46
channel ch1: starting compressed incremental level 0 datafile backup set
channel ch1: specifying datafile(s) in backup set
input datafile file number=00043 name=+DG_DB1/db01/datafile/db01_data.305.1056791593
backing up blocks 2621441 through 4194176
channel ch1: starting piece 2 at 06-JUL-25
channel ch2: finished piece 2 at 06-JUL-25
piece handle=3fc90592-511f-4200-aedc-48597064f4c8/RMAN_full_1485648012_DB01_20250706_sl3tt5j0_2_1.vab tag=FULL_DB01_06072025_11H00 comment=API Version 2.0,MMS Version 12.3.0.54
channel ch2: backup set complete, elapsed time: 00:06:46
channel ch2: starting compressed incremental level 0 datafile backup set
channel ch2: specifying datafile(s) in backup set
input datafile file number=00044 name=+DG_DB1/db01/datafile/db01_data.306.1058103397
backing up blocks 1 through 2621440
channel ch2: starting piece 1 at 06-JUL-25
channel ch1: finished piece 2 at 06-JUL-25
piece handle=3fc90592-511f-4200-aedc-48597064f4c8/RMAN_full_1485648012_DB01_20250706_sn3tt5qq_2_1.vab tag=FULL_DB01_06072025_11H00 comment=API Version 2.0,MMS Version 12.3.0.54
channel ch1: backup set complete, elapsed time: 00:06:40
channel ch1: starting compressed incremental level 0 datafile backup set
channel ch1: specifying datafile(s) in backup set
input datafile file number=00044 name=+DG_DB1/db01/datafile/db01_data.306.1058103397
backing up blocks 2621441 through 4194176
channel ch1: starting piece 2 at 06-JUL-25
channel ch4: finished piece 1 at 06-JUL-25
piece handle=3fc90592-511f-4200-aedc-48597064f4c8/RMAN_full_1485648012_DB01_20250706_sl3tt5j0_1_1.vab tag=FULL_DB01_06072025_11H00 comment=API Version 2.0,MMS Version 12.3.0.54
channel ch4: backup set complete, elapsed time: 00:11:37
channel ch4: starting compressed incremental level 0 datafile backup set
channel ch4: specifying datafile(s) in backup set
input datafile file number=00059 name=+DG_DB1/db01/datafile/db01_data.321.1068754115
backing up blocks 1 through 2621440
channel ch4: starting piece 1 at 06-JUL-25
channel ch3: finished piece 1 at 06-JUL-25
piece handle=3fc90592-511f-4200-aedc-48597064f4c8/RMAN_full_1485648012_DB01_20250706_sn3tt5qq_1_1.vab tag=FULL_DB01_06072025_11H00 comment=API Version 2.0,MMS Version 12.3.0.54
channel ch3: backup set complete, elapsed time: 00:12:03
channel ch3: starting compressed incremental level 0 datafile backup set
channel ch3: specifying datafile(s) in backup set
input datafile file number=00059 name=+DG_DB1/db01/datafile/db01_data.321.1068754115
backing up blocks 2621441 through 4194176
channel ch3: starting piece 2 at 06-JUL-25
channel ch1: finished piece 2 at 06-JUL-25
piece handle=3fc90592-511f-4200-aedc-48597064f4c8/RMAN_full_1485648012_DB01_20250706_sp3tt605_2_1.vab tag=FULL_DB01_06072025_11H00 comment=API Version 2.0,MMS Version 12.3.0.54
channel ch1: backup set complete, elapsed time: 00:07:22
channel ch1: starting compressed incremental level 0 datafile backup set
channel ch1: specifying datafile(s) in backup set
input datafile file number=00060 name=+DG_DB1/db01/datafile/db01_data.322.1068754359
backing up blocks 1 through 2621440
channel ch1: starting piece 1 at 06-JUL-25
channel ch2: finished piece 1 at 06-JUL-25
piece handle=3fc90592-511f-4200-aedc-48597064f4c8/RMAN_full_1485648012_DB01_20250706_sp3tt605_1_1.vab tag=FULL_DB01_06072025_11H00 comment=API Version 2.0,MMS Version 12.3.0.54
channel ch2: backup set complete, elapsed time: 00:12:12
channel ch2: starting compressed incremental level 0 datafile backup set
channel ch2: specifying datafile(s) in backup set
input datafile file number=00060 name=+DG_DB1/db01/datafile/db01_data.322.1068754359
backing up blocks 2621441 through 4194176
channel ch2: starting piece 2 at 06-JUL-25
channel ch4: finished piece 1 at 06-JUL-25
piece handle=3fc90592-511f-4200-aedc-48597064f4c8/RMAN_full_1485648012_DB01_20250706_sr3tt68p_1_1.vab tag=FULL_DB01_06072025_11H00 comment=API Version 2.0,MMS Version 12.3.0.54
channel ch4: backup set complete, elapsed time: 00:11:02
channel ch4: starting compressed incremental level 0 datafile backup set
channel ch4: specifying datafile(s) in backup set
input datafile file number=00081 name=+DG_DB1/db01/datafile/db01_data.339.1078165795
backing up blocks 1 through 2621440
channel ch4: starting piece 1 at 06-JUL-25
channel ch3: finished piece 2 at 06-JUL-25
piece handle=3fc90592-511f-4200-aedc-48597064f4c8/RMAN_full_1485648012_DB01_20250706_sr3tt68p_2_1.vab tag=FULL_DB01_06072025_11H00 comment=API Version 2.0,MMS Version 12.3.0.54
channel ch3: backup set complete, elapsed time: 00:06:41
channel ch3: starting compressed incremental level 0 datafile backup set
channel ch3: specifying datafile(s) in backup set
input datafile file number=00081 name=+DG_DB1/db01/datafile/db01_data.339.1078165795
backing up blocks 2621441 through 4194176
channel ch3: starting piece 2 at 06-JUL-25
channel ch2: finished piece 2 at 06-JUL-25
piece handle=3fc90592-511f-4200-aedc-48597064f4c8/RMAN_full_1485648012_DB01_20250706_st3tt6mi_2_1.vab tag=FULL_DB01_06072025_11H00 comment=API Version 2.0,MMS Version 12.3.0.54
channel ch2: backup set complete, elapsed time: 00:06:46
channel ch2: starting compressed incremental level 0 datafile backup set
channel ch2: specifying datafile(s) in backup set
input datafile file number=00082 name=+DG_DB1/db01/datafile/db01_data.340.1078165903
backing up blocks 1 through 2621440
channel ch2: starting piece 1 at 06-JUL-25
channel ch3: finished piece 2 at 06-JUL-25
piece handle=3fc90592-511f-4200-aedc-48597064f4c8/RMAN_full_1485648012_DB01_20250706_sv3tt6tf_2_1.vab tag=FULL_DB01_06072025_11H00 comment=API Version 2.0,MMS Version 12.3.0.54
channel ch3: backup set complete, elapsed time: 00:07:21
channel ch3: starting compressed incremental level 0 datafile backup set
channel ch3: specifying datafile(s) in backup set
input datafile file number=00082 name=+DG_DB1/db01/datafile/db01_data.340.1078165903
backing up blocks 2621441 through 4194176
channel ch3: starting piece 2 at 06-JUL-25
channel ch1: finished piece 1 at 06-JUL-25
piece handle=3fc90592-511f-4200-aedc-48597064f4c8/RMAN_full_1485648012_DB01_20250706_st3tt6mi_1_1.vab tag=FULL_DB01_06072025_11H00 comment=API Version 2.0,MMS Version 12.3.0.54
channel ch1: backup set complete, elapsed time: 00:11:18
channel ch1: starting compressed incremental level 0 datafile backup set
channel ch1: specifying datafile(s) in backup set
input datafile file number=00095 name=+DG_DB1/db01/datafile/db01_data.353.1096103597
backing up blocks 1 through 2621440
channel ch1: starting piece 1 at 06-JUL-25
channel ch4: finished piece 1 at 06-JUL-25
piece handle=3fc90592-511f-4200-aedc-48597064f4c8/RMAN_full_1485648012_DB01_20250706_sv3tt6tf_1_1.vab tag=FULL_DB01_06072025_11H00 comment=API Version 2.0,MMS Version 12.3.0.54
channel ch4: backup set complete, elapsed time: 00:11:22
channel ch4: starting compressed incremental level 0 datafile backup set
channel ch4: specifying datafile(s) in backup set
input datafile file number=00095 name=+DG_DB1/db01/datafile/db01_data.353.1096103597
backing up blocks 2621441 through 4194176
channel ch4: starting piece 2 at 06-JUL-25
channel ch3: finished piece 2 at 06-JUL-25
piece handle=3fc90592-511f-4200-aedc-48597064f4c8/RMAN_full_1485648012_DB01_20250706_t13tt73n_2_1.vab tag=FULL_DB01_06072025_11H00 comment=API Version 2.0,MMS Version 12.3.0.54
channel ch3: backup set complete, elapsed time: 00:06:52
channel ch3: starting compressed incremental level 0 datafile backup set
channel ch3: specifying datafile(s) in backup set
input datafile file number=00096 name=+DG_DB1/db01/datafile/db01_data.354.1096281043
backing up blocks 1 through 2621440
channel ch3: starting piece 1 at 06-JUL-25
channel ch2: finished piece 1 at 06-JUL-25
piece handle=3fc90592-511f-4200-aedc-48597064f4c8/RMAN_full_1485648012_DB01_20250706_t13tt73n_1_1.vab tag=FULL_DB01_06072025_11H00 comment=API Version 2.0,MMS Version 12.3.0.54
channel ch2: backup set complete, elapsed time: 00:12:23
channel ch2: starting compressed incremental level 0 datafile backup set
channel ch2: specifying datafile(s) in backup set
input datafile file number=00096 name=+DG_DB1/db01/datafile/db01_data.354.1096281043
backing up blocks 2621441 through 4194176
channel ch2: starting piece 2 at 06-JUL-25
channel ch1: finished piece 1 at 06-JUL-25
piece handle=3fc90592-511f-4200-aedc-48597064f4c8/RMAN_full_1485648012_DB01_20250706_t33tt7bo_1_1.vab tag=FULL_DB01_06072025_11H00 comment=API Version 2.0,MMS Version 12.3.0.54
channel ch1: backup set complete, elapsed time: 00:10:41
channel ch1: starting compressed incremental level 0 datafile backup set
channel ch1: specifying datafile(s) in backup set
input datafile file number=00097 name=+DG_DB1/db01/datafile/db01_data.355.1096711487
backing up blocks 1 through 2621440
channel ch1: starting piece 1 at 06-JUL-25
channel ch4: finished piece 2 at 06-JUL-25
piece handle=3fc90592-511f-4200-aedc-48597064f4c8/RMAN_full_1485648012_DB01_20250706_t33tt7bo_2_1.vab tag=FULL_DB01_06072025_11H00 comment=API Version 2.0,MMS Version 12.3.0.54
channel ch4: backup set complete, elapsed time: 00:06:59
channel ch4: starting compressed incremental level 0 datafile backup set
channel ch4: specifying datafile(s) in backup set
input datafile file number=00097 name=+DG_DB1/db01/datafile/db01_data.355.1096711487
backing up blocks 2621441 through 4194176
channel ch4: starting piece 2 at 06-JUL-25
channel ch2: finished piece 2 at 06-JUL-25
piece handle=3fc90592-511f-4200-aedc-48597064f4c8/RMAN_full_1485648012_DB01_20250706_t53tt7oj_2_1.vab tag=FULL_DB01_06072025_11H00 comment=API Version 2.0,MMS Version 12.3.0.54
channel ch2: backup set complete, elapsed time: 00:07:34
channel ch2: starting compressed incremental level 0 datafile backup set
channel ch2: specifying datafile(s) in backup set
input datafile file number=00098 name=+DG_DB1/db01/datafile/db01_data.356.1098795239
backing up blocks 1 through 2621440
channel ch2: starting piece 1 at 06-JUL-25
channel ch4: finished piece 2 at 06-JUL-25
piece handle=3fc90592-511f-4200-aedc-48597064f4c8/RMAN_full_1485648012_DB01_20250706_t73tt7vp_2_1.vab tag=FULL_DB01_06072025_11H00 comment=API Version 2.0,MMS Version 12.3.0.54
channel ch4: backup set complete, elapsed time: 00:07:21
channel ch4: starting compressed incremental level 0 datafile backup set
channel ch4: specifying datafile(s) in backup set
input datafile file number=00098 name=+DG_DB1/db01/datafile/db01_data.356.1098795239
backing up blocks 2621441 through 4194176
channel ch4: starting piece 2 at 06-JUL-25
channel ch3: finished piece 1 at 06-JUL-25
piece handle=3fc90592-511f-4200-aedc-48597064f4c8/RMAN_full_1485648012_DB01_20250706_t53tt7oj_1_1.vab tag=FULL_DB01_06072025_11H00 comment=API Version 2.0,MMS Version 12.3.0.54
channel ch3: backup set complete, elapsed time: 00:12:09
channel ch3: starting compressed incremental level 0 datafile backup set
channel ch3: specifying datafile(s) in backup set
input datafile file number=00099 name=+DG_DB1/db01/datafile/db01_data.357.1098795267
backing up blocks 1 through 2621440
channel ch3: starting piece 1 at 06-JUL-25
channel ch1: finished piece 1 at 06-JUL-25
piece handle=3fc90592-511f-4200-aedc-48597064f4c8/RMAN_full_1485648012_DB01_20250706_t73tt7vp_1_1.vab tag=FULL_DB01_06072025_11H00 comment=API Version 2.0,MMS Version 12.3.0.54
channel ch1: backup set complete, elapsed time: 00:11:45
channel ch1: starting compressed incremental level 0 datafile backup set
channel ch1: specifying datafile(s) in backup set
input datafile file number=00099 name=+DG_DB1/db01/datafile/db01_data.357.1098795267
backing up blocks 2621441 through 4194176
channel ch1: starting piece 2 at 06-JUL-25
channel ch4: finished piece 2 at 06-JUL-25
piece handle=3fc90592-511f-4200-aedc-48597064f4c8/RMAN_full_1485648012_DB01_20250706_t93tt894_2_1.vab tag=FULL_DB01_06072025_11H00 comment=API Version 2.0,MMS Version 12.3.0.54
channel ch4: backup set complete, elapsed time: 00:06:46
channel ch4: starting compressed incremental level 0 datafile backup set
channel ch4: specifying datafile(s) in backup set
input datafile file number=00100 name=+DG_DB1/db01/datafile/db01_data.358.1098795295
backing up blocks 1 through 2621440
channel ch4: starting piece 1 at 06-JUL-25
channel ch2: finished piece 1 at 06-JUL-25
piece handle=3fc90592-511f-4200-aedc-48597064f4c8/RMAN_full_1485648012_DB01_20250706_t93tt894_1_1.vab tag=FULL_DB01_06072025_11H00 comment=API Version 2.0,MMS Version 12.3.0.54
channel ch2: backup set complete, elapsed time: 00:11:26
channel ch2: starting compressed incremental level 0 datafile backup set
channel ch2: specifying datafile(s) in backup set
input datafile file number=00100 name=+DG_DB1/db01/datafile/db01_data.358.1098795295
backing up blocks 2621441 through 4194176
channel ch2: starting piece 2 at 06-JUL-25
channel ch1: finished piece 2 at 06-JUL-25
piece handle=3fc90592-511f-4200-aedc-48597064f4c8/RMAN_full_1485648012_DB01_20250706_tb3tt8fc_2_1.vab tag=FULL_DB01_06072025_11H00 comment=API Version 2.0,MMS Version 12.3.0.54
channel ch1: backup set complete, elapsed time: 00:06:36
channel ch1: starting compressed incremental level 0 datafile backup set
channel ch1: specifying datafile(s) in backup set
input datafile file number=00101 name=+DG_DB1/db01/datafile/db01_data.359.1099042009
backing up blocks 1 through 2621440
channel ch1: starting piece 1 at 06-JUL-25
channel ch3: finished piece 1 at 06-JUL-25
piece handle=3fc90592-511f-4200-aedc-48597064f4c8/RMAN_full_1485648012_DB01_20250706_tb3tt8fc_1_1.vab tag=FULL_DB01_06072025_11H00 comment=API Version 2.0,MMS Version 12.3.0.54
channel ch3: backup set complete, elapsed time: 00:11:07
channel ch3: starting compressed incremental level 0 datafile backup set
channel ch3: specifying datafile(s) in backup set
input datafile file number=00101 name=+DG_DB1/db01/datafile/db01_data.359.1099042009
backing up blocks 2621441 through 4194176
channel ch3: starting piece 2 at 06-JUL-25
channel ch2: finished piece 2 at 06-JUL-25
piece handle=3fc90592-511f-4200-aedc-48597064f4c8/RMAN_full_1485648012_DB01_20250706_td3tt8qb_2_1.vab tag=FULL_DB01_06072025_11H00 comment=API Version 2.0,MMS Version 12.3.0.54
channel ch2: backup set complete, elapsed time: 00:07:16
channel ch2: starting compressed incremental level 0 datafile backup set
channel ch2: specifying datafile(s) in backup set
input datafile file number=00102 name=+DG_DB1/db01/datafile/db01_data.360.1103101683
backing up blocks 1 through 2621440
channel ch2: starting piece 1 at 06-JUL-25
channel ch4: finished piece 1 at 06-JUL-25
piece handle=3fc90592-511f-4200-aedc-48597064f4c8/RMAN_full_1485648012_DB01_20250706_td3tt8qb_1_1.vab tag=FULL_DB01_06072025_11H00 comment=API Version 2.0,MMS Version 12.3.0.54
channel ch4: backup set complete, elapsed time: 00:10:47
channel ch4: starting compressed incremental level 0 datafile backup set
channel ch4: specifying datafile(s) in backup set
input datafile file number=00102 name=+DG_DB1/db01/datafile/db01_data.360.1103101683
backing up blocks 2621441 through 4194176
channel ch4: starting piece 2 at 06-JUL-25
channel ch3: finished piece 2 at 06-JUL-25
piece handle=3fc90592-511f-4200-aedc-48597064f4c8/RMAN_full_1485648012_DB01_20250706_tf3tt926_2_1.vab tag=FULL_DB01_06072025_11H00 comment=API Version 2.0,MMS Version 12.3.0.54
channel ch3: backup set complete, elapsed time: 00:06:56
channel ch3: starting compressed incremental level 0 datafile backup set
channel ch3: specifying datafile(s) in backup set
input datafile file number=00103 name=+DG_DB1/db01/datafile/db01_data.361.1103101715
backing up blocks 1 through 2621440
channel ch3: starting piece 1 at 06-JUL-25
channel ch1: finished piece 1 at 06-JUL-25
piece handle=3fc90592-511f-4200-aedc-48597064f4c8/RMAN_full_1485648012_DB01_20250706_tf3tt926_1_1.vab tag=FULL_DB01_06072025_11H00 comment=API Version 2.0,MMS Version 12.3.0.54
channel ch1: backup set complete, elapsed time: 00:11:46
channel ch1: starting compressed incremental level 0 datafile backup set
channel ch1: specifying datafile(s) in backup set
input datafile file number=00103 name=+DG_DB1/db01/datafile/db01_data.361.1103101715
backing up blocks 2621441 through 4194176
channel ch1: starting piece 2 at 06-JUL-25
channel ch4: finished piece 2 at 06-JUL-25
piece handle=3fc90592-511f-4200-aedc-48597064f4c8/RMAN_full_1485648012_DB01_20250706_th3tt9c6_2_1.vab tag=FULL_DB01_06072025_11H00 comment=API Version 2.0,MMS Version 12.3.0.54
channel ch4: backup set complete, elapsed time: 00:06:26
channel ch4: starting compressed incremental level 0 datafile backup set
channel ch4: specifying datafile(s) in backup set
input datafile file number=00104 name=+DG_DB1/db01/datafile/db01_data.362.1103106591
backing up blocks 1 through 2621440
channel ch4: starting piece 1 at 06-JUL-25
channel ch2: finished piece 1 at 06-JUL-25
piece handle=3fc90592-511f-4200-aedc-48597064f4c8/RMAN_full_1485648012_DB01_20250706_th3tt9c6_1_1.vab tag=FULL_DB01_06072025_11H00 comment=API Version 2.0,MMS Version 12.3.0.54
channel ch2: backup set complete, elapsed time: 00:12:06
channel ch2: starting compressed incremental level 0 datafile backup set
channel ch2: specifying datafile(s) in backup set
input datafile file number=00104 name=+DG_DB1/db01/datafile/db01_data.362.1103106591
backing up blocks 2621441 through 4194176
channel ch2: starting piece 2 at 06-JUL-25
channel ch1: finished piece 2 at 06-JUL-25
piece handle=3fc90592-511f-4200-aedc-48597064f4c8/RMAN_full_1485648012_DB01_20250706_tj3tt9h7_2_1.vab tag=FULL_DB01_06072025_11H00 comment=API Version 2.0,MMS Version 12.3.0.54
channel ch1: backup set complete, elapsed time: 00:06:36
channel ch1: starting compressed incremental level 0 datafile backup set
channel ch1: specifying datafile(s) in backup set
input datafile file number=00105 name=+DG_DB1/db01/datafile/db01_data.363.1105697225
backing up blocks 1 through 2621440
channel ch1: starting piece 1 at 06-JUL-25
channel ch3: finished piece 1 at 06-JUL-25
piece handle=3fc90592-511f-4200-aedc-48597064f4c8/RMAN_full_1485648012_DB01_20250706_tj3tt9h7_1_1.vab tag=FULL_DB01_06072025_11H00 comment=API Version 2.0,MMS Version 12.3.0.54
channel ch3: backup set complete, elapsed time: 00:11:16
channel ch3: starting compressed incremental level 0 datafile backup set
channel ch3: specifying datafile(s) in backup set
input datafile file number=00105 name=+DG_DB1/db01/datafile/db01_data.363.1105697225
backing up blocks 2621441 through 4194176
channel ch3: starting piece 2 at 06-JUL-25
channel ch4: finished piece 1 at 06-JUL-25
piece handle=3fc90592-511f-4200-aedc-48597064f4c8/RMAN_full_1485648012_DB01_20250706_tl3tt9qk_1_1.vab tag=FULL_DB01_06072025_11H00 comment=API Version 2.0,MMS Version 12.3.0.54
channel ch4: backup set complete, elapsed time: 00:11:20
channel ch4: starting compressed incremental level 0 datafile backup set
channel ch4: specifying datafile(s) in backup set
input datafile file number=00106 name=+DG_DB1/db01/datafile/db01_data.364.1105697259
backing up blocks 1 through 2621440
channel ch4: starting piece 1 at 06-JUL-25
channel ch2: finished piece 2 at 06-JUL-25
piece handle=3fc90592-511f-4200-aedc-48597064f4c8/RMAN_full_1485648012_DB01_20250706_tl3tt9qk_2_1.vab tag=FULL_DB01_06072025_11H00 comment=API Version 2.0,MMS Version 12.3.0.54
channel ch2: backup set complete, elapsed time: 00:07:11
channel ch2: starting compressed incremental level 0 datafile backup set
channel ch2: specifying datafile(s) in backup set
input datafile file number=00106 name=+DG_DB1/db01/datafile/db01_data.364.1105697259
backing up blocks 2621441 through 4194176
channel ch2: starting piece 2 at 06-JUL-25
channel ch3: finished piece 2 at 06-JUL-25
piece handle=3fc90592-511f-4200-aedc-48597064f4c8/RMAN_full_1485648012_DB01_20250706_tn3tta4k_2_1.vab tag=FULL_DB01_06072025_11H00 comment=API Version 2.0,MMS Version 12.3.0.54
channel ch3: backup set complete, elapsed time: 00:06:36
channel ch3: starting compressed incremental level 0 datafile backup set
channel ch3: specifying datafile(s) in backup set
input datafile file number=00107 name=+DG_DB1/db01/datafile/db01_data.365.1111942645
backing up blocks 1 through 2621440
channel ch3: starting piece 1 at 06-JUL-25
channel ch1: finished piece 1 at 06-JUL-25
piece handle=3fc90592-511f-4200-aedc-48597064f4c8/RMAN_full_1485648012_DB01_20250706_tn3tta4k_1_1.vab tag=FULL_DB01_06072025_11H00 comment=API Version 2.0,MMS Version 12.3.0.54
channel ch1: backup set complete, elapsed time: 00:11:06
channel ch1: starting compressed incremental level 0 datafile backup set
channel ch1: specifying datafile(s) in backup set
input datafile file number=00107 name=+DG_DB1/db01/datafile/db01_data.365.1111942645
backing up blocks 2621441 through 4194176
channel ch1: starting piece 2 at 06-JUL-25
channel ch2: finished piece 2 at 06-JUL-25
piece handle=3fc90592-511f-4200-aedc-48597064f4c8/RMAN_full_1485648012_DB01_20250706_tp3ttafs_2_1.vab tag=FULL_DB01_06072025_11H00 comment=API Version 2.0,MMS Version 12.3.0.54
channel ch2: backup set complete, elapsed time: 00:06:35
channel ch2: starting compressed incremental level 0 datafile backup set
channel ch2: specifying datafile(s) in backup set
input datafile file number=00108 name=+DG_DB1/db01/datafile/db01_data.366.1113121819
backing up blocks 1 through 2621440
channel ch2: starting piece 1 at 06-JUL-25
channel ch4: finished piece 1 at 06-JUL-25
piece handle=3fc90592-511f-4200-aedc-48597064f4c8/RMAN_full_1485648012_DB01_20250706_tp3ttafs_1_1.vab tag=FULL_DB01_06072025_11H00 comment=API Version 2.0,MMS Version 12.3.0.54
channel ch4: backup set complete, elapsed time: 00:11:05
channel ch4: starting compressed incremental level 0 datafile backup set
channel ch4: specifying datafile(s) in backup set
input datafile file number=00108 name=+DG_DB1/db01/datafile/db01_data.366.1113121819
backing up blocks 2621441 through 4194176
channel ch4: starting piece 2 at 06-JUL-25
channel ch1: finished piece 2 at 06-JUL-25
piece handle=3fc90592-511f-4200-aedc-48597064f4c8/RMAN_full_1485648012_DB01_20250706_tr3ttain_2_1.vab tag=FULL_DB01_06072025_11H00 comment=API Version 2.0,MMS Version 12.3.0.54
channel ch1: backup set complete, elapsed time: 00:06:26
channel ch1: starting compressed incremental level 0 datafile backup set
channel ch1: specifying datafile(s) in backup set
input datafile file number=00109 name=+DG_DB1/db01/datafile/db01_data.367.1113121877
backing up blocks 1 through 2621440
channel ch1: starting piece 1 at 06-JUL-25
channel ch3: finished piece 1 at 06-JUL-25
piece handle=3fc90592-511f-4200-aedc-48597064f4c8/RMAN_full_1485648012_DB01_20250706_tr3ttain_1_1.vab tag=FULL_DB01_06072025_11H00 comment=API Version 2.0,MMS Version 12.3.0.54
channel ch3: backup set complete, elapsed time: 00:11:26
channel ch3: starting compressed incremental level 0 datafile backup set
channel ch3: specifying datafile(s) in backup set
input datafile file number=00109 name=+DG_DB1/db01/datafile/db01_data.367.1113121877
backing up blocks 2621441 through 4194176
channel ch3: starting piece 2 at 06-JUL-25
channel ch2: finished piece 1 at 06-JUL-25
piece handle=3fc90592-511f-4200-aedc-48597064f4c8/RMAN_full_1485648012_DB01_20250706_tt3ttasn_1_1.vab tag=FULL_DB01_06072025_11H00 comment=API Version 2.0,MMS Version 12.3.0.54
channel ch2: backup set complete, elapsed time: 00:10:41
channel ch2: starting compressed incremental level 0 datafile backup set
channel ch2: specifying datafile(s) in backup set
input datafile file number=00110 name=+DG_DB1/db01/datafile/db01_data.368.1113132771
backing up blocks 1 through 2621440
channel ch2: starting piece 1 at 06-JUL-25
channel ch4: finished piece 2 at 06-JUL-25
piece handle=3fc90592-511f-4200-aedc-48597064f4c8/RMAN_full_1485648012_DB01_20250706_tt3ttasn_2_1.vab tag=FULL_DB01_06072025_11H00 comment=API Version 2.0,MMS Version 12.3.0.54
channel ch4: backup set complete, elapsed time: 00:06:26
channel ch4: starting compressed incremental level 0 datafile backup set
channel ch4: specifying datafile(s) in backup set
input datafile file number=00110 name=+DG_DB1/db01/datafile/db01_data.368.1113132771
backing up blocks 2621441 through 4194176
channel ch4: starting piece 2 at 06-JUL-25
channel ch3: finished piece 2 at 06-JUL-25
piece handle=3fc90592-511f-4200-aedc-48597064f4c8/RMAN_full_1485648012_DB01_20250706_tv3ttb5g_2_1.vab tag=FULL_DB01_06072025_11H00 comment=API Version 2.0,MMS Version 12.3.0.54
channel ch3: backup set complete, elapsed time: 00:08:22
channel ch3: starting compressed incremental level 0 datafile backup set
channel ch3: specifying datafile(s) in backup set
input datafile file number=00111 name=+DG_DB1/db01/datafile/db01_data.369.1113132915
backing up blocks 1 through 2621440
channel ch3: starting piece 1 at 06-JUL-25
channel ch1: finished piece 1 at 06-JUL-25
piece handle=3fc90592-511f-4200-aedc-48597064f4c8/RMAN_full_1485648012_DB01_20250706_tv3ttb5g_1_1.vab tag=FULL_DB01_06072025_11H00 comment=API Version 2.0,MMS Version 12.3.0.54
channel ch1: backup set complete, elapsed time: 00:10:42
channel ch1: starting compressed incremental level 0 datafile backup set
channel ch1: specifying datafile(s) in backup set
input datafile file number=00111 name=+DG_DB1/db01/datafile/db01_data.369.1113132915
backing up blocks 2621441 through 4194176
channel ch1: starting piece 2 at 06-JUL-25
channel ch4: finished piece 2 at 06-JUL-25
piece handle=3fc90592-511f-4200-aedc-48597064f4c8/RMAN_full_1485648012_DB01_20250706_u13ttbgo_2_1.vab tag=FULL_DB01_06072025_11H00 comment=API Version 2.0,MMS Version 12.3.0.54
channel ch4: backup set complete, elapsed time: 00:06:46
channel ch4: starting compressed incremental level 0 datafile backup set
channel ch4: specifying datafile(s) in backup set
input datafile file number=00112 name=+DG_DB1/db01/datafile/db01_data.370.1113135695
backing up blocks 1 through 2621440
channel ch4: starting piece 1 at 06-JUL-25
channel ch1: finished piece 2 at 06-JUL-25
piece handle=3fc90592-511f-4200-aedc-48597064f4c8/RMAN_full_1485648012_DB01_20250706_u33ttbnr_2_1.vab tag=FULL_DB01_06072025_11H00 comment=API Version 2.0,MMS Version 12.3.0.54
channel ch1: backup set complete, elapsed time: 00:06:41
channel ch1: starting compressed incremental level 0 datafile backup set
channel ch1: specifying datafile(s) in backup set
input datafile file number=00112 name=+DG_DB1/db01/datafile/db01_data.370.1113135695
backing up blocks 2621441 through 4194176
channel ch1: starting piece 2 at 06-JUL-25
channel ch2: finished piece 1 at 06-JUL-25
piece handle=3fc90592-511f-4200-aedc-48597064f4c8/RMAN_full_1485648012_DB01_20250706_u13ttbgo_1_1.vab tag=FULL_DB01_06072025_11H00 comment=API Version 2.0,MMS Version 12.3.0.54
channel ch2: backup set complete, elapsed time: 00:11:30
channel ch2: starting compressed incremental level 0 datafile backup set
channel ch2: specifying datafile(s) in backup set
input datafile file number=00113 name=+DG_DB1/db01/datafile/db01_data.371.1114159987
backing up blocks 1 through 2621440
channel ch2: starting piece 1 at 06-JUL-25
channel ch3: finished piece 1 at 06-JUL-25
piece handle=3fc90592-511f-4200-aedc-48597064f4c8/RMAN_full_1485648012_DB01_20250706_u33ttbnr_1_1.vab tag=FULL_DB01_06072025_11H00 comment=API Version 2.0,MMS Version 12.3.0.54
channel ch3: backup set complete, elapsed time: 00:11:08
channel ch3: starting compressed incremental level 0 datafile backup set
channel ch3: specifying datafile(s) in backup set
input datafile file number=00113 name=+DG_DB1/db01/datafile/db01_data.371.1114159987
backing up blocks 2621441 through 4194176
channel ch3: starting piece 2 at 06-JUL-25
channel ch4: finished piece 1 at 06-JUL-25
piece handle=3fc90592-511f-4200-aedc-48597064f4c8/RMAN_full_1485648012_DB01_20250706_u53ttbtf_1_1.vab tag=FULL_DB01_06072025_11H00 comment=API Version 2.0,MMS Version 12.3.0.54
channel ch4: backup set complete, elapsed time: 00:10:53
channel ch4: starting compressed incremental level 0 datafile backup set
channel ch4: specifying datafile(s) in backup set
input datafile file number=00114 name=+DG_DB1/db01/datafile/db01_data.372.1114160047
backing up blocks 1 through 2621440
channel ch4: starting piece 1 at 06-JUL-25
channel ch1: finished piece 2 at 06-JUL-25
piece handle=3fc90592-511f-4200-aedc-48597064f4c8/RMAN_full_1485648012_DB01_20250706_u53ttbtf_2_1.vab tag=FULL_DB01_06072025_11H00 comment=API Version 2.0,MMS Version 12.3.0.54
channel ch1: backup set complete, elapsed time: 00:06:24
channel ch1: starting compressed incremental level 0 datafile backup set
channel ch1: specifying datafile(s) in backup set
input datafile file number=00114 name=+DG_DB1/db01/datafile/db01_data.372.1114160047
backing up blocks 2621441 through 4194176
channel ch1: starting piece 2 at 06-JUL-25
channel ch3: finished piece 2 at 06-JUL-25
piece handle=3fc90592-511f-4200-aedc-48597064f4c8/RMAN_full_1485648012_DB01_20250706_u73ttc6a_2_1.vab tag=FULL_DB01_06072025_11H00 comment=API Version 2.0,MMS Version 12.3.0.54
channel ch3: backup set complete, elapsed time: 00:06:48
channel ch3: starting compressed incremental level 0 datafile backup set
channel ch3: specifying datafile(s) in backup set
input datafile file number=00115 name=+DG_DB1/db01/datafile/db01_data.373.1116509253
backing up blocks 1 through 2621440
channel ch3: starting piece 1 at 06-JUL-25
channel ch2: finished piece 1 at 06-JUL-25
piece handle=3fc90592-511f-4200-aedc-48597064f4c8/RMAN_full_1485648012_DB01_20250706_u73ttc6a_1_1.vab tag=FULL_DB01_06072025_11H00 comment=API Version 2.0,MMS Version 12.3.0.54
channel ch2: backup set complete, elapsed time: 00:10:48
channel ch2: starting compressed incremental level 0 datafile backup set
channel ch2: specifying datafile(s) in backup set
input datafile file number=00115 name=+DG_DB1/db01/datafile/db01_data.373.1116509253
backing up blocks 2621441 through 4194176
channel ch2: starting piece 2 at 06-JUL-25
channel ch1: finished piece 2 at 06-JUL-25
piece handle=3fc90592-511f-4200-aedc-48597064f4c8/RMAN_full_1485648012_DB01_20250706_u93ttchs_2_1.vab tag=FULL_DB01_06072025_11H00 comment=API Version 2.0,MMS Version 12.3.0.54
channel ch1: backup set complete, elapsed time: 00:06:25
channel ch1: starting compressed incremental level 0 datafile backup set
channel ch1: specifying datafile(s) in backup set
input datafile file number=00116 name=+DG_DB1/db01/datafile/db01_data.374.1134036963
backing up blocks 1 through 2621440
channel ch1: starting piece 1 at 06-JUL-25
channel ch4: finished piece 1 at 06-JUL-25
piece handle=3fc90592-511f-4200-aedc-48597064f4c8/RMAN_full_1485648012_DB01_20250706_u93ttchs_1_1.vab tag=FULL_DB01_06072025_11H00 comment=API Version 2.0,MMS Version 12.3.0.54
channel ch4: backup set complete, elapsed time: 00:10:48
channel ch4: starting compressed incremental level 0 datafile backup set
channel ch4: specifying datafile(s) in backup set
input datafile file number=00116 name=+DG_DB1/db01/datafile/db01_data.374.1134036963
backing up blocks 2621441 through 4194176
channel ch4: starting piece 2 at 06-JUL-25
channel ch2: finished piece 2 at 06-JUL-25
piece handle=3fc90592-511f-4200-aedc-48597064f4c8/RMAN_full_1485648012_DB01_20250706_ub3ttcpf_2_1.vab tag=FULL_DB01_06072025_11H00 comment=API Version 2.0,MMS Version 12.3.0.54
channel ch2: backup set complete, elapsed time: 00:06:46
channel ch2: starting compressed incremental level 0 datafile backup set
channel ch2: specifying datafile(s) in backup set
input datafile file number=00117 name=+DG_DB1/db01/datafile/db01_data.375.1134037483
backing up blocks 1 through 2621440
channel ch2: starting piece 1 at 06-JUL-25
channel ch3: finished piece 1 at 06-JUL-25
piece handle=3fc90592-511f-4200-aedc-48597064f4c8/RMAN_full_1485648012_DB01_20250706_ub3ttcpf_1_1.vab tag=FULL_DB01_06072025_11H00 comment=API Version 2.0,MMS Version 12.3.0.54
channel ch3: backup set complete, elapsed time: 00:10:46
channel ch3: starting compressed incremental level 0 datafile backup set
channel ch3: specifying datafile(s) in backup set
input datafile file number=00117 name=+DG_DB1/db01/datafile/db01_data.375.1134037483
backing up blocks 2621441 through 4194176
channel ch3: starting piece 2 at 06-JUL-25
channel ch4: finished piece 2 at 06-JUL-25
piece handle=3fc90592-511f-4200-aedc-48597064f4c8/RMAN_full_1485648012_DB01_20250706_ud3ttcu5_2_1.vab tag=FULL_DB01_06072025_11H00 comment=API Version 2.0,MMS Version 12.3.0.54
channel ch4: backup set complete, elapsed time: 00:06:25
channel ch4: starting compressed incremental level 0 datafile backup set
channel ch4: specifying datafile(s) in backup set
input datafile file number=00118 name=+DG_DB1/db01/datafile/db01_data.376.1143377817
backing up blocks 1 through 2621440
channel ch4: starting piece 1 at 06-JUL-25
channel ch1: finished piece 1 at 06-JUL-25
piece handle=3fc90592-511f-4200-aedc-48597064f4c8/RMAN_full_1485648012_DB01_20250706_ud3ttcu5_1_1.vab tag=FULL_DB01_06072025_11H00 comment=API Version 2.0,MMS Version 12.3.0.54
channel ch1: backup set complete, elapsed time: 00:11:27
channel ch1: starting compressed incremental level 0 datafile backup set
channel ch1: specifying datafile(s) in backup set
input datafile file number=00118 name=+DG_DB1/db01/datafile/db01_data.376.1143377817
backing up blocks 2621441 through 4194176
channel ch1: starting piece 2 at 06-JUL-25
channel ch3: finished piece 2 at 06-JUL-25
piece handle=3fc90592-511f-4200-aedc-48597064f4c8/RMAN_full_1485648012_DB01_20250706_uf3ttd78_2_1.vab tag=FULL_DB01_06072025_11H00 comment=API Version 2.0,MMS Version 12.3.0.54
channel ch3: backup set complete, elapsed time: 00:06:56
channel ch3: starting compressed incremental level 0 datafile backup set
channel ch3: specifying datafile(s) in backup set
input datafile file number=00119 name=+DG_DB1/db01/datafile/db01_data.377.1143377843
backing up blocks 1 through 2621440
channel ch3: starting piece 1 at 06-JUL-25
channel ch2: finished piece 1 at 06-JUL-25
piece handle=3fc90592-511f-4200-aedc-48597064f4c8/RMAN_full_1485648012_DB01_20250706_uf3ttd78_1_1.vab tag=FULL_DB01_06072025_11H00 comment=API Version 2.0,MMS Version 12.3.0.54
channel ch2: backup set complete, elapsed time: 00:10:56
channel ch2: starting compressed incremental level 0 datafile backup set
channel ch2: specifying datafile(s) in backup set
input datafile file number=00119 name=+DG_DB1/db01/datafile/db01_data.377.1143377843
backing up blocks 2621441 through 4194176
channel ch2: starting piece 2 at 06-JUL-25
channel ch1: finished piece 2 at 06-JUL-25
piece handle=3fc90592-511f-4200-aedc-48597064f4c8/RMAN_full_1485648012_DB01_20250706_uh3ttdi6_2_1.vab tag=FULL_DB01_06072025_11H00 comment=API Version 2.0,MMS Version 12.3.0.54
channel ch1: backup set complete, elapsed time: 00:06:26
channel ch1: starting compressed incremental level 0 datafile backup set
channel ch1: specifying datafile(s) in backup set
input datafile file number=00028 name=+DG_DB1/db01/datafile/db01_data.273.1048886249
backing up blocks 1 through 2621440
channel ch1: starting piece 1 at 06-JUL-25
channel ch4: finished piece 1 at 06-JUL-25
piece handle=3fc90592-511f-4200-aedc-48597064f4c8/RMAN_full_1485648012_DB01_20250706_uh3ttdi6_1_1.vab tag=FULL_DB01_06072025_11H00 comment=API Version 2.0,MMS Version 12.3.0.54
channel ch4: backup set complete, elapsed time: 00:11:37
channel ch4: starting compressed incremental level 0 datafile backup set
channel ch4: specifying datafile(s) in backup set
input datafile file number=00028 name=+DG_DB1/db01/datafile/db01_data.273.1048886249
backing up blocks 2621441 through 4190720
channel ch4: starting piece 2 at 06-JUL-25
channel ch2: finished piece 2 at 06-JUL-25
piece handle=3fc90592-511f-4200-aedc-48597064f4c8/RMAN_full_1485648012_DB01_20250706_uj3ttdql_2_1.vab tag=FULL_DB01_06072025_11H00 comment=API Version 2.0,MMS Version 12.3.0.54
channel ch2: backup set complete, elapsed time: 00:06:55
channel ch2: starting compressed incremental level 0 datafile backup set
channel ch2: specifying datafile(s) in backup set
input datafile file number=00091 name=+DG_DB1/db01/datafile/db01_data.349.1089639205
backing up blocks 1 through 2621440
channel ch2: starting piece 1 at 06-JUL-25
channel ch3: finished piece 1 at 06-JUL-25
piece handle=3fc90592-511f-4200-aedc-48597064f4c8/RMAN_full_1485648012_DB01_20250706_uj3ttdql_1_1.vab tag=FULL_DB01_06072025_11H00 comment=API Version 2.0,MMS Version 12.3.0.54
channel ch3: backup set complete, elapsed time: 00:11:37
channel ch3: starting compressed incremental level 0 datafile backup set
channel ch3: specifying datafile(s) in backup set
input datafile file number=00091 name=+DG_DB1/db01/datafile/db01_data.349.1089639205
backing up blocks 2621441 through 4190720
channel ch3: starting piece 2 at 06-JUL-25
channel ch1: finished piece 1 at 06-JUL-25
piece handle=3fc90592-511f-4200-aedc-48597064f4c8/RMAN_full_1485648012_DB01_20250706_ul3ttdvm_1_1.vab tag=FULL_DB01_06072025_11H00 comment=API Version 2.0,MMS Version 12.3.0.54
channel ch1: backup set complete, elapsed time: 00:11:21
channel ch1: starting compressed incremental level 0 datafile backup set
channel ch1: specifying datafile(s) in backup set
input datafile file number=00092 name=+DG_DB1/db01/datafile/db01_data.350.1093794673
backing up blocks 1 through 2621440
channel ch1: starting piece 1 at 06-JUL-25
channel ch4: finished piece 2 at 06-JUL-25
piece handle=3fc90592-511f-4200-aedc-48597064f4c8/RMAN_full_1485648012_DB01_20250706_ul3ttdvm_2_1.vab tag=FULL_DB01_06072025_11H00 comment=API Version 2.0,MMS Version 12.3.0.54
channel ch4: backup set complete, elapsed time: 00:07:03
channel ch4: starting compressed incremental level 0 datafile backup set
channel ch4: specifying datafile(s) in backup set
input datafile file number=00092 name=+DG_DB1/db01/datafile/db01_data.350.1093794673
backing up blocks 2621441 through 4190720
channel ch4: starting piece 2 at 06-JUL-25
channel ch3: finished piece 2 at 06-JUL-25
piece handle=3fc90592-511f-4200-aedc-48597064f4c8/RMAN_full_1485648012_DB01_20250706_un3tte8o_2_1.vab tag=FULL_DB01_06072025_11H00 comment=API Version 2.0,MMS Version 12.3.0.54
channel ch3: backup set complete, elapsed time: 00:06:37
channel ch3: starting compressed incremental level 0 datafile backup set
channel ch3: specifying datafile(s) in backup set
input datafile file number=00093 name=+DG_DB1/db01/datafile/db01_data.351.1093795065
backing up blocks 1 through 2621440
channel ch3: starting piece 1 at 06-JUL-25
channel ch2: finished piece 1 at 06-JUL-25
piece handle=3fc90592-511f-4200-aedc-48597064f4c8/RMAN_full_1485648012_DB01_20250706_un3tte8o_1_1.vab tag=FULL_DB01_06072025_11H00 comment=API Version 2.0,MMS Version 12.3.0.54
channel ch2: backup set complete, elapsed time: 00:11:18
channel ch2: starting compressed incremental level 0 datafile backup set
channel ch2: specifying datafile(s) in backup set
input datafile file number=00093 name=+DG_DB1/db01/datafile/db01_data.351.1093795065
backing up blocks 2621441 through 4190720
channel ch2: starting piece 2 at 06-JUL-25
channel ch4: finished piece 2 at 06-JUL-25
piece handle=3fc90592-511f-4200-aedc-48597064f4c8/RMAN_full_1485648012_DB01_20250706_up3ttekv_2_1.vab tag=FULL_DB01_06072025_11H00 comment=API Version 2.0,MMS Version 12.3.0.54
channel ch4: backup set complete, elapsed time: 00:06:56
channel ch4: starting compressed incremental level 0 datafile backup set
channel ch4: specifying datafile(s) in backup set
input datafile file number=00094 name=+DG_DB1/db01/datafile/db01_data.352.1094991079
backing up blocks 1 through 2621440
channel ch4: starting piece 1 at 06-JUL-25
channel ch1: finished piece 1 at 06-JUL-25
piece handle=3fc90592-511f-4200-aedc-48597064f4c8/RMAN_full_1485648012_DB01_20250706_up3ttekv_1_1.vab tag=FULL_DB01_06072025_11H00 comment=API Version 2.0,MMS Version 12.3.0.54
channel ch1: backup set complete, elapsed time: 00:11:09
channel ch1: starting compressed incremental level 0 datafile backup set
channel ch1: specifying datafile(s) in backup set
input datafile file number=00094 name=+DG_DB1/db01/datafile/db01_data.352.1094991079
backing up blocks 2621441 through 4190720
channel ch1: starting piece 2 at 06-JUL-25
channel ch2: finished piece 2 at 06-JUL-25
piece handle=3fc90592-511f-4200-aedc-48597064f4c8/RMAN_full_1485648012_DB01_20250706_ur3ttesr_2_1.vab tag=FULL_DB01_06072025_11H00 comment=API Version 2.0,MMS Version 12.3.0.54
channel ch2: backup set complete, elapsed time: 00:06:58
channel ch2: starting compressed incremental level 0 datafile backup set
channel ch2: specifying datafile(s) in backup set
input datafile file number=00083 name=+DG_DB1/db01/datafile/db01_data.341.1080119967
backing up blocks 1 through 2621440
channel ch2: starting piece 1 at 06-JUL-25
channel ch3: finished piece 1 at 06-JUL-25
piece handle=3fc90592-511f-4200-aedc-48597064f4c8/RMAN_full_1485648012_DB01_20250706_ur3ttesr_1_1.vab tag=FULL_DB01_06072025_11H00 comment=API Version 2.0,MMS Version 12.3.0.54
channel ch3: backup set complete, elapsed time: 00:11:18
channel ch3: starting compressed incremental level 0 datafile backup set
channel ch3: specifying datafile(s) in backup set
input datafile file number=00083 name=+DG_DB1/db01/datafile/db01_data.341.1080119967
backing up blocks 2621441 through 4189184
channel ch3: starting piece 2 at 06-JUL-25
channel ch1: finished piece 2 at 06-JUL-25
piece handle=3fc90592-511f-4200-aedc-48597064f4c8/RMAN_full_1485648012_DB01_20250706_ut3ttf26_2_1.vab tag=FULL_DB01_06072025_11H00 comment=API Version 2.0,MMS Version 12.3.0.54
channel ch1: backup set complete, elapsed time: 00:06:55
channel ch1: starting compressed incremental level 0 datafile backup set
channel ch1: specifying datafile(s) in backup set
input datafile file number=00010 name=+DG_DB1/db01/datafile/db01_data.262.1047471267
backing up blocks 1 through 2621440
channel ch1: starting piece 1 at 06-JUL-25
channel ch4: finished piece 1 at 06-JUL-25
piece handle=3fc90592-511f-4200-aedc-48597064f4c8/RMAN_full_1485648012_DB01_20250706_ut3ttf26_1_1.vab tag=FULL_DB01_06072025_11H00 comment=API Version 2.0,MMS Version 12.3.0.54
channel ch4: backup set complete, elapsed time: 00:12:27
channel ch4: starting compressed incremental level 0 datafile backup set
channel ch4: specifying datafile(s) in backup set
input datafile file number=00010 name=+DG_DB1/db01/datafile/db01_data.262.1047471267
backing up blocks 2621441 through 4188672
channel ch4: starting piece 2 at 06-JUL-25
channel ch3: finished piece 2 at 06-JUL-25
piece handle=3fc90592-511f-4200-aedc-48597064f4c8/RMAN_full_1485648012_DB01_20250706_uv3ttfb0_2_1.vab tag=FULL_DB01_06072025_11H00 comment=API Version 2.0,MMS Version 12.3.0.54
channel ch3: backup set complete, elapsed time: 00:07:26
channel ch3: starting compressed incremental level 0 datafile backup set
channel ch3: specifying datafile(s) in backup set
input datafile file number=00064 name=+DG_TNPRO/db01/datafile/db01_data.320.1070920863
backing up blocks 1 through 2621440
channel ch3: starting piece 1 at 06-JUL-25
channel ch2: finished piece 1 at 06-JUL-25
piece handle=3fc90592-511f-4200-aedc-48597064f4c8/RMAN_full_1485648012_DB01_20250706_uv3ttfb0_1_1.vab tag=FULL_DB01_06072025_11H00 comment=API Version 2.0,MMS Version 12.3.0.54
channel ch2: backup set complete, elapsed time: 00:11:26
channel ch2: starting compressed incremental level 0 datafile backup set
channel ch2: specifying datafile(s) in backup set
input datafile file number=00064 name=+DG_TNPRO/db01/datafile/db01_data.320.1070920863
backing up blocks 2621441 through 4188160
channel ch2: starting piece 2 at 06-JUL-25
channel ch4: finished piece 2 at 06-JUL-25
piece handle=3fc90592-511f-4200-aedc-48597064f4c8/RMAN_full_1485648012_DB01_20250706_v13ttfms_2_1.vab tag=FULL_DB01_06072025_11H00 comment=API Version 2.0,MMS Version 12.3.0.54
channel ch4: backup set complete, elapsed time: 00:09:16
channel ch4: starting compressed incremental level 0 datafile backup set
channel ch4: specifying datafile(s) in backup set
input datafile file number=00065 name=+DG_TNPRO/db01/datafile/db01_data.321.1070921095
backing up blocks 1 through 2621440
channel ch4: starting piece 1 at 06-JUL-25
channel ch2: finished piece 2 at 06-JUL-25
piece handle=3fc90592-511f-4200-aedc-48597064f4c8/RMAN_full_1485648012_DB01_20250706_v33ttfvv_2_1.vab tag=FULL_DB01_06072025_11H00 comment=API Version 2.0,MMS Version 12.3.0.54
channel ch2: backup set complete, elapsed time: 00:07:11
channel ch2: starting compressed incremental level 0 datafile backup set
channel ch2: specifying datafile(s) in backup set
input datafile file number=00065 name=+DG_TNPRO/db01/datafile/db01_data.321.1070921095
backing up blocks 2621441 through 4188160
channel ch2: starting piece 2 at 06-JUL-25
channel ch1: finished piece 1 at 06-JUL-25
piece handle=3fc90592-511f-4200-aedc-48597064f4c8/RMAN_full_1485648012_DB01_20250706_v13ttfms_1_1.vab tag=FULL_DB01_06072025_11H00 comment=API Version 2.0,MMS Version 12.3.0.54
channel ch1: backup set complete, elapsed time: 00:13:42
channel ch1: starting compressed incremental level 0 datafile backup set
channel ch1: specifying datafile(s) in backup set
input datafile file number=00062 name=+DG_DB1/db01/datafile/db01_data.324.1070537605
backing up blocks 1 through 2621440
channel ch1: starting piece 1 at 06-JUL-25
channel ch3: finished piece 1 at 06-JUL-25
piece handle=3fc90592-511f-4200-aedc-48597064f4c8/RMAN_full_1485648012_DB01_20250706_v33ttfvv_1_1.vab tag=FULL_DB01_06072025_11H00 comment=API Version 2.0,MMS Version 12.3.0.54
channel ch3: backup set complete, elapsed time: 00:11:16
channel ch3: starting compressed incremental level 0 datafile backup set
channel ch3: specifying datafile(s) in backup set
input datafile file number=00062 name=+DG_DB1/db01/datafile/db01_data.324.1070537605
backing up blocks 2621441 through 4186112
channel ch3: starting piece 2 at 06-JUL-25
channel ch2: finished piece 2 at 06-JUL-25
piece handle=3fc90592-511f-4200-aedc-48597064f4c8/RMAN_full_1485648012_DB01_20250706_v53ttgau_2_1.vab tag=FULL_DB01_06072025_11H00 comment=API Version 2.0,MMS Version 12.3.0.54
channel ch2: backup set complete, elapsed time: 00:06:25
channel ch2: starting compressed incremental level 0 datafile backup set
channel ch2: specifying datafile(s) in backup set
input datafile file number=00063 name=+DG_DB1/db01/datafile/db01_data.325.1070537607
backing up blocks 1 through 2621440
channel ch2: starting piece 1 at 06-JUL-25
channel ch4: finished piece 1 at 06-JUL-25
piece handle=3fc90592-511f-4200-aedc-48597064f4c8/RMAN_full_1485648012_DB01_20250706_v53ttgau_1_1.vab tag=FULL_DB01_06072025_11H00 comment=API Version 2.0,MMS Version 12.3.0.54
channel ch4: backup set complete, elapsed time: 00:11:26
channel ch4: starting compressed incremental level 0 datafile backup set
channel ch4: specifying datafile(s) in backup set
input datafile file number=00063 name=+DG_DB1/db01/datafile/db01_data.325.1070537607
backing up blocks 2621441 through 4186112
channel ch4: starting piece 2 at 06-JUL-25
channel ch3: finished piece 2 at 06-JUL-25
piece handle=3fc90592-511f-4200-aedc-48597064f4c8/RMAN_full_1485648012_DB01_20250706_v73ttggi_2_1.vab tag=FULL_DB01_06072025_11H00 comment=API Version 2.0,MMS Version 12.3.0.54
channel ch3: backup set complete, elapsed time: 00:06:56
channel ch3: starting compressed incremental level 0 datafile backup set
channel ch3: specifying datafile(s) in backup set
input datafile file number=00017 name=+DG_DB1/db01/datafile/db01_idx.258.1047470515
backing up blocks 1 through 2621440
channel ch3: starting piece 1 at 06-JUL-25
channel ch1: finished piece 1 at 06-JUL-25
piece handle=3fc90592-511f-4200-aedc-48597064f4c8/RMAN_full_1485648012_DB01_20250706_v73ttggi_1_1.vab tag=FULL_DB01_06072025_11H00 comment=API Version 2.0,MMS Version 12.3.0.54
channel ch1: backup set complete, elapsed time: 00:10:56
channel ch1: starting compressed incremental level 0 datafile backup set
channel ch1: specifying datafile(s) in backup set
input datafile file number=00017 name=+DG_DB1/db01/datafile/db01_idx.258.1047470515
backing up blocks 2621441 through 4063232
channel ch1: starting piece 2 at 06-JUL-25
channel ch4: finished piece 2 at 06-JUL-25
piece handle=3fc90592-511f-4200-aedc-48597064f4c8/RMAN_full_1485648012_DB01_20250706_v93ttgpu_2_1.vab tag=FULL_DB01_06072025_11H00 comment=API Version 2.0,MMS Version 12.3.0.54
channel ch4: backup set complete, elapsed time: 00:06:45
channel ch4: starting compressed incremental level 0 datafile backup set
channel ch4: specifying datafile(s) in backup set
input datafile file number=00018 name=+DG_DB1/db01/datafile/db01_data.268.1047472433
backing up blocks 1 through 2621440
channel ch4: starting piece 1 at 06-JUL-25
channel ch2: finished piece 1 at 06-JUL-25
piece handle=3fc90592-511f-4200-aedc-48597064f4c8/RMAN_full_1485648012_DB01_20250706_v93ttgpu_1_1.vab tag=FULL_DB01_06072025_11H00 comment=API Version 2.0,MMS Version 12.3.0.54
channel ch2: backup set complete, elapsed time: 00:11:06
channel ch2: starting compressed incremental level 0 datafile backup set
channel ch2: specifying datafile(s) in backup set
input datafile file number=00018 name=+DG_DB1/db01/datafile/db01_data.268.1047472433
backing up blocks 2621441 through 4063232
channel ch2: starting piece 2 at 06-JUL-25
channel ch1: finished piece 2 at 06-JUL-25
piece handle=3fc90592-511f-4200-aedc-48597064f4c8/RMAN_full_1485648012_DB01_20250706_vb3tth23_2_1.vab tag=FULL_DB01_06072025_11H00 comment=API Version 2.0,MMS Version 12.3.0.54
channel ch1: backup set complete, elapsed time: 00:10:36
channel ch1: starting compressed incremental level 0 datafile backup set
channel ch1: specifying datafile(s) in backup set
input datafile file number=00022 name=+DG_DB1/db01/datafile/db01_data.274.1048886437
backing up blocks 1 through 2621440
channel ch1: starting piece 1 at 06-JUL-25
channel ch2: finished piece 2 at 06-JUL-25
piece handle=3fc90592-511f-4200-aedc-48597064f4c8/RMAN_full_1485648012_DB01_20250706_vd3tthd2_2_1.vab tag=FULL_DB01_06072025_11H00 comment=API Version 2.0,MMS Version 12.3.0.54
channel ch2: backup set complete, elapsed time: 00:06:40
channel ch2: starting compressed incremental level 0 datafile backup set
channel ch2: specifying datafile(s) in backup set
input datafile file number=00022 name=+DG_DB1/db01/datafile/db01_data.274.1048886437
backing up blocks 2621441 through 4063232
channel ch2: starting piece 2 at 06-JUL-25
channel ch4: finished piece 1 at 06-JUL-25
piece handle=3fc90592-511f-4200-aedc-48597064f4c8/RMAN_full_1485648012_DB01_20250706_vd3tthd2_1_1.vab tag=FULL_DB01_06072025_11H00 comment=API Version 2.0,MMS Version 12.3.0.54
channel ch4: backup set complete, elapsed time: 00:11:41
channel ch4: starting compressed incremental level 0 datafile backup set
channel ch4: specifying datafile(s) in backup set
input datafile file number=00012 name=+DG_DB1/db01/datafile/users.263.1047471533
backing up blocks 1 through 2621440
channel ch4: starting piece 1 at 06-JUL-25
channel ch2: finished piece 2 at 06-JUL-25
piece handle=3fc90592-511f-4200-aedc-48597064f4c8/RMAN_full_1485648012_DB01_20250706_vf3tthou_2_1.vab tag=FULL_DB01_06072025_11H00 comment=API Version 2.0,MMS Version 12.3.0.54
channel ch2: backup set complete, elapsed time: 00:06:41
channel ch2: starting compressed incremental level 0 datafile backup set
channel ch2: specifying datafile(s) in backup set
input datafile file number=00012 name=+DG_DB1/db01/datafile/users.263.1047471533
backing up blocks 2621441 through 3276800
channel ch2: starting piece 2 at 06-JUL-25
channel ch2: finished piece 2 at 06-JUL-25
piece handle=3fc90592-511f-4200-aedc-48597064f4c8/RMAN_full_1485648012_DB01_20250706_vh3tti2v_2_1.vab tag=FULL_DB01_06072025_11H00 comment=API Version 2.0,MMS Version 12.3.0.54
channel ch2: backup set complete, elapsed time: 00:00:15
channel ch2: starting compressed incremental level 0 datafile backup set
channel ch2: specifying datafile(s) in backup set
input datafile file number=00001 name=+DG_DB1/db01/datafile/system.287.1048893935
input datafile file number=00030 name=+DG_DB1/db01/datafile/undotb2.285.1048888059
channel ch2: starting piece 1 at 06-JUL-25
channel ch3: finished piece 1 at 06-JUL-25
piece handle=3fc90592-511f-4200-aedc-48597064f4c8/RMAN_full_1485648012_DB01_20250706_vb3tth23_1_1.vab tag=FULL_DB01_06072025_11H00 comment=API Version 2.0,MMS Version 12.3.0.54
channel ch3: backup set complete, elapsed time: 00:20:29
channel ch3: starting compressed incremental level 0 datafile backup set
channel ch3: specifying datafile(s) in backup set
input datafile file number=00002 name=+DG_DB1/db01/datafile/sysaux.288.1048893959
input datafile file number=00071 name=+DG_DB1/db01/datafile/sysaux.281.1073995959
channel ch3: starting piece 1 at 06-JUL-25
channel ch1: finished piece 1 at 06-JUL-25
piece handle=3fc90592-511f-4200-aedc-48597064f4c8/RMAN_full_1485648012_DB01_20250706_vf3tthou_1_1.vab tag=FULL_DB01_06072025_11H00 comment=API Version 2.0,MMS Version 12.3.0.54
channel ch1: backup set complete, elapsed time: 00:11:04
channel ch1: starting compressed incremental level 0 datafile backup set
channel ch1: specifying datafile(s) in backup set
input datafile file number=00029 name=+DG_DB1/db01/datafile/undotb1.284.1048888041
input datafile file number=00070 name=+DG_DB1/db01/datafile/sysaux.280.1073994893
channel ch1: starting piece 1 at 06-JUL-25
channel ch3: finished piece 1 at 06-JUL-25
piece handle=3fc90592-511f-4200-aedc-48597064f4c8/RMAN_full_1485648012_DB01_20250706_vk3tti8h_1_1.vab tag=FULL_DB01_06072025_11H00 comment=API Version 2.0,MMS Version 12.3.0.54
channel ch3: backup set complete, elapsed time: 00:06:00
channel ch3: starting compressed incremental level 0 datafile backup set
channel ch3: specifying datafile(s) in backup set
input datafile file number=00066 name=+DG_TNPRO/db01/datafile/db01_idx.322.1070922895
input datafile file number=00050 name=+DG_DB1/db01/datafile/db01_idx.312.1063100517
input datafile file number=00067 name=+DG_TNPRO/db01/datafile/system.323.1070923033
channel ch3: starting piece 1 at 06-JUL-25
channel ch1: finished piece 1 at 06-JUL-25
piece handle=3fc90592-511f-4200-aedc-48597064f4c8/RMAN_full_1485648012_DB01_20250706_vl3ttidm_1_1.vab tag=FULL_DB01_06072025_11H00 comment=API Version 2.0,MMS Version 12.3.0.54
channel ch1: backup set complete, elapsed time: 00:11:21
channel ch1: starting compressed incremental level 0 datafile backup set
channel ch1: specifying datafile(s) in backup set
including current control file in backup set
channel ch1: starting piece 1 at 06-JUL-25
channel ch1: finished piece 1 at 06-JUL-25
piece handle=3fc90592-511f-4200-aedc-48597064f4c8/RMAN_full_1485648012_DB01_20250706_vn3ttj2v_1_1.vab tag=FULL_DB01_06072025_11H00 comment=API Version 2.0,MMS Version 12.3.0.54
channel ch1: backup set complete, elapsed time: 00:00:15
channel ch2: finished piece 1 at 06-JUL-25
piece handle=3fc90592-511f-4200-aedc-48597064f4c8/RMAN_full_1485648012_DB01_20250706_vj3tti89_1_1.vab tag=FULL_DB01_06072025_11H00 comment=API Version 2.0,MMS Version 12.3.0.54
channel ch2: backup set complete, elapsed time: 00:15:10
channel ch3: finished piece 1 at 06-JUL-25
piece handle=3fc90592-511f-4200-aedc-48597064f4c8/RMAN_full_1485648012_DB01_20250706_vm3ttijp_1_1.vab tag=FULL_DB01_06072025_11H00 comment=API Version 2.0,MMS Version 12.3.0.54
channel ch3: backup set complete, elapsed time: 00:13:42
channel ch4: finished piece 1 at 06-JUL-25
piece handle=3fc90592-511f-4200-aedc-48597064f4c8/RMAN_full_1485648012_DB01_20250706_vh3tti2v_1_1.vab tag=FULL_DB01_06072025_11H00 comment=API Version 2.0,MMS Version 12.3.0.54
channel ch4: backup set complete, elapsed time: 00:25:10

backup will be obsolete on date 05-AUG-25
archived logs required to recover from this backup will be backed up
channel ch1: starting compressed full datafile backup set
channel ch1: specifying datafile(s) in backup set
including current SPFILE in backup set
channel ch1: starting piece 1 at 06-JUL-25
channel ch1: finished piece 1 at 06-JUL-25
piece handle=3fc90592-511f-4200-aedc-48597064f4c8/RMAN_full_1485648012_DB01_20250706_vo3ttji5_1_1.vab tag=FULL_DB01_06072025_11H00 comment=API Version 2.0,MMS Version 12.3.0.54
channel ch1: backup set complete, elapsed time: 00:00:25

current log archived
backup will be obsolete on date 05-AUG-25
archived logs required to recover from this backup will be backed up
channel ch1: starting compressed archived log backup set
channel ch1: specifying archived log(s) in backup set
input archived log thread=1 sequence=265621 RECID=518021 STAMP=1205751609
channel ch1: starting piece 1 at 06-JUL-25
channel ch2: starting compressed archived log backup set
channel ch2: specifying archived log(s) in backup set
input archived log thread=2 sequence=253036 RECID=518023 STAMP=1205784160
channel ch2: starting piece 1 at 06-JUL-25
channel ch3: starting compressed archived log backup set
channel ch3: specifying archived log(s) in backup set
input archived log thread=1 sequence=265622 RECID=518022 STAMP=1205784159
channel ch3: starting piece 1 at 06-JUL-25
channel ch1: finished piece 1 at 06-JUL-25
piece handle=3fc90592-511f-4200-aedc-48597064f4c8/RMAN_full_1485648012_DB01_20250706_vp3ttjj4_1_1.vab tag=FULL_DB01_06072025_11H00 comment=API Version 2.0,MMS Version 12.3.0.54
channel ch1: backup set complete, elapsed time: 00:00:15
channel ch2: finished piece 1 at 06-JUL-25
piece handle=3fc90592-511f-4200-aedc-48597064f4c8/RMAN_full_1485648012_DB01_20250706_vq3ttjj4_1_1.vab tag=FULL_DB01_06072025_11H00 comment=API Version 2.0,MMS Version 12.3.0.54
channel ch2: backup set complete, elapsed time: 00:00:15
channel ch3: finished piece 1 at 06-JUL-25
piece handle=3fc90592-511f-4200-aedc-48597064f4c8/RMAN_full_1485648012_DB01_20250706_vr3ttjj4_1_1.vab tag=FULL_DB01_06072025_11H00 comment=API Version 2.0,MMS Version 12.3.0.54
channel ch3: backup set complete, elapsed time: 00:00:25

backup will be obsolete on date 05-AUG-25
archived logs required to recover from this backup will be backed up
channel ch1: starting compressed full datafile backup set
channel ch1: specifying datafile(s) in backup set
including current control file in backup set
channel ch1: starting piece 1 at 06-JUL-25
channel ch1: finished piece 1 at 06-JUL-25
piece handle=3fc90592-511f-4200-aedc-48597064f4c8/RMAN_full_1485648012_DB01_20250706_vs3ttjjt_1_1.vab tag=FULL_DB01_06072025_11H00 comment=API Version 2.0,MMS Version 12.3.0.54
channel ch1: backup set complete, elapsed time: 00:00:07
Finished backup at 06-JUL-25

Starting backup at 06-JUL-25
current log archived
backup will be obsolete on date 05-AUG-25
archived logs required to recover from this backup will be backed up
channel ch1: starting compressed archived log backup set
channel ch1: specifying archived log(s) in backup set
input archived log thread=1 sequence=265620 RECID=518018 STAMP=1205625617
input archived log thread=2 sequence=253034 RECID=518019 STAMP=1205625618
channel ch1: starting piece 1 at 06-JUL-25
channel ch2: starting compressed archived log backup set
channel ch2: specifying archived log(s) in backup set
input archived log thread=1 sequence=265621 RECID=518021 STAMP=1205751609
channel ch2: starting piece 1 at 06-JUL-25
channel ch3: starting compressed archived log backup set
channel ch3: specifying archived log(s) in backup set
input archived log thread=2 sequence=253035 RECID=518020 STAMP=1205751608
input archived log thread=2 sequence=253036 RECID=518023 STAMP=1205784160
channel ch3: starting piece 1 at 06-JUL-25
channel ch4: starting compressed archived log backup set
channel ch4: specifying archived log(s) in backup set
input archived log thread=1 sequence=265622 RECID=518022 STAMP=1205784159
input archived log thread=1 sequence=265623 RECID=518025 STAMP=1205784203
channel ch4: starting piece 1 at 06-JUL-25
channel ch1: finished piece 1 at 06-JUL-25
piece handle=3fc90592-511f-4200-aedc-48597064f4c8/RMAN_full_1485648012_DB01_20250706_vt3ttjkc_1_1.vab tag=FULL_DB01_06072025_11H00 comment=API Version 2.0,MMS Version 12.3.0.54
channel ch1: backup set complete, elapsed time: 00:00:15
channel ch1: deleting archived log(s)
archived log file name=+DG_FRA/db01/archivelog/2025_07_05/thread_1_seq_265620.10247.1205625617 RECID=518018 STAMP=1205625617
archived log file name=+DG_FRA/db01/archivelog/2025_07_05/thread_2_seq_253034.11788.1205625617 RECID=518019 STAMP=1205625618
channel ch1: starting compressed archived log backup set
channel ch1: specifying archived log(s) in backup set
input archived log thread=2 sequence=253037 RECID=518024 STAMP=1205784202
channel ch1: starting piece 1 at 06-JUL-25
channel ch2: finished piece 1 at 06-JUL-25
piece handle=3fc90592-511f-4200-aedc-48597064f4c8/RMAN_full_1485648012_DB01_20250706_vu3ttjkc_1_1.vab tag=FULL_DB01_06072025_11H00 comment=API Version 2.0,MMS Version 12.3.0.54
channel ch2: backup set complete, elapsed time: 00:00:15
channel ch2: deleting archived log(s)
archived log file name=+DG_FRA/db01/archivelog/2025_07_06/thread_1_seq_265621.10295.1205751607 RECID=518021 STAMP=1205751609
channel ch3: finished piece 1 at 06-JUL-25
piece handle=3fc90592-511f-4200-aedc-48597064f4c8/RMAN_full_1485648012_DB01_20250706_vv3ttjkc_1_1.vab tag=FULL_DB01_06072025_11H00 comment=API Version 2.0,MMS Version 12.3.0.54
channel ch3: backup set complete, elapsed time: 00:00:15
channel ch3: deleting archived log(s)
archived log file name=+DG_FRA/db01/archivelog/2025_07_06/thread_2_seq_253035.12717.1205751607 RECID=518020 STAMP=1205751608
archived log file name=+DG_FRA/db01/archivelog/2025_07_06/thread_2_seq_253036.12964.1205784159 RECID=518023 STAMP=1205784160
channel ch4: finished piece 1 at 06-JUL-25
piece handle=3fc90592-511f-4200-aedc-48597064f4c8/RMAN_full_1485648012_DB01_20250706_003ttjkc_1_1.vab tag=FULL_DB01_06072025_11H00 comment=API Version 2.0,MMS Version 12.3.0.54
channel ch4: backup set complete, elapsed time: 00:00:15
channel ch4: deleting archived log(s)
archived log file name=+DG_FRA/db01/archivelog/2025_07_06/thread_1_seq_265622.11621.1205784159 RECID=518022 STAMP=1205784159
archived log file name=+DG_FRA/db01/archivelog/2025_07_06/thread_1_seq_265623.13054.1205784203 RECID=518025 STAMP=1205784203
channel ch1: finished piece 1 at 06-JUL-25
piece handle=3fc90592-511f-4200-aedc-48597064f4c8/RMAN_full_1485648012_DB01_20250706_013ttjkr_1_1.vab tag=FULL_DB01_06072025_11H00 comment=API Version 2.0,MMS Version 12.3.0.54
channel ch1: backup set complete, elapsed time: 00:00:07
channel ch1: deleting archived log(s)
archived log file name=+DG_FRA/db01/archivelog/2025_07_06/thread_2_seq_253037.11366.1205784201 RECID=518024 STAMP=1205784202
Finished backup at 06-JUL-25

released channel: ch1

released channel: ch2

released channel: ch3

released channel: ch4

RMAN retention policy will be applied to the command
RMAN retention policy is set to redundancy 1
allocated channel: ORA_DISK_1
channel ORA_DISK_1: SID=288 instance=db011 device type=DISK
allocated channel: ORA_DISK_2
channel ORA_DISK_2: SID=155 instance=db011 device type=DISK
allocated channel: ORA_DISK_3
channel ORA_DISK_3: SID=303 instance=db011 device type=DISK
allocated channel: ORA_DISK_4
channel ORA_DISK_4: SID=41 instance=db011 device type=DISK
allocated channel: ORA_SBT_TAPE_1
channel ORA_SBT_TAPE_1: SID=289 instance=db011 device type=SBT_TAPE
channel ORA_SBT_TAPE_1: Veeam Plug-in for Oracle RMAN
allocated channel: ORA_SBT_TAPE_2
channel ORA_SBT_TAPE_2: SID=26 instance=db011 device type=SBT_TAPE
channel ORA_SBT_TAPE_2: Veeam Plug-in for Oracle RMAN
allocated channel: ORA_SBT_TAPE_3
channel ORA_SBT_TAPE_3: SID=173 instance=db011 device type=SBT_TAPE
channel ORA_SBT_TAPE_3: Veeam Plug-in for Oracle RMAN
allocated channel: ORA_SBT_TAPE_4
channel ORA_SBT_TAPE_4: SID=285 instance=db011 device type=SBT_TAPE
channel ORA_SBT_TAPE_4: Veeam Plug-in for Oracle RMAN
Deleting the following obsolete backups and copies:
Type                 Key    Completion Time    Filename/Handle
-------------------- ------ ------------------ --------------------
Backup Set           35119  27-JUN-25         
  Backup Piece       57321  27-JUN-25          3fc90592-511f-4200-aedc-48597064f4c8/RMAN_incr_1485648012_DB01_20250627_ef3t28if_1_1.vab
Backup Set           35120  27-JUN-25         
  Backup Piece       57322  27-JUN-25          3fc90592-511f-4200-aedc-48597064f4c8/RMAN_incr_1485648012_DB01_20250627_eg3t28ig_1_1.vab
Backup Set           35117  27-JUN-25         
  Backup Piece       57319  27-JUN-25          3fc90592-511f-4200-aedc-48597064f4c8/RMAN_incr_1485648012_DB01_20250627_eh3t28ig_1_1.vab
Backup Set           35116  27-JUN-25         
  Backup Piece       57318  27-JUN-25          3fc90592-511f-4200-aedc-48597064f4c8/RMAN_incr_1485648012_DB01_20250627_ei3t28ih_1_1.vab
Backup Set           35118  27-JUN-25         
  Backup Piece       57320  27-JUN-25          3fc90592-511f-4200-aedc-48597064f4c8/RMAN_incr_1485648012_DB01_20250627_ej3t2bmn_1_1.vab
Backup Set           35121  27-JUN-25         
  Backup Piece       57323  27-JUN-25          3fc90592-511f-4200-aedc-48597064f4c8/RMAN_incr_1485648012_DB01_20250627_ek3t2bof_1_1.vab
Backup Set           35124  27-JUN-25         
  Backup Piece       57326  27-JUN-25          3fc90592-511f-4200-aedc-48597064f4c8/RMAN_incr_1485648012_DB01_20250627_el3t2boq_1_1.vab
Backup Set           35123  27-JUN-25         
  Backup Piece       57325  27-JUN-25          3fc90592-511f-4200-aedc-48597064f4c8/RMAN_incr_1485648012_DB01_20250627_em3t2boq_1_1.vab
Backup Set           35122  27-JUN-25         
  Backup Piece       57324  27-JUN-25          3fc90592-511f-4200-aedc-48597064f4c8/RMAN_incr_1485648012_DB01_20250627_en3t2boq_1_1.vab
Backup Set           35125  27-JUN-25         
  Backup Piece       57327  27-JUN-25          3fc90592-511f-4200-aedc-48597064f4c8/RMAN_incr_1485648012_DB01_20250627_eo3t2bp9_1_1.vab
Backup Set           35128  27-JUN-25         
  Backup Piece       57330  27-JUN-25          3fc90592-511f-4200-aedc-48597064f4c8/RMAN_incr_1485648012_DB01_20250627_ep3t2bpt_1_1.vab
Backup Set           35127  27-JUN-25         
  Backup Piece       57329  27-JUN-25          3fc90592-511f-4200-aedc-48597064f4c8/RMAN_incr_1485648012_DB01_20250627_eq3t2bpt_1_1.vab
Backup Set           35126  27-JUN-25         
  Backup Piece       57328  27-JUN-25          3fc90592-511f-4200-aedc-48597064f4c8/RMAN_incr_1485648012_DB01_20250627_er3t2bpt_1_1.vab
deleted backup piece
backup piece handle=3fc90592-511f-4200-aedc-48597064f4c8/RMAN_incr_1485648012_DB01_20250627_ef3t28if_1_1.vab RECID=57321 STAMP=1204888144
deleted backup piece
backup piece handle=3fc90592-511f-4200-aedc-48597064f4c8/RMAN_incr_1485648012_DB01_20250627_eg3t28ig_1_1.vab RECID=57322 STAMP=1204888144
deleted backup piece
backup piece handle=3fc90592-511f-4200-aedc-48597064f4c8/RMAN_incr_1485648012_DB01_20250627_eh3t28ig_1_1.vab RECID=57319 STAMP=1204888145
deleted backup piece
backup piece handle=3fc90592-511f-4200-aedc-48597064f4c8/RMAN_incr_1485648012_DB01_20250627_ei3t28ih_1_1.vab RECID=57318 STAMP=1204888145
deleted backup piece
backup piece handle=3fc90592-511f-4200-aedc-48597064f4c8/RMAN_incr_1485648012_DB01_20250627_ej3t2bmn_1_1.vab RECID=57320 STAMP=1204891352
deleted backup piece
backup piece handle=3fc90592-511f-4200-aedc-48597064f4c8/RMAN_incr_1485648012_DB01_20250627_ek3t2bof_1_1.vab RECID=57323 STAMP=1204891407
deleted backup piece
backup piece handle=3fc90592-511f-4200-aedc-48597064f4c8/RMAN_incr_1485648012_DB01_20250627_el3t2boq_1_1.vab RECID=57326 STAMP=1204891418
deleted backup piece
backup piece handle=3fc90592-511f-4200-aedc-48597064f4c8/RMAN_incr_1485648012_DB01_20250627_em3t2boq_1_1.vab RECID=57325 STAMP=1204891418
deleted backup piece
backup piece handle=3fc90592-511f-4200-aedc-48597064f4c8/RMAN_incr_1485648012_DB01_20250627_en3t2boq_1_1.vab RECID=57324 STAMP=1204891418
deleted backup piece
backup piece handle=3fc90592-511f-4200-aedc-48597064f4c8/RMAN_incr_1485648012_DB01_20250627_eo3t2bp9_1_1.vab RECID=57327 STAMP=1204891434
deleted backup piece
backup piece handle=3fc90592-511f-4200-aedc-48597064f4c8/RMAN_incr_1485648012_DB01_20250627_ep3t2bpt_1_1.vab RECID=57330 STAMP=1204891453
deleted backup piece
backup piece handle=3fc90592-511f-4200-aedc-48597064f4c8/RMAN_incr_1485648012_DB01_20250627_eq3t2bpt_1_1.vab RECID=57329 STAMP=1204891453
deleted backup piece
backup piece handle=3fc90592-511f-4200-aedc-48597064f4c8/RMAN_incr_1485648012_DB01_20250627_er3t2bpt_1_1.vab RECID=57328 STAMP=1204891453
Deleted 13 objects


RMAN> 

List of Backup Sets
===================


BS Key  Type LV Size       Device Type Elapsed Time Completion Time
------- ---- -- ---------- ----------- ------------ ---------------
35421   Full    8.00M      SBT_TAPE    00:00:19     06-JUL-25      
        BP Key: 57843   Status: AVAILABLE  Compressed: YES  Tag: FULL_DB01_06072025_11H00
        Handle: 3fc90592-511f-4200-aedc-48597064f4c8/RMAN_full_1485648012_DB01_20250706_vo3ttji5_1_1.vab   Media: {3fc90592-511f-4200-aedc-48597064f4c8}
        Keep: BACKUP_LOGS        Until: 05-AUG-25      
  SPFILE Included: Modification time: 30-JUN-25
  SPFILE db_unique_name: DB01

RMAN> 

List of Backup Sets
===================


BS Key  Type LV Size       Device Type Elapsed Time Completion Time
------- ---- -- ---------- ----------- ------------ ---------------
35418   Incr 0  16.00M     SBT_TAPE    00:00:13     06-JUL-25      
        BP Key: 57839   Status: AVAILABLE  Compressed: YES  Tag: FULL_DB01_06072025_11H00
        Handle: 3fc90592-511f-4200-aedc-48597064f4c8/RMAN_full_1485648012_DB01_20250706_vn3ttj2v_1_1.vab   Media: {3fc90592-511f-4200-aedc-48597064f4c8}
        Keep: BACKUP_LOGS        Until: 05-AUG-25      
  Control File Included: Ckp SCN: 195683505111   Ckp time: 06-JUL-25

BS Key  Type LV Size       Device Type Elapsed Time Completion Time
------- ---- -- ---------- ----------- ------------ ---------------
35425   Full    16.00M     SBT_TAPE    00:00:07     06-JUL-25      
        BP Key: 57847   Status: AVAILABLE  Compressed: YES  Tag: FULL_DB01_06072025_11H00
        Handle: 3fc90592-511f-4200-aedc-48597064f4c8/RMAN_full_1485648012_DB01_20250706_vs3ttjjt_1_1.vab   Media: {3fc90592-511f-4200-aedc-48597064f4c8}
        Keep: BACKUP_LOGS        Until: 05-AUG-25      
  Control File Included: Ckp SCN: 195683506793   Ckp time: 06-JUL-25

RMAN> 

Recovery Manager complete.
