
Recovery Manager: Release 11.2.0.4.0 - Production on Tue Jul 15 18:00:05 2025

Copyright (c) 1982, 2011, Oracle and/or its affiliates.  All rights reserved.

RMAN> 
connected to target database: BPMPROD (DBID=1062634547)

RMAN> 2> 3> 4> 5> 6> 7> 8> 9> 10> 11> 12> 13> 
using target database control file instead of recovery catalog
allocated channel: ch1
channel ch1: SID=17 instance=bpmprod2 device type=SBT_TAPE
channel ch1: Veeam Plug-in for Oracle RMAN

allocated channel: ch2
channel ch2: SID=294 instance=bpmprod2 device type=SBT_TAPE
channel ch2: Veeam Plug-in for Oracle RMAN

allocated channel: ch3
channel ch3: SID=1151 instance=bpmprod2 device type=SBT_TAPE
channel ch3: Veeam Plug-in for Oracle RMAN

allocated channel: ch4
channel ch4: SID=1430 instance=bpmprod2 device type=SBT_TAPE
channel ch4: Veeam Plug-in for Oracle RMAN

Starting backup at 15-JUL-25
current log archived

backup will be obsolete on date 22-JUL-25
archived logs required to recover from this backup will be backed up
channel ch1: starting compressed incremental level 1 datafile backup set
channel ch1: specifying datafile(s) in backup set
input datafile file number=00003 name=+DG_BPMPROD/bpmprod/datafile/dev_soainfra.282.1049770611
input datafile file number=00032 name=+DG_BPMPROD/bpmprod/datafile/dev_soainfra.278.1049770511
input datafile file number=00043 name=+DG_BPMPROD/bpmprod/datafile/dev_soainfra.289.1049770719
input datafile file number=00060 name=+DG_BPMPROD/bpmprod/datafile/dev_soainfra.331.1062347901
input datafile file number=00071 name=+DG_BPMPROD/bpmprod/datafile/dev_soainfra.342.1076433771
input datafile file number=00077 name=+DG_BPMPROD/bpmprod/datafile/dev_soainfra.348.1077816593
input datafile file number=00084 name=+DG_BPMPROD/bpmprod/datafile/dev_soainfra.355.1080818017
input datafile file number=00008 name=+DG_BPMPROD/bpmprod/datafile/dev_soainfra.266.1049770169
input datafile file number=00025 name=+DG_BPMPROD/bpmprod/datafile/dev_soainfra.272.1049770345
input datafile file number=00090 name=+DG_BPMPROD/bpmprod/datafile/dev_soainfra.361.1102163103
input datafile file number=00096 name=+DG_BPMPROD/bpmprod/datafile/dev_soainfra.367.1104403307
input datafile file number=00102 name=+DG_BPMPROD/bpmprod/datafile/dev_soainfra.373.1106154679
input datafile file number=00108 name=+DG_BPMPROD/bpmprod/datafile/dev_soainfra.379.1111922515
input datafile file number=00114 name=+DG_BPMPROD/bpmprod/datafile/dev_soainfra.385.1113998247
input datafile file number=00121 name=+DG_BPMPROD/bpmprod/datafile/dev_soainfra.392.1118066009
input datafile file number=00127 name=+DG_BPMPROD/bpmprod/datafile/dev_soainfra.398.1119526149
input datafile file number=00135 name=+DG_BPMPROD/bpmprod/datafile/dev_soainfra.406.1123427521
input datafile file number=00143 name=+DG_BPMPROD/bpmprod/datafile/dev_soainfra.414.1131473315
input datafile file number=00149 name=+DG_BPMPROD/bpmprod/datafile/dev_soainfra.420.1132576255
input datafile file number=00179 name=+DG_BPMPROD/bpmprod/datafile/dev_soainfra.450.1144503405
input datafile file number=00033 name=+DG_BPMPROD/bpmprod/datafile/dev_soainfra.281.1049770567
input datafile file number=00005 name=+DG_BPMPROD/bpmprod/datafile/dev_soainfra.283.1049770613
input datafile file number=00024 name=+DG_BPMPROD/bpmprod/datafile/dev_soainfra.277.1049770455
input datafile file number=00158 name=+DG_BPMPROD/bpmprod/datafile/dev_soainfra.429.1138724211
input datafile file number=00164 name=+DG_BPMPROD/bpmprod/datafile/dev_soainfra.435.1139412757
input datafile file number=00173 name=+DG_BPMPROD/bpmprod/datafile/dev_soainfra.444.1144315011
input datafile file number=00182 name=+DG_BPMPROD/bpmprod/datafile/dev_soainfra.453.1145178987
input datafile file number=00188 name=+DG_BPMPROD/bpmprod/datafile/dev_soainfra.459.1146243651
input datafile file number=00195 name=+DG_BPMPROD/bpmprod/datafile/dev_soainfra.466.1149178029
input datafile file number=00205 name=+DG_BPMPROD/bpmprod/datafile/dev_soainfra.476.1152979823
input datafile file number=00211 name=+DG_BPMPROD/bpmprod/datafile/dev_soainfra.482.1153990705
input datafile file number=00217 name=+DG_BPMPROD/bpmprod/datafile/dev_soainfra.488.1154702627
input datafile file number=00223 name=+DG_BPMPROD/bpmprod/datafile/dev_soainfra.494.1155920139
input datafile file number=00230 name=+DG_BPMPROD/bpmprod/datafile/dev_soainfra.501.1157380621
input datafile file number=00236 name=+DG_BPMPROD/bpmprod/datafile/dev_soainfra.507.1158658089
input datafile file number=00242 name=+DG_BPMPROD/bpmprod/datafile/dev_soainfra.513.1159870583
input datafile file number=00249 name=+DG_BPMPROD/bpmprod/datafile/dev_soainfra.520.1162977673
input datafile file number=00255 name=+DG_BPMPROD/bpmprod/datafile/dev_soainfra.526.1163498001
input datafile file number=00263 name=+DG_BPMPROD/bpmprod/datafile/dev_soainfra.534.1164532637
input datafile file number=00269 name=+DG_BPMPROD/bpmprod/datafile/dev_soainfra.540.1166443257
input datafile file number=00275 name=+DG_BPMPROD/bpmprod/datafile/dev_soainfra.546.1168965725
input datafile file number=00281 name=+DG_BPMPROD/bpmprod/datafile/dev_soainfra.552.1169630773
input datafile file number=00287 name=+DG_BPMPROD/bpmprod/datafile/dev_soainfra.558.1169661921
input datafile file number=00293 name=+DG_BPMPROD/bpmprod/datafile/dev_soainfra.564.1170696047
input datafile file number=00299 name=+DG_BPMPROD/bpmprod/datafile/dev_soainfra.570.1171623659
input datafile file number=00305 name=+DG_BPMPROD/bpmprod/datafile/dev_soainfra.576.1173952539
input datafile file number=00311 name=+DG_BPMPROD/bpmprod/datafile/dev_soainfra.582.1176801245
input datafile file number=00328 name=+DG_BPMPROD/bpmprod/datafile/dev_soainfra.599.1183888491
input datafile file number=00336 name=+DG_BPMPROD/bpmprod/datafile/dev_soainfra.607.1196005039
input datafile file number=00342 name=+DG_BPMPROD/bpmprod/datafile/dev_soainfra.613.1201706517
input datafile file number=00318 name=+DG_BPMPROD/bpmprod/datafile/dev_soainfra.589.1178794427
input datafile file number=00131 name=+DG_BPMPROD/bpmprod/datafile/dev_soainfra.402.1121446825
input datafile file number=00229 name=+DG_BPMPROD/bpmprod/datafile/dev_soainfra.500.1157216479
input datafile file number=00323 name=+DG_BPMPROD/bpmprod/datafile/dev_soainfra.594.1180004555
input datafile file number=00002 name=+DG_BPMPROD/bpmprod/datafile/sysaux.307.1049771805
input datafile file number=00021 name=+DG_BPMPROD/bpmprod/datafile/sysaux.308.1049771805
input datafile file number=00007 name=+DG_BPMPROD/bpmprod/datafile/dev_mds.261.1049769735
input datafile file number=00004 name=+DG_BPMPROD/bpmprod/datafile/users.256.1049769513
input datafile file number=00006 name=+DG_BPMPROD/bpmprod/datafile/dev_ias_orasdpm.258.1049769645
input datafile file number=00019 name=+DG_BPMPROD/bpmprod/datafile/dev_ias_orasdpm.259.1049769645
input datafile file number=00038 name=+DG_BPMPROD/bpmprod/datafile/users.257.1049769513
input datafile file number=00325 name=+DG_BPMPROD/bpmprod/datafile/dev_soainfra.596.1180004601
channel ch1: starting piece 1 at 15-JUL-25
channel ch2: starting compressed incremental level 1 datafile backup set
channel ch2: specifying datafile(s) in backup set
input datafile file number=00029 name=+DG_BPMPROD/bpmprod/datafile/dev_soainfra.265.1049770113
input datafile file number=00041 name=+DG_BPMPROD/bpmprod/datafile/dev_soainfra.287.1049770683
input datafile file number=00057 name=+DG_BPMPROD/bpmprod/datafile/dev_soainfra.328.1062151141
input datafile file number=00069 name=+DG_BPMPROD/bpmprod/datafile/dev_soainfra.340.1075197919
input datafile file number=00075 name=+DG_BPMPROD/bpmprod/datafile/dev_soainfra.346.1077816571
input datafile file number=00081 name=+DG_BPMPROD/bpmprod/datafile/dev_soainfra.352.1079275455
input datafile file number=00088 name=+DG_BPMPROD/bpmprod/datafile/dev_soainfra.359.1083342183
input datafile file number=00015 name=+DG_BPMPROD/bpmprod/datafile/dev_soainfra.270.1049770279
input datafile file number=00048 name=+DG_BPMPROD/bpmprod/datafile/dev_soainfra.275.1049770401
input datafile file number=00094 name=+DG_BPMPROD/bpmprod/datafile/dev_soainfra.365.1103987593
input datafile file number=00100 name=+DG_BPMPROD/bpmprod/datafile/dev_soainfra.371.1106069051
input datafile file number=00106 name=+DG_BPMPROD/bpmprod/datafile/dev_soainfra.377.1110360673
input datafile file number=00112 name=+DG_BPMPROD/bpmprod/datafile/dev_soainfra.383.1112429471
input datafile file number=00118 name=+DG_BPMPROD/bpmprod/datafile/dev_soainfra.389.1114680133
input datafile file number=00125 name=+DG_BPMPROD/bpmprod/datafile/dev_soainfra.396.1119517527
input datafile file number=00133 name=+DG_BPMPROD/bpmprod/datafile/dev_soainfra.404.1121525975
input datafile file number=00139 name=+DG_BPMPROD/bpmprod/datafile/dev_soainfra.410.1125653213
input datafile file number=00147 name=+DG_BPMPROD/bpmprod/datafile/dev_soainfra.418.1132277337
input datafile file number=00171 name=+DG_BPMPROD/bpmprod/datafile/dev_soainfra.442.1144311631
input datafile file number=00321 name=+DG_BPMPROD/bpmprod/datafile/dev_soainfra.592.1179917243
input datafile file number=00052 name=+DG_BPMPROD/bpmprod/datafile/dev_soainfra.274.1049770401
input datafile file number=00053 name=+DG_BPMPROD/bpmprod/datafile/dev_soainfra.276.1049770455
input datafile file number=00152 name=+DG_BPMPROD/bpmprod/datafile/dev_soainfra.423.1136051015
input datafile file number=00155 name=+DG_BPMPROD/bpmprod/datafile/dev_soainfra.426.1138096773
input datafile file number=00161 name=+DG_BPMPROD/bpmprod/datafile/dev_soainfra.432.1139412139
input datafile file number=00168 name=+DG_BPMPROD/bpmprod/datafile/dev_soainfra.439.1143022439
input datafile file number=00176 name=+DG_BPMPROD/bpmprod/datafile/dev_soainfra.447.1144315545
input datafile file number=00185 name=+DG_BPMPROD/bpmprod/datafile/dev_soainfra.456.1146043435
input datafile file number=00191 name=+DG_BPMPROD/bpmprod/datafile/dev_soainfra.462.1147598247
input datafile file number=00198 name=+DG_BPMPROD/bpmprod/datafile/dev_soainfra.469.1149263787
input datafile file number=00208 name=+DG_BPMPROD/bpmprod/datafile/dev_soainfra.479.1153051959
input datafile file number=00214 name=+DG_BPMPROD/bpmprod/datafile/dev_soainfra.485.1154078419
input datafile file number=00220 name=+DG_BPMPROD/bpmprod/datafile/dev_soainfra.491.1155311655
input datafile file number=00226 name=+DG_BPMPROD/bpmprod/datafile/dev_soainfra.497.1156614903
input datafile file number=00233 name=+DG_BPMPROD/bpmprod/datafile/dev_soainfra.504.1158054439
input datafile file number=00239 name=+DG_BPMPROD/bpmprod/datafile/dev_soainfra.510.1159004285
input datafile file number=00245 name=+DG_BPMPROD/bpmprod/datafile/dev_soainfra.516.1161359517
input datafile file number=00252 name=+DG_BPMPROD/bpmprod/datafile/dev_soainfra.523.1163439923
input datafile file number=00259 name=+DG_BPMPROD/bpmprod/datafile/dev_soainfra.530.1164298381
input datafile file number=00266 name=+DG_BPMPROD/bpmprod/datafile/dev_soainfra.537.1166442097
input datafile file number=00272 name=+DG_BPMPROD/bpmprod/datafile/dev_soainfra.543.1168249561
input datafile file number=00278 name=+DG_BPMPROD/bpmprod/datafile/dev_soainfra.549.1168966291
input datafile file number=00284 name=+DG_BPMPROD/bpmprod/datafile/dev_soainfra.555.1169655485
input datafile file number=00290 name=+DG_BPMPROD/bpmprod/datafile/dev_soainfra.561.1170692587
input datafile file number=00296 name=+DG_BPMPROD/bpmprod/datafile/dev_soainfra.567.1171623377
input datafile file number=00302 name=+DG_BPMPROD/bpmprod/datafile/dev_soainfra.573.1173184931
input datafile file number=00308 name=+DG_BPMPROD/bpmprod/datafile/dev_soainfra.579.1175599265
input datafile file number=00316 name=+DG_BPMPROD/bpmprod/datafile/dev_soainfra.587.1177667375
input datafile file number=00333 name=+DG_BPMPROD/bpmprod/datafile/dev_soainfra.604.1188469983
input datafile file number=00339 name=+DG_BPMPROD/bpmprod/datafile/dev_soainfra.610.1197548381
input datafile file number=00036 name=+DG_BPMPROD/bpmprod/datafile/dev_soainfra.280.1049770567
input datafile file number=00322 name=+DG_BPMPROD/bpmprod/datafile/dev_soainfra.593.1180003917
input datafile file number=00199 name=+DG_BPMPROD/bpmprod/datafile/dev_soainfra.470.1151927449
input datafile file number=00065 name=+DG_BPMPROD/bpmprod/datafile/sysaux.336.1074071607
input datafile file number=00324 name=+DG_BPMPROD/bpmprod/datafile/dev_soainfra.595.1180004575
channel ch2: starting piece 1 at 15-JUL-25
channel ch3: starting compressed incremental level 1 datafile backup set
channel ch3: specifying datafile(s) in backup set
input datafile file number=00031 name=+DG_BPMPROD/bpmprod/datafile/dev_soainfra.284.1049770647
input datafile file number=00042 name=+DG_BPMPROD/bpmprod/datafile/dev_soainfra.288.1049770717
input datafile file number=00058 name=+DG_BPMPROD/bpmprod/datafile/dev_soainfra.329.1062151219
input datafile file number=00070 name=+DG_BPMPROD/bpmprod/datafile/dev_soainfra.341.1075198033
input datafile file number=00076 name=+DG_BPMPROD/bpmprod/datafile/dev_soainfra.347.1077816573
input datafile file number=00082 name=+DG_BPMPROD/bpmprod/datafile/dev_soainfra.353.1079275455
input datafile file number=00089 name=+DG_BPMPROD/bpmprod/datafile/dev_soainfra.360.1083342201
input datafile file number=00023 name=+DG_BPMPROD/bpmprod/datafile/dev_soainfra.271.1049770279
input datafile file number=00056 name=+DG_BPMPROD/bpmprod/datafile/dev_soainfra.322.1054390155
input datafile file number=00095 name=+DG_BPMPROD/bpmprod/datafile/dev_soainfra.366.1104394989
input datafile file number=00101 name=+DG_BPMPROD/bpmprod/datafile/dev_soainfra.372.1106134475
input datafile file number=00107 name=+DG_BPMPROD/bpmprod/datafile/dev_soainfra.378.1110639105
input datafile file number=00113 name=+DG_BPMPROD/bpmprod/datafile/dev_soainfra.384.1113998169
input datafile file number=00119 name=+DG_BPMPROD/bpmprod/datafile/dev_soainfra.390.1118064259
input datafile file number=00126 name=+DG_BPMPROD/bpmprod/datafile/dev_soainfra.397.1119517677
input datafile file number=00134 name=+DG_BPMPROD/bpmprod/datafile/dev_soainfra.405.1122825053
input datafile file number=00142 name=+DG_BPMPROD/bpmprod/datafile/dev_soainfra.413.1128959437
input datafile file number=00148 name=+DG_BPMPROD/bpmprod/datafile/dev_soainfra.419.1132277363
input datafile file number=00172 name=+DG_BPMPROD/bpmprod/datafile/dev_soainfra.443.1144311681
input datafile file number=00140 name=+DG_BPMPROD/bpmprod/datafile/dev_soainfra.411.1126875341
input datafile file number=00141 name=+DG_BPMPROD/bpmprod/datafile/dev_soainfra.412.1126875397
input datafile file number=00064 name=+DG_BPMPROD/bpmprod/datafile/dev_soainfra.335.1071825573
input datafile file number=00153 name=+DG_BPMPROD/bpmprod/datafile/dev_soainfra.424.1136051079
input datafile file number=00156 name=+DG_BPMPROD/bpmprod/datafile/dev_soainfra.427.1138096837
input datafile file number=00162 name=+DG_BPMPROD/bpmprod/datafile/dev_soainfra.433.1139412345
input datafile file number=00169 name=+DG_BPMPROD/bpmprod/datafile/dev_soainfra.440.1143039403
input datafile file number=00177 name=+DG_BPMPROD/bpmprod/datafile/dev_soainfra.448.1144315765
input datafile file number=00186 name=+DG_BPMPROD/bpmprod/datafile/dev_soainfra.457.1146240733
input datafile file number=00193 name=+DG_BPMPROD/bpmprod/datafile/dev_soainfra.464.1148204835
input datafile file number=00203 name=+DG_BPMPROD/bpmprod/datafile/dev_soainfra.474.1152874737
input datafile file number=00209 name=+DG_BPMPROD/bpmprod/datafile/dev_soainfra.480.1153990569
input datafile file number=00215 name=+DG_BPMPROD/bpmprod/datafile/dev_soainfra.486.1154699029
input datafile file number=00221 name=+DG_BPMPROD/bpmprod/datafile/dev_soainfra.492.1155311723
input datafile file number=00227 name=+DG_BPMPROD/bpmprod/datafile/dev_soainfra.498.1156614975
input datafile file number=00234 name=+DG_BPMPROD/bpmprod/datafile/dev_soainfra.505.1158054501
input datafile file number=00240 name=+DG_BPMPROD/bpmprod/datafile/dev_soainfra.511.1159607577
input datafile file number=00246 name=+DG_BPMPROD/bpmprod/datafile/dev_soainfra.517.1161361631
input datafile file number=00253 name=+DG_BPMPROD/bpmprod/datafile/dev_soainfra.524.1163439999
input datafile file number=00260 name=+DG_BPMPROD/bpmprod/datafile/dev_soainfra.531.1164298425
input datafile file number=00267 name=+DG_BPMPROD/bpmprod/datafile/dev_soainfra.538.1166443127
input datafile file number=00273 name=+DG_BPMPROD/bpmprod/datafile/dev_soainfra.544.1168963197
input datafile file number=00279 name=+DG_BPMPROD/bpmprod/datafile/dev_soainfra.550.1168966607
input datafile file number=00285 name=+DG_BPMPROD/bpmprod/datafile/dev_soainfra.556.1169655539
input datafile file number=00291 name=+DG_BPMPROD/bpmprod/datafile/dev_soainfra.562.1170695901
input datafile file number=00297 name=+DG_BPMPROD/bpmprod/datafile/dev_soainfra.568.1171623421
input datafile file number=00303 name=+DG_BPMPROD/bpmprod/datafile/dev_soainfra.574.1173184999
input datafile file number=00309 name=+DG_BPMPROD/bpmprod/datafile/dev_soainfra.580.1175599327
input datafile file number=00320 name=+DG_BPMPROD/bpmprod/datafile/dev_soainfra.591.1179480937
input datafile file number=00334 name=+DG_BPMPROD/bpmprod/datafile/dev_soainfra.605.1188470093
input datafile file number=00340 name=+DG_BPMPROD/bpmprod/datafile/dev_soainfra.611.1197548435
input datafile file number=00120 name=+DG_BPMPROD/bpmprod/datafile/dev_soainfra.391.1118064389
input datafile file number=00327 name=+DG_BPMPROD/bpmprod/datafile/dev_soainfra.598.1182593139
input datafile file number=00181 name=+DG_BPMPROD/bpmprod/datafile/dev_soainfra.452.1144936523
input datafile file number=00200 name=+DG_BPMPROD/bpmprod/datafile/dev_soainfra.471.1151927517
channel ch3: starting piece 1 at 15-JUL-25
channel ch4: starting compressed incremental level 1 datafile backup set
channel ch4: specifying datafile(s) in backup set
input datafile file number=00028 name=+DG_BPMPROD/bpmprod/datafile/dev_soainfra.264.1049770113
input datafile file number=00040 name=+DG_BPMPROD/bpmprod/datafile/dev_soainfra.296.1049770871
input datafile file number=00051 name=+DG_BPMPROD/bpmprod/datafile/dev_soainfra.295.1049770825
input datafile file number=00068 name=+DG_BPMPROD/bpmprod/datafile/dev_soainfra.339.1075197919
input datafile file number=00074 name=+DG_BPMPROD/bpmprod/datafile/dev_soainfra.345.1077816571
input datafile file number=00080 name=+DG_BPMPROD/bpmprod/datafile/dev_soainfra.351.1079275453
input datafile file number=00087 name=+DG_BPMPROD/bpmprod/datafile/dev_soainfra.358.1081338327
input datafile file number=00014 name=+DG_BPMPROD/bpmprod/datafile/dev_soainfra.269.1049770225
input datafile file number=00046 name=+DG_BPMPROD/bpmprod/datafile/dev_soainfra.321.1054390099
input datafile file number=00093 name=+DG_BPMPROD/bpmprod/datafile/dev_soainfra.364.1103987379
input datafile file number=00099 name=+DG_BPMPROD/bpmprod/datafile/dev_soainfra.370.1106069019
input datafile file number=00105 name=+DG_BPMPROD/bpmprod/datafile/dev_soainfra.376.1106388275
input datafile file number=00111 name=+DG_BPMPROD/bpmprod/datafile/dev_soainfra.382.1112429409
input datafile file number=00117 name=+DG_BPMPROD/bpmprod/datafile/dev_soainfra.388.1114680073
input datafile file number=00124 name=+DG_BPMPROD/bpmprod/datafile/dev_soainfra.395.1118652693
input datafile file number=00132 name=+DG_BPMPROD/bpmprod/datafile/dev_soainfra.403.1121446867
input datafile file number=00138 name=+DG_BPMPROD/bpmprod/datafile/dev_soainfra.409.1125653157
input datafile file number=00146 name=+DG_BPMPROD/bpmprod/datafile/dev_soainfra.417.1132078675
input datafile file number=00166 name=+DG_BPMPROD/bpmprod/datafile/dev_soainfra.437.1143015841
input datafile file number=00317 name=+DG_BPMPROD/bpmprod/datafile/dev_soainfra.588.1178405953
input datafile file number=00067 name=+DG_BPMPROD/bpmprod/datafile/dev_soainfra.338.1075192965
input datafile file number=00063 name=+DG_BPMPROD/bpmprod/datafile/dev_soainfra.334.1071825573
input datafile file number=00083 name=+DG_BPMPROD/bpmprod/datafile/dev_soainfra.354.1080225989
input datafile file number=00159 name=+DG_BPMPROD/bpmprod/datafile/dev_soainfra.430.1138724255
input datafile file number=00165 name=+DG_BPMPROD/bpmprod/datafile/dev_soainfra.436.1142165763
input datafile file number=00174 name=+DG_BPMPROD/bpmprod/datafile/dev_soainfra.445.1144315155
input datafile file number=00183 name=+DG_BPMPROD/bpmprod/datafile/dev_soainfra.454.1145785139
input datafile file number=00189 name=+DG_BPMPROD/bpmprod/datafile/dev_soainfra.460.1146993577
input datafile file number=00196 name=+DG_BPMPROD/bpmprod/datafile/dev_soainfra.467.1149178091
input datafile file number=00206 name=+DG_BPMPROD/bpmprod/datafile/dev_soainfra.477.1152980345
input datafile file number=00212 name=+DG_BPMPROD/bpmprod/datafile/dev_soainfra.483.1153990759
input datafile file number=00218 name=+DG_BPMPROD/bpmprod/datafile/dev_soainfra.489.1154776959
input datafile file number=00224 name=+DG_BPMPROD/bpmprod/datafile/dev_soainfra.495.1155920469
input datafile file number=00231 name=+DG_BPMPROD/bpmprod/datafile/dev_soainfra.502.1157380765
input datafile file number=00237 name=+DG_BPMPROD/bpmprod/datafile/dev_soainfra.508.1158658129
input datafile file number=00243 name=+DG_BPMPROD/bpmprod/datafile/dev_soainfra.514.1161341509
input datafile file number=00250 name=+DG_BPMPROD/bpmprod/datafile/dev_soainfra.521.1163324303
input datafile file number=00257 name=+DG_BPMPROD/bpmprod/datafile/dev_soainfra.528.1164297829
input datafile file number=00264 name=+DG_BPMPROD/bpmprod/datafile/dev_soainfra.535.1164532677
input datafile file number=00270 name=+DG_BPMPROD/bpmprod/datafile/dev_soainfra.541.1166443455
input datafile file number=00276 name=+DG_BPMPROD/bpmprod/datafile/dev_soainfra.547.1168965799
input datafile file number=00282 name=+DG_BPMPROD/bpmprod/datafile/dev_soainfra.553.1169655317
input datafile file number=00288 name=+DG_BPMPROD/bpmprod/datafile/dev_soainfra.559.1170678277
input datafile file number=00294 name=+DG_BPMPROD/bpmprod/datafile/dev_soainfra.565.1171532067
input datafile file number=00300 name=+DG_BPMPROD/bpmprod/datafile/dev_soainfra.571.1172393549
input datafile file number=00306 name=+DG_BPMPROD/bpmprod/datafile/dev_soainfra.577.1173952635
input datafile file number=00314 name=+DG_BPMPROD/bpmprod/datafile/dev_soainfra.585.1177667239
input datafile file number=00329 name=+DG_BPMPROD/bpmprod/datafile/dev_soainfra.600.1184490697
input datafile file number=00337 name=+DG_BPMPROD/bpmprod/datafile/dev_soainfra.608.1196005165
input datafile file number=00201 name=+DG_BPMPROD/bpmprod/datafile/dev_soainfra.472.1152838783
input datafile file number=00256 name=+DG_BPMPROD/bpmprod/datafile/dev_soainfra.527.1164274301
input datafile file number=00331 name=+DG_BPMPROD/bpmprod/datafile/dev_soainfra.602.1185121219
input datafile file number=00312 name=+DG_BPMPROD/bpmprod/datafile/dev_soainfra.583.1177002033
input datafile file number=00313 name=+DG_BPMPROD/bpmprod/datafile/dev_soainfra.584.1177002425
channel ch4: starting piece 1 at 15-JUL-25
channel ch2: finished piece 1 at 15-JUL-25
piece handle=3fc90592-511f-4200-aedc-48597064f4c8/RMAN_incr_1062634547_BPMPROD_20250715_pr3ul3pq_1_1.vab tag=FULL_BPMPROD_12072025_11H57 comment=API Version 2.0,MMS Version 12.3.0.54
channel ch2: backup set complete, elapsed time: 00:49:27
channel ch2: starting compressed incremental level 1 datafile backup set
channel ch2: specifying datafile(s) in backup set
input datafile file number=00026 name=+DG_BPMPROD/bpmprod/datafile/dev_soainfra.262.1049770057
input datafile file number=00037 name=+DG_BPMPROD/bpmprod/datafile/dev_soainfra.285.1049770647
input datafile file number=00044 name=+DG_BPMPROD/bpmprod/datafile/dev_soainfra.290.1049770753
input datafile file number=00061 name=+DG_BPMPROD/bpmprod/datafile/dev_soainfra.332.1062348867
input datafile file number=00072 name=+DG_BPMPROD/bpmprod/datafile/dev_soainfra.343.1076433837
input datafile file number=00078 name=+DG_BPMPROD/bpmprod/datafile/dev_soainfra.349.1079275425
input datafile file number=00085 name=+DG_BPMPROD/bpmprod/datafile/dev_soainfra.356.1080818017
input datafile file number=00012 name=+DG_BPMPROD/bpmprod/datafile/dev_soainfra.267.1049770169
input datafile file number=00030 name=+DG_BPMPROD/bpmprod/datafile/dev_soainfra.273.1049770345
input datafile file number=00091 name=+DG_BPMPROD/bpmprod/datafile/dev_soainfra.362.1102163153
input datafile file number=00097 name=+DG_BPMPROD/bpmprod/datafile/dev_soainfra.368.1105437259
input datafile file number=00103 name=+DG_BPMPROD/bpmprod/datafile/dev_soainfra.374.1106210039
input datafile file number=00109 name=+DG_BPMPROD/bpmprod/datafile/dev_soainfra.380.1111922579
input datafile file number=00115 name=+DG_BPMPROD/bpmprod/datafile/dev_soainfra.386.1114000629
input datafile file number=00122 name=+DG_BPMPROD/bpmprod/datafile/dev_soainfra.393.1118650135
input datafile file number=00128 name=+DG_BPMPROD/bpmprod/datafile/dev_soainfra.399.1119526191
input datafile file number=00136 name=+DG_BPMPROD/bpmprod/datafile/dev_soainfra.407.1125653123
input datafile file number=00144 name=+DG_BPMPROD/bpmprod/datafile/dev_soainfra.415.1131473361
input datafile file number=00150 name=+DG_BPMPROD/bpmprod/datafile/dev_soainfra.421.1133256631
input datafile file number=00180 name=+DG_BPMPROD/bpmprod/datafile/dev_soainfra.451.1144503593
input datafile file number=00034 name=+DG_BPMPROD/bpmprod/datafile/dev_soainfra.294.1049770825
input datafile file number=00047 name=+DG_BPMPROD/bpmprod/datafile/dev_soainfra.291.1049770753
input datafile file number=00202 name=+DG_BPMPROD/bpmprod/datafile/dev_soainfra.473.1152838865
input datafile file number=00157 name=+DG_BPMPROD/bpmprod/datafile/dev_soainfra.428.1138724169
input datafile file number=00163 name=+DG_BPMPROD/bpmprod/datafile/dev_soainfra.434.1139412489
input datafile file number=00170 name=+DG_BPMPROD/bpmprod/datafile/dev_soainfra.441.1143039491
input datafile file number=00178 name=+DG_BPMPROD/bpmprod/datafile/dev_soainfra.449.1144335065
input datafile file number=00187 name=+DG_BPMPROD/bpmprod/datafile/dev_soainfra.458.1146240805
input datafile file number=00194 name=+DG_BPMPROD/bpmprod/datafile/dev_soainfra.465.1148555903
input datafile file number=00204 name=+DG_BPMPROD/bpmprod/datafile/dev_soainfra.475.1152979773
input datafile file number=00210 name=+DG_BPMPROD/bpmprod/datafile/dev_soainfra.481.1153990619
input datafile file number=00216 name=+DG_BPMPROD/bpmprod/datafile/dev_soainfra.487.1154699081
input datafile file number=00222 name=+DG_BPMPROD/bpmprod/datafile/dev_soainfra.493.1155900889
input datafile file number=00228 name=+DG_BPMPROD/bpmprod/datafile/dev_soainfra.499.1157191173
input datafile file number=00235 name=+DG_BPMPROD/bpmprod/datafile/dev_soainfra.506.1158054547
input datafile file number=00241 name=+DG_BPMPROD/bpmprod/datafile/dev_soainfra.512.1159607679
input datafile file number=00247 name=+DG_BPMPROD/bpmprod/datafile/dev_soainfra.518.1161361761
input datafile file number=00254 name=+DG_BPMPROD/bpmprod/datafile/dev_soainfra.525.1163440059
input datafile file number=00262 name=+DG_BPMPROD/bpmprod/datafile/dev_soainfra.533.1164532577
input datafile file number=00268 name=+DG_BPMPROD/bpmprod/datafile/dev_soainfra.539.1166443191
input datafile file number=00274 name=+DG_BPMPROD/bpmprod/datafile/dev_soainfra.545.1168965563
input datafile file number=00280 name=+DG_BPMPROD/bpmprod/datafile/dev_soainfra.551.1169630373
input datafile file number=00286 name=+DG_BPMPROD/bpmprod/datafile/dev_soainfra.557.1169655593
input datafile file number=00292 name=+DG_BPMPROD/bpmprod/datafile/dev_soainfra.563.1170695951
input datafile file number=00298 name=+DG_BPMPROD/bpmprod/datafile/dev_soainfra.569.1171623543
input datafile file number=00304 name=+DG_BPMPROD/bpmprod/datafile/dev_soainfra.575.1173185107
input datafile file number=00310 name=+DG_BPMPROD/bpmprod/datafile/dev_soainfra.581.1176385417
input datafile file number=00326 name=+DG_BPMPROD/bpmprod/datafile/dev_soainfra.597.1182333439
input datafile file number=00335 name=+DG_BPMPROD/bpmprod/datafile/dev_soainfra.606.1188470221
input datafile file number=00341 name=+DG_BPMPROD/bpmprod/datafile/dev_soainfra.612.1201706417
input datafile file number=00192 name=+DG_BPMPROD/bpmprod/datafile/dev_soainfra.463.1147858177
input datafile file number=00330 name=+DG_BPMPROD/bpmprod/datafile/dev_soainfra.601.1185121105
input datafile file number=00054 name=+DG_BPMPROD/bpmprod/datafile/undotb1.303.1049771449
input datafile file number=00055 name=+DG_BPMPROD/bpmprod/datafile/undotb2.304.1049771521
input datafile file number=00016 name=+DG_BPMPROD/bpmprod/datafile/dev_mds.260.1049769735
channel ch2: starting piece 1 at 15-JUL-25
channel ch3: finished piece 1 at 15-JUL-25
piece handle=3fc90592-511f-4200-aedc-48597064f4c8/RMAN_incr_1062634547_BPMPROD_20250715_ps3ul3pq_1_1.vab tag=FULL_BPMPROD_12072025_11H57 comment=API Version 2.0,MMS Version 12.3.0.54
channel ch3: backup set complete, elapsed time: 00:49:27
channel ch3: starting compressed incremental level 1 datafile backup set
channel ch3: specifying datafile(s) in backup set
input datafile file number=00027 name=+DG_BPMPROD/bpmprod/datafile/dev_soainfra.263.1049770057
input datafile file number=00039 name=+DG_BPMPROD/bpmprod/datafile/dev_soainfra.286.1049770683
input datafile file number=00050 name=+DG_BPMPROD/bpmprod/datafile/dev_soainfra.293.1049770789
input datafile file number=00062 name=+DG_BPMPROD/bpmprod/datafile/dev_soainfra.333.1070011639
input datafile file number=00073 name=+DG_BPMPROD/bpmprod/datafile/dev_soainfra.344.1076433837
input datafile file number=00079 name=+DG_BPMPROD/bpmprod/datafile/dev_soainfra.350.1079275427
input datafile file number=00086 name=+DG_BPMPROD/bpmprod/datafile/dev_soainfra.357.1080818031
input datafile file number=00013 name=+DG_BPMPROD/bpmprod/datafile/dev_soainfra.268.1049770225
input datafile file number=00045 name=+DG_BPMPROD/bpmprod/datafile/dev_soainfra.320.1054375827
input datafile file number=00092 name=+DG_BPMPROD/bpmprod/datafile/dev_soainfra.363.1102163189
input datafile file number=00098 name=+DG_BPMPROD/bpmprod/datafile/dev_soainfra.369.1105437897
input datafile file number=00104 name=+DG_BPMPROD/bpmprod/datafile/dev_soainfra.375.1106388193
input datafile file number=00110 name=+DG_BPMPROD/bpmprod/datafile/dev_soainfra.381.1111923691
input datafile file number=00116 name=+DG_BPMPROD/bpmprod/datafile/dev_soainfra.387.1114000667
input datafile file number=00123 name=+DG_BPMPROD/bpmprod/datafile/dev_soainfra.394.1118650175
input datafile file number=00129 name=+DG_BPMPROD/bpmprod/datafile/dev_soainfra.400.1119528565
input datafile file number=00137 name=+DG_BPMPROD/bpmprod/datafile/dev_soainfra.408.1125653141
input datafile file number=00145 name=+DG_BPMPROD/bpmprod/datafile/dev_soainfra.416.1132077937
input datafile file number=00151 name=+DG_BPMPROD/bpmprod/datafile/dev_soainfra.422.1136050957
input datafile file number=00248 name=+DG_BPMPROD/bpmprod/datafile/dev_soainfra.519.1162727851
input datafile file number=00059 name=+DG_BPMPROD/bpmprod/datafile/dev_soainfra.330.1062347631
input datafile file number=00049 name=+DG_BPMPROD/bpmprod/datafile/dev_soainfra.292.1049770789
input datafile file number=00130 name=+DG_BPMPROD/bpmprod/datafile/dev_soainfra.401.1121446753
input datafile file number=00154 name=+DG_BPMPROD/bpmprod/datafile/dev_soainfra.425.1136051191
input datafile file number=00160 name=+DG_BPMPROD/bpmprod/datafile/dev_soainfra.431.1138724329
input datafile file number=00167 name=+DG_BPMPROD/bpmprod/datafile/dev_soainfra.438.1143022361
input datafile file number=00175 name=+DG_BPMPROD/bpmprod/datafile/dev_soainfra.446.1144315241
input datafile file number=00184 name=+DG_BPMPROD/bpmprod/datafile/dev_soainfra.455.1145786331
input datafile file number=00190 name=+DG_BPMPROD/bpmprod/datafile/dev_soainfra.461.1146993661
input datafile file number=00197 name=+DG_BPMPROD/bpmprod/datafile/dev_soainfra.468.1149263741
input datafile file number=00207 name=+DG_BPMPROD/bpmprod/datafile/dev_soainfra.478.1153051841
input datafile file number=00213 name=+DG_BPMPROD/bpmprod/datafile/dev_soainfra.484.1154078369
input datafile file number=00219 name=+DG_BPMPROD/bpmprod/datafile/dev_soainfra.490.1154777007
input datafile file number=00225 name=+DG_BPMPROD/bpmprod/datafile/dev_soainfra.496.1156589255
input datafile file number=00232 name=+DG_BPMPROD/bpmprod/datafile/dev_soainfra.503.1157381003
input datafile file number=00238 name=+DG_BPMPROD/bpmprod/datafile/dev_soainfra.509.1159004225
input datafile file number=00244 name=+DG_BPMPROD/bpmprod/datafile/dev_soainfra.515.1161359333
input datafile file number=00251 name=+DG_BPMPROD/bpmprod/datafile/dev_soainfra.522.1163439873
input datafile file number=00258 name=+DG_BPMPROD/bpmprod/datafile/dev_soainfra.529.1164297955
input datafile file number=00265 name=+DG_BPMPROD/bpmprod/datafile/dev_soainfra.536.1166442043
input datafile file number=00271 name=+DG_BPMPROD/bpmprod/datafile/dev_soainfra.542.1168249443
input datafile file number=00277 name=+DG_BPMPROD/bpmprod/datafile/dev_soainfra.548.1168966127
input datafile file number=00283 name=+DG_BPMPROD/bpmprod/datafile/dev_soainfra.554.1169655401
input datafile file number=00289 name=+DG_BPMPROD/bpmprod/datafile/dev_soainfra.560.1170692545
input datafile file number=00295 name=+DG_BPMPROD/bpmprod/datafile/dev_soainfra.566.1171623267
input datafile file number=00301 name=+DG_BPMPROD/bpmprod/datafile/dev_soainfra.572.1173184881
input datafile file number=00307 name=+DG_BPMPROD/bpmprod/datafile/dev_soainfra.578.1173952851
input datafile file number=00315 name=+DG_BPMPROD/bpmprod/datafile/dev_soainfra.586.1177667287
input datafile file number=00332 name=+DG_BPMPROD/bpmprod/datafile/dev_soainfra.603.1188469893
input datafile file number=00338 name=+DG_BPMPROD/bpmprod/datafile/dev_soainfra.609.1196675941
input datafile file number=00035 name=+DG_BPMPROD/bpmprod/datafile/dev_soainfra.279.1049770511
input datafile file number=00319 name=+DG_BPMPROD/bpmprod/datafile/dev_soainfra.590.1178794671
input datafile file number=00261 name=+DG_BPMPROD/bpmprod/datafile/dev_soainfra.532.1164520801
input datafile file number=00066 name=+DG_BPMPROD/bpmprod/datafile/sysaux.337.1074071697
input datafile file number=00001 name=+DG_BPMPROD/bpmprod/datafile/system.305.1049771789
input datafile file number=00022 name=+DG_BPMPROD/bpmprod/datafile/system.306.1049771789
input datafile file number=00009 name=+DG_BPMPROD/bpmprod/datafile/dev_orabam.297.1049771039
input datafile file number=00011 name=+DG_BPMPROD/bpmprod/datafile/dev_ias_opss.302.1049771183
input datafile file number=00018 name=+DG_BPMPROD/bpmprod/datafile/dev_ias_opss.301.1049771183
input datafile file number=00017 name=+DG_BPMPROD/bpmprod/datafile/dev_orabam.298.1049771039
input datafile file number=00020 name=+DG_BPMPROD/bpmprod/datafile/leasing.300.1049771109
input datafile file number=00010 name=+DG_BPMPROD/bpmprod/datafile/leasing.299.1049771109
channel ch3: starting piece 1 at 15-JUL-25
channel ch4: finished piece 1 at 15-JUL-25
piece handle=3fc90592-511f-4200-aedc-48597064f4c8/RMAN_incr_1062634547_BPMPROD_20250715_pt3ul3pr_1_1.vab tag=FULL_BPMPROD_12072025_11H57 comment=API Version 2.0,MMS Version 12.3.0.54
channel ch4: backup set complete, elapsed time: 00:49:29
channel ch4: starting compressed incremental level 1 datafile backup set
channel ch4: specifying datafile(s) in backup set
channel ch1: finished piece 1 at 15-JUL-25
piece handle=3fc90592-511f-4200-aedc-48597064f4c8/RMAN_incr_1062634547_BPMPROD_20250715_pq3ul3pp_1_1.vab tag=FULL_BPMPROD_12072025_11H57 comment=API Version 2.0,MMS Version 12.3.0.54
channel ch1: backup set complete, elapsed time: 00:49:30
including current control file in backup set
channel ch4: starting piece 1 at 15-JUL-25
channel ch4: finished piece 1 at 15-JUL-25
piece handle=3fc90592-511f-4200-aedc-48597064f4c8/RMAN_incr_1062634547_BPMPROD_20250715_q03ul6mk_1_1.vab tag=FULL_BPMPROD_12072025_11H57 comment=API Version 2.0,MMS Version 12.3.0.54
channel ch4: backup set complete, elapsed time: 00:00:07
channel ch2: finished piece 1 at 15-JUL-25
piece handle=3fc90592-511f-4200-aedc-48597064f4c8/RMAN_incr_1062634547_BPMPROD_20250715_pu3ul6mh_1_1.vab tag=FULL_BPMPROD_12072025_11H57 comment=API Version 2.0,MMS Version 12.3.0.54
channel ch2: backup set complete, elapsed time: 00:32:18
channel ch3: finished piece 1 at 15-JUL-25
piece handle=3fc90592-511f-4200-aedc-48597064f4c8/RMAN_incr_1062634547_BPMPROD_20250715_pv3ul6mj_1_1.vab tag=FULL_BPMPROD_12072025_11H57 comment=API Version 2.0,MMS Version 12.3.0.54
channel ch3: backup set complete, elapsed time: 00:32:16

backup will be obsolete on date 22-JUL-25
archived logs required to recover from this backup will be backed up
channel ch1: starting compressed full datafile backup set
channel ch1: specifying datafile(s) in backup set
including current SPFILE in backup set
channel ch1: starting piece 1 at 15-JUL-25
channel ch1: finished piece 1 at 15-JUL-25
piece handle=3fc90592-511f-4200-aedc-48597064f4c8/RMAN_incr_1062634547_BPMPROD_20250715_q13ul8j4_1_1.vab tag=FULL_BPMPROD_12072025_11H57 comment=API Version 2.0,MMS Version 12.3.0.54
channel ch1: backup set complete, elapsed time: 00:00:15

current log archived
backup will be obsolete on date 22-JUL-25
archived logs required to recover from this backup will be backed up
channel ch1: starting compressed archived log backup set
channel ch1: specifying archived log(s) in backup set
input archived log thread=1 sequence=527092 RECID=1053257 STAMP=1206554413
channel ch1: starting piece 1 at 15-JUL-25
channel ch2: starting compressed archived log backup set
channel ch2: specifying archived log(s) in backup set
input archived log thread=2 sequence=526769 RECID=1053258 STAMP=1206559350
channel ch2: starting piece 1 at 15-JUL-25
channel ch3: starting compressed archived log backup set
channel ch3: specifying archived log(s) in backup set
input archived log thread=1 sequence=527093 RECID=1053259 STAMP=1206559351
channel ch3: starting piece 1 at 15-JUL-25
channel ch1: finished piece 1 at 15-JUL-25
piece handle=3fc90592-511f-4200-aedc-48597064f4c8/RMAN_incr_1062634547_BPMPROD_20250715_q23ul8jp_1_1.vab tag=FULL_BPMPROD_12072025_11H57 comment=API Version 2.0,MMS Version 12.3.0.54
channel ch1: backup set complete, elapsed time: 00:00:15
channel ch2: finished piece 1 at 15-JUL-25
piece handle=3fc90592-511f-4200-aedc-48597064f4c8/RMAN_incr_1062634547_BPMPROD_20250715_q33ul8jp_1_1.vab tag=FULL_BPMPROD_12072025_11H57 comment=API Version 2.0,MMS Version 12.3.0.54
channel ch2: backup set complete, elapsed time: 00:00:15
channel ch3: finished piece 1 at 15-JUL-25
piece handle=3fc90592-511f-4200-aedc-48597064f4c8/RMAN_incr_1062634547_BPMPROD_20250715_q43ul8jp_1_1.vab tag=FULL_BPMPROD_12072025_11H57 comment=API Version 2.0,MMS Version 12.3.0.54
channel ch3: backup set complete, elapsed time: 00:00:15

backup will be obsolete on date 22-JUL-25
archived logs required to recover from this backup will be backed up
channel ch1: starting compressed full datafile backup set
channel ch1: specifying datafile(s) in backup set
including current control file in backup set
channel ch1: starting piece 1 at 15-JUL-25
channel ch1: finished piece 1 at 15-JUL-25
piece handle=3fc90592-511f-4200-aedc-48597064f4c8/RMAN_incr_1062634547_BPMPROD_20250715_q53ul8k8_1_1.vab tag=FULL_BPMPROD_12072025_11H57 comment=API Version 2.0,MMS Version 12.3.0.54
channel ch1: backup set complete, elapsed time: 00:00:07
Finished backup at 15-JUL-25

Starting backup at 15-JUL-25
current log archived
backup will be obsolete on date 22-JUL-25
archived logs required to recover from this backup will be backed up
skipping archived logs of thread 1 from sequence 527092 to 527093; already backed up
skipping archived log of thread 2 with sequence 526769; already backed up
channel ch1: starting compressed archived log backup set
channel ch1: specifying archived log(s) in backup set
input archived log thread=2 sequence=526763 RECID=1053244 STAMP=1206411605
input archived log thread=1 sequence=527084 RECID=1053243 STAMP=1206399617
input archived log thread=1 sequence=527085 RECID=1053245 STAMP=1206433838
input archived log thread=2 sequence=526764 RECID=1053247 STAMP=1206449945
channel ch1: starting piece 1 at 15-JUL-25
channel ch2: starting compressed archived log backup set
channel ch2: specifying archived log(s) in backup set
input archived log thread=1 sequence=527086 RECID=1053246 STAMP=1206449588
input archived log thread=1 sequence=527087 RECID=1053248 STAMP=1206463501
input archived log thread=2 sequence=526765 RECID=1053250 STAMP=1206483014
input archived log thread=1 sequence=527088 RECID=1053249 STAMP=1206477200
channel ch2: starting piece 1 at 15-JUL-25
channel ch3: starting compressed archived log backup set
channel ch3: specifying archived log(s) in backup set
input archived log thread=1 sequence=527089 RECID=1053251 STAMP=1206507620
input archived log thread=2 sequence=526766 RECID=1053252 STAMP=1206510136
input archived log thread=1 sequence=527090 RECID=1053253 STAMP=1206534884
input archived log thread=2 sequence=526767 RECID=1053254 STAMP=1206542007
channel ch3: starting piece 1 at 15-JUL-25
channel ch4: starting compressed archived log backup set
channel ch4: specifying archived log(s) in backup set
input archived log thread=1 sequence=527091 RECID=1053255 STAMP=1206552144
input archived log thread=2 sequence=526768 RECID=1053256 STAMP=1206554411
input archived log thread=2 sequence=526770 RECID=1053261 STAMP=1206559387
input archived log thread=1 sequence=527094 RECID=1053260 STAMP=1206559386
channel ch4: starting piece 1 at 15-JUL-25
channel ch4: finished piece 1 at 15-JUL-25
piece handle=3fc90592-511f-4200-aedc-48597064f4c8/RMAN_incr_1062634547_BPMPROD_20250715_q93ul8ks_1_1.vab tag=FULL_BPMPROD_12072025_11H57 comment=API Version 2.0,MMS Version 12.3.0.54
channel ch4: backup set complete, elapsed time: 00:00:25
channel ch4: deleting archived log(s)
archived log file name=+DG_FRA/bpmprod/archivelog/2025_07_15/thread_1_seq_527091.1903.1206552145 RECID=1053255 STAMP=1206552144
archived log file name=+DG_FRA/bpmprod/archivelog/2025_07_15/thread_2_seq_526768.11973.1206554411 RECID=1053256 STAMP=1206554411
archived log file name=+DG_FRA/bpmprod/archivelog/2025_07_15/thread_2_seq_526770.12964.1206559387 RECID=1053261 STAMP=1206559387
archived log file name=+DG_FRA/bpmprod/archivelog/2025_07_15/thread_1_seq_527094.11935.1206559387 RECID=1053260 STAMP=1206559386
channel ch4: deleting archived log(s)
archived log file name=+DG_FRA/bpmprod/archivelog/2025_07_15/thread_1_seq_527092.13069.1206554413 RECID=1053257 STAMP=1206554413
archived log file name=+DG_FRA/bpmprod/archivelog/2025_07_15/thread_1_seq_527093.10295.1206559351 RECID=1053259 STAMP=1206559351
archived log file name=+DG_FRA/bpmprod/archivelog/2025_07_15/thread_2_seq_526769.12706.1206559349 RECID=1053258 STAMP=1206559350
channel ch1: finished piece 1 at 15-JUL-25
piece handle=3fc90592-511f-4200-aedc-48597064f4c8/RMAN_incr_1062634547_BPMPROD_20250715_q63ul8ks_1_1.vab tag=FULL_BPMPROD_12072025_11H57 comment=API Version 2.0,MMS Version 12.3.0.54
channel ch1: backup set complete, elapsed time: 00:00:46
channel ch1: deleting archived log(s)
archived log file name=+DG_FRA/bpmprod/archivelog/2025_07_14/thread_2_seq_526763.5183.1206411605 RECID=1053244 STAMP=1206411605
archived log file name=+DG_FRA/bpmprod/archivelog/2025_07_13/thread_1_seq_527084.5885.1206399617 RECID=1053243 STAMP=1206399617
archived log file name=+DG_FRA/bpmprod/archivelog/2025_07_14/thread_1_seq_527085.11127.1206433839 RECID=1053245 STAMP=1206433838
archived log file name=+DG_FRA/bpmprod/archivelog/2025_07_14/thread_2_seq_526764.311.1206449945 RECID=1053247 STAMP=1206449945
channel ch3: finished piece 1 at 15-JUL-25
piece handle=3fc90592-511f-4200-aedc-48597064f4c8/RMAN_incr_1062634547_BPMPROD_20250715_q83ul8ks_1_1.vab tag=FULL_BPMPROD_12072025_11H57 comment=API Version 2.0,MMS Version 12.3.0.54
channel ch3: backup set complete, elapsed time: 00:00:47
channel ch3: deleting archived log(s)
archived log file name=+DG_FRA/bpmprod/archivelog/2025_07_15/thread_1_seq_527089.11740.1206507621 RECID=1053251 STAMP=1206507620
archived log file name=+DG_FRA/bpmprod/archivelog/2025_07_15/thread_2_seq_526766.12685.1206510135 RECID=1053252 STAMP=1206510136
archived log file name=+DG_FRA/bpmprod/archivelog/2025_07_15/thread_1_seq_527090.10790.1206534883 RECID=1053253 STAMP=1206534884
archived log file name=+DG_FRA/bpmprod/archivelog/2025_07_15/thread_2_seq_526767.11366.1206542007 RECID=1053254 STAMP=1206542007
channel ch2: finished piece 1 at 15-JUL-25
piece handle=3fc90592-511f-4200-aedc-48597064f4c8/RMAN_incr_1062634547_BPMPROD_20250715_q73ul8ks_1_1.vab tag=FULL_BPMPROD_12072025_11H57 comment=API Version 2.0,MMS Version 12.3.0.54
channel ch2: backup set complete, elapsed time: 00:00:57
channel ch2: deleting archived log(s)
archived log file name=+DG_FRA/bpmprod/archivelog/2025_07_14/thread_1_seq_527086.11525.1206449587 RECID=1053246 STAMP=1206449588
archived log file name=+DG_FRA/bpmprod/archivelog/2025_07_14/thread_1_seq_527087.11193.1206463501 RECID=1053248 STAMP=1206463501
archived log file name=+DG_FRA/bpmprod/archivelog/2025_07_14/thread_2_seq_526765.6779.1206483013 RECID=1053250 STAMP=1206483014
RMAN-08118: WARNING: could not delete the following archived redo log
archived log file name=+DG_FRA/bpmprod/archivelog/2025_07_14/thread_2_seq_526765.6779.1206483013 thread=2 sequence=526765
error from target database: 
ORA-15028: ASM file '+DG_FRA/bpmprod/archivelog/2025_07_14/thread_2_seq_526765.6779.1206483013' not dropped; currently being accessed

archived log file name=+DG_FRA/bpmprod/archivelog/2025_07_14/thread_1_seq_527088.12486.1206477199 RECID=1053249 STAMP=1206477200
RMAN-08118: WARNING: could not delete the following archived redo log
archived log file name=+DG_FRA/bpmprod/archivelog/2025_07_14/thread_1_seq_527088.12486.1206477199 thread=1 sequence=527088
error from target database: 
ORA-15028: ASM file '+DG_FRA/bpmprod/archivelog/2025_07_14/thread_1_seq_527088.12486.1206477199' not dropped; currently being accessed

Finished backup at 15-JUL-25

released channel: ch1

released channel: ch2

released channel: ch3

released channel: ch4

RMAN retention policy will be applied to the command
RMAN retention policy is set to redundancy 1
allocated channel: ORA_DISK_1
channel ORA_DISK_1: SID=17 instance=bpmprod2 device type=DISK
allocated channel: ORA_DISK_2
channel ORA_DISK_2: SID=294 instance=bpmprod2 device type=DISK
allocated channel: ORA_SBT_TAPE_1
channel ORA_SBT_TAPE_1: SID=1151 instance=bpmprod2 device type=SBT_TAPE
channel ORA_SBT_TAPE_1: Veeam Plug-in for Oracle RMAN
allocated channel: ORA_SBT_TAPE_2
channel ORA_SBT_TAPE_2: SID=1430 instance=bpmprod2 device type=SBT_TAPE
channel ORA_SBT_TAPE_2: Veeam Plug-in for Oracle RMAN
allocated channel: ORA_SBT_TAPE_3
channel ORA_SBT_TAPE_3: SID=578 instance=bpmprod2 device type=SBT_TAPE
channel ORA_SBT_TAPE_3: Veeam Plug-in for Oracle RMAN
allocated channel: ORA_SBT_TAPE_4
channel ORA_SBT_TAPE_4: SID=1152 instance=bpmprod2 device type=SBT_TAPE
channel ORA_SBT_TAPE_4: Veeam Plug-in for Oracle RMAN
Deleting the following obsolete backups and copies:
Type                 Key    Completion Time    Filename/Handle
-------------------- ------ ------------------ --------------------
Backup Set           50549  13-JUN-25         
  Backup Piece       87929  13-JUN-25          3fc90592-511f-4200-aedc-48597064f4c8/RMAN_full_1062634547_BPMPROD_20250613_u63ruhfr_2_1.vab
Backup Set           50549  13-JUN-25         
  Backup Piece       87925  13-JUN-25          3fc90592-511f-4200-aedc-48597064f4c8/RMAN_full_1062634547_BPMPROD_20250613_u63ruhfr_1_1.vab
Backup Set           50551  13-JUN-25         
  Backup Piece       87932  13-JUN-25          3fc90592-511f-4200-aedc-48597064f4c8/RMAN_full_1062634547_BPMPROD_20250613_u73ruhfr_2_1.vab
Backup Set           50551  13-JUN-25         
  Backup Piece       87927  13-JUN-25          3fc90592-511f-4200-aedc-48597064f4c8/RMAN_full_1062634547_BPMPROD_20250613_u73ruhfr_1_1.vab
Backup Set           50552  13-JUN-25         
  Backup Piece       87934  13-JUN-25          3fc90592-511f-4200-aedc-48597064f4c8/RMAN_full_1062634547_BPMPROD_20250613_u83ruhfr_2_1.vab
Backup Set           50552  13-JUN-25         
  Backup Piece       87928  13-JUN-25          3fc90592-511f-4200-aedc-48597064f4c8/RMAN_full_1062634547_BPMPROD_20250613_u83ruhfr_1_1.vab
Backup Set           50554  13-JUN-25         
  Backup Piece       87936  13-JUN-25          3fc90592-511f-4200-aedc-48597064f4c8/RMAN_full_1062634547_BPMPROD_20250613_u93ruhfr_2_1.vab
Backup Set           50554  13-JUN-25         
  Backup Piece       87931  13-JUN-25          3fc90592-511f-4200-aedc-48597064f4c8/RMAN_full_1062634547_BPMPROD_20250613_u93ruhfr_1_1.vab
Backup Set           50553  13-JUN-25         
  Backup Piece       87935  13-JUN-25          3fc90592-511f-4200-aedc-48597064f4c8/RMAN_full_1062634547_BPMPROD_20250613_ua3ruhfs_2_1.vab
Backup Set           50553  13-JUN-25         
  Backup Piece       87930  13-JUN-25          3fc90592-511f-4200-aedc-48597064f4c8/RMAN_full_1062634547_BPMPROD_20250613_ua3ruhfs_1_1.vab
Backup Set           50550  13-JUN-25         
  Backup Piece       87933  13-JUN-25          3fc90592-511f-4200-aedc-48597064f4c8/RMAN_full_1062634547_BPMPROD_20250613_ub3ruhfs_2_1.vab
Backup Set           50550  13-JUN-25         
  Backup Piece       87926  13-JUN-25          3fc90592-511f-4200-aedc-48597064f4c8/RMAN_full_1062634547_BPMPROD_20250613_ub3ruhfs_1_1.vab
Backup Set           50555  13-JUN-25         
  Backup Piece       87937  13-JUN-25          3fc90592-511f-4200-aedc-48597064f4c8/RMAN_full_1062634547_BPMPROD_20250613_ui3rujis_2_1.vab
Backup Set           50555  13-JUN-25         
  Backup Piece       87940  13-JUN-25          3fc90592-511f-4200-aedc-48597064f4c8/RMAN_full_1062634547_BPMPROD_20250613_ui3rujis_1_1.vab
Backup Set           50557  13-JUN-25         
  Backup Piece       87939  13-JUN-25          3fc90592-511f-4200-aedc-48597064f4c8/RMAN_full_1062634547_BPMPROD_20250613_uk3ruk1j_2_1.vab
Backup Set           50557  13-JUN-25         
  Backup Piece       87942  13-JUN-25          3fc90592-511f-4200-aedc-48597064f4c8/RMAN_full_1062634547_BPMPROD_20250613_uk3ruk1j_1_1.vab
Backup Set           50556  13-JUN-25         
  Backup Piece       87938  13-JUN-25          3fc90592-511f-4200-aedc-48597064f4c8/RMAN_full_1062634547_BPMPROD_20250613_um3rukdq_2_1.vab
Backup Set           50556  13-JUN-25         
  Backup Piece       87943  13-JUN-25          3fc90592-511f-4200-aedc-48597064f4c8/RMAN_full_1062634547_BPMPROD_20250613_um3rukdq_1_1.vab
Backup Set           50558  13-JUN-25         
  Backup Piece       87941  13-JUN-25          3fc90592-511f-4200-aedc-48597064f4c8/RMAN_full_1062634547_BPMPROD_20250613_uo3rukrt_2_1.vab
Backup Set           50558  13-JUN-25         
  Backup Piece       87946  13-JUN-25          3fc90592-511f-4200-aedc-48597064f4c8/RMAN_full_1062634547_BPMPROD_20250613_uo3rukrt_1_1.vab
Backup Set           50559  13-JUN-25         
  Backup Piece       87944  13-JUN-25          3fc90592-511f-4200-aedc-48597064f4c8/RMAN_full_1062634547_BPMPROD_20250613_uq3rul3o_2_1.vab
Backup Set           50559  13-JUN-25         
  Backup Piece       87948  13-JUN-25          3fc90592-511f-4200-aedc-48597064f4c8/RMAN_full_1062634547_BPMPROD_20250613_uq3rul3o_1_1.vab
Backup Set           50560  13-JUN-25         
  Backup Piece       87945  13-JUN-25          3fc90592-511f-4200-aedc-48597064f4c8/RMAN_full_1062634547_BPMPROD_20250613_us3rulgj_2_1.vab
Backup Set           50560  13-JUN-25         
  Backup Piece       87950  13-JUN-25          3fc90592-511f-4200-aedc-48597064f4c8/RMAN_full_1062634547_BPMPROD_20250613_us3rulgj_1_1.vab
Backup Set           50561  13-JUN-25         
  Backup Piece       87947  13-JUN-25          3fc90592-511f-4200-aedc-48597064f4c8/RMAN_full_1062634547_BPMPROD_20250613_uu3ruls6_2_1.vab
Backup Set           50561  13-JUN-25         
  Backup Piece       87951  13-JUN-25          3fc90592-511f-4200-aedc-48597064f4c8/RMAN_full_1062634547_BPMPROD_20250613_uu3ruls6_1_1.vab
Backup Set           50562  13-JUN-25         
  Backup Piece       87949  13-JUN-25          3fc90592-511f-4200-aedc-48597064f4c8/RMAN_full_1062634547_BPMPROD_20250613_v03rum2f_2_1.vab
Backup Set           50562  13-JUN-25         
  Backup Piece       87952  13-JUN-25          3fc90592-511f-4200-aedc-48597064f4c8/RMAN_full_1062634547_BPMPROD_20250613_v03rum2f_1_1.vab
Backup Set           50563  13-JUN-25         
  Backup Piece       87953  13-JUN-25          3fc90592-511f-4200-aedc-48597064f4c8/RMAN_full_1062634547_BPMPROD_20250613_v23rumm6_2_1.vab
Backup Set           50563  13-JUN-25         
  Backup Piece       87955  13-JUN-25          3fc90592-511f-4200-aedc-48597064f4c8/RMAN_full_1062634547_BPMPROD_20250613_v23rumm6_1_1.vab
Backup Set           50565  13-JUN-25         
  Backup Piece       87956  13-JUN-25          3fc90592-511f-4200-aedc-48597064f4c8/RMAN_full_1062634547_BPMPROD_20250613_v43rumpl_2_1.vab
Backup Set           50565  13-JUN-25         
  Backup Piece       87957  13-JUN-25          3fc90592-511f-4200-aedc-48597064f4c8/RMAN_full_1062634547_BPMPROD_20250613_v43rumpl_1_1.vab
Backup Set           50564  13-JUN-25         
  Backup Piece       87954  13-JUN-25          3fc90592-511f-4200-aedc-48597064f4c8/RMAN_full_1062634547_BPMPROD_20250613_v63run2d_2_1.vab
Backup Set           50564  13-JUN-25         
  Backup Piece       87958  13-JUN-25          3fc90592-511f-4200-aedc-48597064f4c8/RMAN_full_1062634547_BPMPROD_20250613_v63run2d_1_1.vab
Backup Set           50566  13-JUN-25         
  Backup Piece       87959  13-JUN-25          3fc90592-511f-4200-aedc-48597064f4c8/RMAN_full_1062634547_BPMPROD_20250613_v83rundc_2_1.vab
Backup Set           50566  13-JUN-25         
  Backup Piece       87960  13-JUN-25          3fc90592-511f-4200-aedc-48597064f4c8/RMAN_full_1062634547_BPMPROD_20250613_v83rundc_1_1.vab
Backup Set           50567  13-JUN-25         
  Backup Piece       87962  13-JUN-25          3fc90592-511f-4200-aedc-48597064f4c8/RMAN_full_1062634547_BPMPROD_20250613_va3runkj_2_1.vab
Backup Set           50567  13-JUN-25         
  Backup Piece       87961  13-JUN-25          3fc90592-511f-4200-aedc-48597064f4c8/RMAN_full_1062634547_BPMPROD_20250613_va3runkj_1_1.vab
Backup Set           50568  14-JUN-25         
  Backup Piece       87964  14-JUN-25          3fc90592-511f-4200-aedc-48597064f4c8/RMAN_full_1062634547_BPMPROD_20250613_vc3runnn_2_1.vab
Backup Set           50568  13-JUN-25         
  Backup Piece       87963  13-JUN-25          3fc90592-511f-4200-aedc-48597064f4c8/RMAN_full_1062634547_BPMPROD_20250613_vc3runnn_1_1.vab
Backup Set           50569  14-JUN-25         
  Backup Piece       87965  14-JUN-25          3fc90592-511f-4200-aedc-48597064f4c8/RMAN_full_1062634547_BPMPROD_20250613_ve3ruo22_2_1.vab
Backup Set           50569  14-JUN-25         
  Backup Piece       87968  14-JUN-25          3fc90592-511f-4200-aedc-48597064f4c8/RMAN_full_1062634547_BPMPROD_20250613_ve3ruo22_1_1.vab
Backup Set           50570  14-JUN-25         
  Backup Piece       87966  14-JUN-25          3fc90592-511f-4200-aedc-48597064f4c8/RMAN_full_1062634547_BPMPROD_20250613_vg3ruo9t_2_1.vab
Backup Set           50570  14-JUN-25         
  Backup Piece       87970  14-JUN-25          3fc90592-511f-4200-aedc-48597064f4c8/RMAN_full_1062634547_BPMPROD_20250613_vg3ruo9t_1_1.vab
Backup Set           50571  14-JUN-25         
  Backup Piece       87967  14-JUN-25          3fc90592-511f-4200-aedc-48597064f4c8/RMAN_full_1062634547_BPMPROD_20250614_vi3ruoea_2_1.vab
Backup Set           50571  14-JUN-25         
  Backup Piece       87969  14-JUN-25          3fc90592-511f-4200-aedc-48597064f4c8/RMAN_full_1062634547_BPMPROD_20250613_vi3ruoea_1_1.vab
Backup Set           50572  14-JUN-25         
  Backup Piece       87971  14-JUN-25          3fc90592-511f-4200-aedc-48597064f4c8/RMAN_full_1062634547_BPMPROD_20250614_vk3ruotl_2_1.vab
Backup Set           50572  14-JUN-25         
  Backup Piece       87972  14-JUN-25          3fc90592-511f-4200-aedc-48597064f4c8/RMAN_full_1062634547_BPMPROD_20250614_vk3ruotl_1_1.vab
Backup Set           50573  14-JUN-25         
  Backup Piece       87973  14-JUN-25          3fc90592-511f-4200-aedc-48597064f4c8/RMAN_full_1062634547_BPMPROD_20250614_vm3rupnu_2_1.vab
Backup Set           50573  14-JUN-25         
  Backup Piece       87975  14-JUN-25          3fc90592-511f-4200-aedc-48597064f4c8/RMAN_full_1062634547_BPMPROD_20250614_vm3rupnu_1_1.vab
Backup Set           50574  14-JUN-25         
  Backup Piece       87974  14-JUN-25          3fc90592-511f-4200-aedc-48597064f4c8/RMAN_full_1062634547_BPMPROD_20250614_vo3ruq03_2_1.vab
Backup Set           50574  14-JUN-25         
  Backup Piece       87977  14-JUN-25          3fc90592-511f-4200-aedc-48597064f4c8/RMAN_full_1062634547_BPMPROD_20250614_vo3ruq03_1_1.vab
Backup Set           50575  14-JUN-25         
  Backup Piece       87976  14-JUN-25          3fc90592-511f-4200-aedc-48597064f4c8/RMAN_full_1062634547_BPMPROD_20250614_vq3ruq9p_2_1.vab
Backup Set           50575  14-JUN-25         
  Backup Piece       87979  14-JUN-25          3fc90592-511f-4200-aedc-48597064f4c8/RMAN_full_1062634547_BPMPROD_20250614_vq3ruq9p_1_1.vab
Backup Set           50576  14-JUN-25         
  Backup Piece       87978  14-JUN-25          3fc90592-511f-4200-aedc-48597064f4c8/RMAN_full_1062634547_BPMPROD_20250614_vs3ruqjg_2_1.vab
Backup Set           50576  14-JUN-25         
  Backup Piece       87982  14-JUN-25          3fc90592-511f-4200-aedc-48597064f4c8/RMAN_full_1062634547_BPMPROD_20250614_vs3ruqjg_1_1.vab
Backup Set           50577  14-JUN-25         
  Backup Piece       87980  14-JUN-25          3fc90592-511f-4200-aedc-48597064f4c8/RMAN_full_1062634547_BPMPROD_20250614_vu3rur1j_2_1.vab
Backup Set           50577  14-JUN-25         
  Backup Piece       87985  14-JUN-25          3fc90592-511f-4200-aedc-48597064f4c8/RMAN_full_1062634547_BPMPROD_20250614_vu3rur1j_1_1.vab
Backup Set           50578  14-JUN-25         
  Backup Piece       87981  14-JUN-25          3fc90592-511f-4200-aedc-48597064f4c8/RMAN_full_1062634547_BPMPROD_20250614_003rur6u_2_1.vab
Backup Set           50578  14-JUN-25         
  Backup Piece       87983  14-JUN-25          3fc90592-511f-4200-aedc-48597064f4c8/RMAN_full_1062634547_BPMPROD_20250614_003rur6u_1_1.vab
Backup Set           50579  14-JUN-25         
  Backup Piece       87984  14-JUN-25          3fc90592-511f-4200-aedc-48597064f4c8/RMAN_full_1062634547_BPMPROD_20250614_023rurkn_2_1.vab
Backup Set           50579  14-JUN-25         
  Backup Piece       87989  14-JUN-25          3fc90592-511f-4200-aedc-48597064f4c8/RMAN_full_1062634547_BPMPROD_20250614_023rurkn_1_1.vab
Backup Set           50580  14-JUN-25         
  Backup Piece       87986  14-JUN-25          3fc90592-511f-4200-aedc-48597064f4c8/RMAN_full_1062634547_BPMPROD_20250614_043rurpn_2_1.vab
Backup Set           50580  14-JUN-25         
  Backup Piece       87987  14-JUN-25          3fc90592-511f-4200-aedc-48597064f4c8/RMAN_full_1062634547_BPMPROD_20250614_043rurpn_1_1.vab
Backup Set           50581  14-JUN-25         
  Backup Piece       87988  14-JUN-25          3fc90592-511f-4200-aedc-48597064f4c8/RMAN_full_1062634547_BPMPROD_20250614_063rus8o_2_1.vab
Backup Set           50581  14-JUN-25         
  Backup Piece       87990  14-JUN-25          3fc90592-511f-4200-aedc-48597064f4c8/RMAN_full_1062634547_BPMPROD_20250614_063rus8o_1_1.vab
Backup Set           50582  14-JUN-25         
  Backup Piece       87991  14-JUN-25          3fc90592-511f-4200-aedc-48597064f4c8/RMAN_full_1062634547_BPMPROD_20250614_083rusav_2_1.vab
Backup Set           50582  14-JUN-25         
  Backup Piece       87992  14-JUN-25          3fc90592-511f-4200-aedc-48597064f4c8/RMAN_full_1062634547_BPMPROD_20250614_083rusav_1_1.vab
Backup Set           50583  14-JUN-25         
  Backup Piece       87993  14-JUN-25          3fc90592-511f-4200-aedc-48597064f4c8/RMAN_full_1062634547_BPMPROD_20250614_0a3rusub_2_1.vab
Backup Set           50583  14-JUN-25         
  Backup Piece       87995  14-JUN-25          3fc90592-511f-4200-aedc-48597064f4c8/RMAN_full_1062634547_BPMPROD_20250614_0a3rusub_1_1.vab
Backup Set           50584  14-JUN-25         
  Backup Piece       87994  14-JUN-25          3fc90592-511f-4200-aedc-48597064f4c8/RMAN_full_1062634547_BPMPROD_20250614_0c3rutbq_2_1.vab
Backup Set           50584  14-JUN-25         
  Backup Piece       87997  14-JUN-25          3fc90592-511f-4200-aedc-48597064f4c8/RMAN_full_1062634547_BPMPROD_20250614_0c3rutbq_1_1.vab
Backup Set           50585  14-JUN-25         
  Backup Piece       87996  14-JUN-25          3fc90592-511f-4200-aedc-48597064f4c8/RMAN_full_1062634547_BPMPROD_20250614_0e3rutev_2_1.vab
Backup Set           50585  14-JUN-25         
  Backup Piece       87998  14-JUN-25          3fc90592-511f-4200-aedc-48597064f4c8/RMAN_full_1062634547_BPMPROD_20250614_0e3rutev_1_1.vab
Backup Set           50586  14-JUN-25         
  Backup Piece       87999  14-JUN-25          3fc90592-511f-4200-aedc-48597064f4c8/RMAN_full_1062634547_BPMPROD_20250614_0g3rutjv_2_1.vab
Backup Set           50586  14-JUN-25         
  Backup Piece       88000  14-JUN-25          3fc90592-511f-4200-aedc-48597064f4c8/RMAN_full_1062634547_BPMPROD_20250614_0g3rutjv_1_1.vab
Backup Set           50587  14-JUN-25         
  Backup Piece       88001  14-JUN-25          3fc90592-511f-4200-aedc-48597064f4c8/RMAN_full_1062634547_BPMPROD_20250614_0i3ruu48_2_1.vab
Backup Set           50587  14-JUN-25         
  Backup Piece       88004  14-JUN-25          3fc90592-511f-4200-aedc-48597064f4c8/RMAN_full_1062634547_BPMPROD_20250614_0i3ruu48_1_1.vab
Backup Set           50588  14-JUN-25         
  Backup Piece       88002  14-JUN-25          3fc90592-511f-4200-aedc-48597064f4c8/RMAN_full_1062634547_BPMPROD_20250614_0k3ruucn_2_1.vab
Backup Set           50588  14-JUN-25         
  Backup Piece       88005  14-JUN-25          3fc90592-511f-4200-aedc-48597064f4c8/RMAN_full_1062634547_BPMPROD_20250614_0k3ruucn_1_1.vab
Backup Set           50589  14-JUN-25         
  Backup Piece       88003  14-JUN-25          3fc90592-511f-4200-aedc-48597064f4c8/RMAN_full_1062634547_BPMPROD_20250614_0m3ruuhv_2_1.vab
Backup Set           50589  14-JUN-25         
  Backup Piece       88007  14-JUN-25          3fc90592-511f-4200-aedc-48597064f4c8/RMAN_full_1062634547_BPMPROD_20250614_0m3ruuhv_1_1.vab
Backup Set           50590  14-JUN-25         
  Backup Piece       88006  14-JUN-25          3fc90592-511f-4200-aedc-48597064f4c8/RMAN_full_1062634547_BPMPROD_20250614_0o3ruus0_2_1.vab
Backup Set           50590  14-JUN-25         
  Backup Piece       88008  14-JUN-25          3fc90592-511f-4200-aedc-48597064f4c8/RMAN_full_1062634547_BPMPROD_20250614_0o3ruus0_1_1.vab
Backup Set           50591  14-JUN-25         
  Backup Piece       88009  14-JUN-25          3fc90592-511f-4200-aedc-48597064f4c8/RMAN_full_1062634547_BPMPROD_20250614_0q3ruv29_2_1.vab
Backup Set           50591  14-JUN-25         
  Backup Piece       88010  14-JUN-25          3fc90592-511f-4200-aedc-48597064f4c8/RMAN_full_1062634547_BPMPROD_20250614_0q3ruv29_1_1.vab
Backup Set           50592  14-JUN-25         
  Backup Piece       88011  14-JUN-25          3fc90592-511f-4200-aedc-48597064f4c8/RMAN_full_1062634547_BPMPROD_20250614_0s3ruvda_2_1.vab
Backup Set           50592  14-JUN-25         
  Backup Piece       88013  14-JUN-25          3fc90592-511f-4200-aedc-48597064f4c8/RMAN_full_1062634547_BPMPROD_20250614_0s3ruvda_1_1.vab
Backup Set           50593  14-JUN-25         
  Backup Piece       88014  14-JUN-25          3fc90592-511f-4200-aedc-48597064f4c8/RMAN_full_1062634547_BPMPROD_20250614_0u3ruvhc_2_1.vab
Backup Set           50593  14-JUN-25         
  Backup Piece       88012  14-JUN-25          3fc90592-511f-4200-aedc-48597064f4c8/RMAN_full_1062634547_BPMPROD_20250614_0u3ruvhc_1_1.vab
Backup Set           50594  14-JUN-25         
  Backup Piece       88017  14-JUN-25          3fc90592-511f-4200-aedc-48597064f4c8/RMAN_full_1062634547_BPMPROD_20250614_103rv0a4_2_1.vab
Backup Set           50594  14-JUN-25         
  Backup Piece       88015  14-JUN-25          3fc90592-511f-4200-aedc-48597064f4c8/RMAN_full_1062634547_BPMPROD_20250614_103rv0a4_1_1.vab
Backup Set           50595  14-JUN-25         
  Backup Piece       88016  14-JUN-25          3fc90592-511f-4200-aedc-48597064f4c8/RMAN_full_1062634547_BPMPROD_20250614_123rv17r_2_1.vab
Backup Set           50595  14-JUN-25         
  Backup Piece       88020  14-JUN-25          3fc90592-511f-4200-aedc-48597064f4c8/RMAN_full_1062634547_BPMPROD_20250614_123rv17r_1_1.vab
Backup Set           50596  14-JUN-25         
  Backup Piece       88018  14-JUN-25          3fc90592-511f-4200-aedc-48597064f4c8/RMAN_full_1062634547_BPMPROD_20250614_143rv1nv_2_1.vab
Backup Set           50596  14-JUN-25         
  Backup Piece       88027  14-JUN-25          3fc90592-511f-4200-aedc-48597064f4c8/RMAN_full_1062634547_BPMPROD_20250614_143rv1nv_1_1.vab
Backup Set           50597  14-JUN-25         
  Backup Piece       88019  14-JUN-25          3fc90592-511f-4200-aedc-48597064f4c8/RMAN_full_1062634547_BPMPROD_20250614_163rv1re_2_1.vab
Backup Set           50597  14-JUN-25         
  Backup Piece       88021  14-JUN-25          3fc90592-511f-4200-aedc-48597064f4c8/RMAN_full_1062634547_BPMPROD_20250614_163rv1re_1_1.vab
Backup Set           50599  14-JUN-25         
  Backup Piece       88024  14-JUN-25          3fc90592-511f-4200-aedc-48597064f4c8/RMAN_full_1062634547_BPMPROD_20250614_183rv22v_2_1.vab
Backup Set           50599  14-JUN-25         
  Backup Piece       88025  14-JUN-25          3fc90592-511f-4200-aedc-48597064f4c8/RMAN_full_1062634547_BPMPROD_20250614_183rv22v_1_1.vab
Backup Set           50598  14-JUN-25         
  Backup Piece       88022  14-JUN-25          3fc90592-511f-4200-aedc-48597064f4c8/RMAN_full_1062634547_BPMPROD_20250614_1a3rv2pq_2_1.vab
Backup Set           50598  14-JUN-25         
  Backup Piece       88023  14-JUN-25          3fc90592-511f-4200-aedc-48597064f4c8/RMAN_full_1062634547_BPMPROD_20250614_1a3rv2pq_1_1.vab
Backup Set           50600  14-JUN-25         
  Backup Piece       88028  14-JUN-25          3fc90592-511f-4200-aedc-48597064f4c8/RMAN_full_1062634547_BPMPROD_20250614_1c3rv37t_2_1.vab
Backup Set           50600  14-JUN-25         
  Backup Piece       88026  14-JUN-25          3fc90592-511f-4200-aedc-48597064f4c8/RMAN_full_1062634547_BPMPROD_20250614_1c3rv37t_1_1.vab
Backup Set           50601  14-JUN-25         
  Backup Piece       88029  14-JUN-25          3fc90592-511f-4200-aedc-48597064f4c8/RMAN_full_1062634547_BPMPROD_20250614_1e3rv3i8_2_1.vab
Backup Set           50601  14-JUN-25         
  Backup Piece       88030  14-JUN-25          3fc90592-511f-4200-aedc-48597064f4c8/RMAN_full_1062634547_BPMPROD_20250614_1e3rv3i8_1_1.vab
Backup Set           50602  14-JUN-25         
  Backup Piece       88031  14-JUN-25          3fc90592-511f-4200-aedc-48597064f4c8/RMAN_full_1062634547_BPMPROD_20250614_1g3rv3vj_2_1.vab
Backup Set           50602  14-JUN-25         
  Backup Piece       88033  14-JUN-25          3fc90592-511f-4200-aedc-48597064f4c8/RMAN_full_1062634547_BPMPROD_20250614_1g3rv3vj_1_1.vab
Backup Set           50603  14-JUN-25         
  Backup Piece       88032  14-JUN-25          3fc90592-511f-4200-aedc-48597064f4c8/RMAN_full_1062634547_BPMPROD_20250614_1i3rv423_2_1.vab
Backup Set           50603  14-JUN-25         
  Backup Piece       88035  14-JUN-25          3fc90592-511f-4200-aedc-48597064f4c8/RMAN_full_1062634547_BPMPROD_20250614_1i3rv423_1_1.vab
Backup Set           50604  14-JUN-25         
  Backup Piece       88034  14-JUN-25          3fc90592-511f-4200-aedc-48597064f4c8/RMAN_full_1062634547_BPMPROD_20250614_1k3rv474_2_1.vab
Backup Set           50604  14-JUN-25         
  Backup Piece       88036  14-JUN-25          3fc90592-511f-4200-aedc-48597064f4c8/RMAN_full_1062634547_BPMPROD_20250614_1k3rv474_1_1.vab
Backup Set           50605  14-JUN-25         
  Backup Piece       88037  14-JUN-25          3fc90592-511f-4200-aedc-48597064f4c8/RMAN_full_1062634547_BPMPROD_20250614_1m3rv4g7_2_1.vab
Backup Set           50605  14-JUN-25         
  Backup Piece       88038  14-JUN-25          3fc90592-511f-4200-aedc-48597064f4c8/RMAN_full_1062634547_BPMPROD_20250614_1m3rv4g7_1_1.vab
Backup Set           50606  14-JUN-25         
  Backup Piece       88039  14-JUN-25          3fc90592-511f-4200-aedc-48597064f4c8/RMAN_full_1062634547_BPMPROD_20250614_1o3rv4ol_2_1.vab
Backup Set           50606  14-JUN-25         
  Backup Piece       88040  14-JUN-25          3fc90592-511f-4200-aedc-48597064f4c8/RMAN_full_1062634547_BPMPROD_20250614_1o3rv4ol_1_1.vab
Backup Set           50607  14-JUN-25         
  Backup Piece       88041  14-JUN-25          3fc90592-511f-4200-aedc-48597064f4c8/RMAN_full_1062634547_BPMPROD_20250614_1q3rv4vd_2_1.vab
Backup Set           50607  14-JUN-25         
  Backup Piece       88042  14-JUN-25          3fc90592-511f-4200-aedc-48597064f4c8/RMAN_full_1062634547_BPMPROD_20250614_1q3rv4vd_1_1.vab
Backup Set           50608  14-JUN-25         
  Backup Piece       88043  14-JUN-25          3fc90592-511f-4200-aedc-48597064f4c8/RMAN_full_1062634547_BPMPROD_20250614_1s3rv55v_2_1.vab
Backup Set           50608  14-JUN-25         
  Backup Piece       88044  14-JUN-25          3fc90592-511f-4200-aedc-48597064f4c8/RMAN_full_1062634547_BPMPROD_20250614_1s3rv55v_1_1.vab
Backup Set           50609  14-JUN-25         
  Backup Piece       88046  14-JUN-25          3fc90592-511f-4200-aedc-48597064f4c8/RMAN_full_1062634547_BPMPROD_20250614_1u3rv5d6_2_1.vab
Backup Set           50609  14-JUN-25         
  Backup Piece       88045  14-JUN-25          3fc90592-511f-4200-aedc-48597064f4c8/RMAN_full_1062634547_BPMPROD_20250614_1u3rv5d6_1_1.vab
Backup Set           50610  14-JUN-25         
  Backup Piece       88047  14-JUN-25          3fc90592-511f-4200-aedc-48597064f4c8/RMAN_full_1062634547_BPMPROD_20250614_203rv5l1_2_1.vab
Backup Set           50610  14-JUN-25         
  Backup Piece       88048  14-JUN-25          3fc90592-511f-4200-aedc-48597064f4c8/RMAN_full_1062634547_BPMPROD_20250614_203rv5l1_1_1.vab
Backup Set           50611  14-JUN-25         
  Backup Piece       88049  14-JUN-25          3fc90592-511f-4200-aedc-48597064f4c8/RMAN_full_1062634547_BPMPROD_20250614_223rv5r0_2_1.vab
Backup Set           50611  14-JUN-25         
  Backup Piece       88050  14-JUN-25          3fc90592-511f-4200-aedc-48597064f4c8/RMAN_full_1062634547_BPMPROD_20250614_223rv5r0_1_1.vab
Backup Set           50612  14-JUN-25         
  Backup Piece       88051  14-JUN-25          3fc90592-511f-4200-aedc-48597064f4c8/RMAN_full_1062634547_BPMPROD_20250614_243rv65k_2_1.vab
Backup Set           50612  14-JUN-25         
  Backup Piece       88053  14-JUN-25          3fc90592-511f-4200-aedc-48597064f4c8/RMAN_full_1062634547_BPMPROD_20250614_243rv65k_1_1.vab
Backup Set           50613  14-JUN-25         
  Backup Piece       88052  14-JUN-25          3fc90592-511f-4200-aedc-48597064f4c8/RMAN_full_1062634547_BPMPROD_20250614_263rv6al_2_1.vab
Backup Set           50613  14-JUN-25         
  Backup Piece       88055  14-JUN-25          3fc90592-511f-4200-aedc-48597064f4c8/RMAN_full_1062634547_BPMPROD_20250614_263rv6al_1_1.vab
Backup Set           50614  14-JUN-25         
  Backup Piece       88054  14-JUN-25          3fc90592-511f-4200-aedc-48597064f4c8/RMAN_full_1062634547_BPMPROD_20250614_283rv6la_2_1.vab
Backup Set           50614  14-JUN-25         
  Backup Piece       88056  14-JUN-25          3fc90592-511f-4200-aedc-48597064f4c8/RMAN_full_1062634547_BPMPROD_20250614_283rv6la_1_1.vab
Backup Set           50615  14-JUN-25         
  Backup Piece       88057  14-JUN-25          3fc90592-511f-4200-aedc-48597064f4c8/RMAN_full_1062634547_BPMPROD_20250614_2a3rv6o4_2_1.vab
Backup Set           50615  14-JUN-25         
  Backup Piece       88059  14-JUN-25          3fc90592-511f-4200-aedc-48597064f4c8/RMAN_full_1062634547_BPMPROD_20250614_2a3rv6o4_1_1.vab
Backup Set           50616  14-JUN-25         
  Backup Piece       88058  14-JUN-25          3fc90592-511f-4200-aedc-48597064f4c8/RMAN_full_1062634547_BPMPROD_20250614_2c3rv763_2_1.vab
Backup Set           50616  14-JUN-25         
  Backup Piece       88063  14-JUN-25          3fc90592-511f-4200-aedc-48597064f4c8/RMAN_full_1062634547_BPMPROD_20250614_2c3rv763_1_1.vab
Backup Set           50617  14-JUN-25         
  Backup Piece       88061  14-JUN-25          3fc90592-511f-4200-aedc-48597064f4c8/RMAN_full_1062634547_BPMPROD_20250614_2e3rv78a_2_1.vab
Backup Set           50617  14-JUN-25         
  Backup Piece       88060  14-JUN-25          3fc90592-511f-4200-aedc-48597064f4c8/RMAN_full_1062634547_BPMPROD_20250614_2e3rv78a_1_1.vab
Backup Set           50618  14-JUN-25         
  Backup Piece       88062  14-JUN-25          3fc90592-511f-4200-aedc-48597064f4c8/RMAN_full_1062634547_BPMPROD_20250614_2g3rv7nl_2_1.vab
Backup Set           50618  14-JUN-25         
  Backup Piece       88065  14-JUN-25          3fc90592-511f-4200-aedc-48597064f4c8/RMAN_full_1062634547_BPMPROD_20250614_2g3rv7nl_1_1.vab
Backup Set           50619  14-JUN-25         
  Backup Piece       88064  14-JUN-25          3fc90592-511f-4200-aedc-48597064f4c8/RMAN_full_1062634547_BPMPROD_20250614_2i3rv7p2_2_1.vab
Backup Set           50619  14-JUN-25         
  Backup Piece       88066  14-JUN-25          3fc90592-511f-4200-aedc-48597064f4c8/RMAN_full_1062634547_BPMPROD_20250614_2i3rv7p2_1_1.vab
Backup Set           50620  14-JUN-25         
  Backup Piece       88067  14-JUN-25          3fc90592-511f-4200-aedc-48597064f4c8/RMAN_full_1062634547_BPMPROD_20250614_2k3rv86r_2_1.vab
Backup Set           50620  14-JUN-25         
  Backup Piece       88070  14-JUN-25          3fc90592-511f-4200-aedc-48597064f4c8/RMAN_full_1062634547_BPMPROD_20250614_2k3rv86r_1_1.vab
Backup Set           50621  14-JUN-25         
  Backup Piece       88068  14-JUN-25          3fc90592-511f-4200-aedc-48597064f4c8/RMAN_full_1062634547_BPMPROD_20250614_2m3rv88e_2_1.vab
Backup Set           50621  14-JUN-25         
  Backup Piece       88069  14-JUN-25          3fc90592-511f-4200-aedc-48597064f4c8/RMAN_full_1062634547_BPMPROD_20250614_2m3rv88e_1_1.vab
Backup Set           50622  14-JUN-25         
  Backup Piece       88071  14-JUN-25          3fc90592-511f-4200-aedc-48597064f4c8/RMAN_full_1062634547_BPMPROD_20250614_2o3rv8jc_2_1.vab
Backup Set           50622  14-JUN-25         
  Backup Piece       88072  14-JUN-25          3fc90592-511f-4200-aedc-48597064f4c8/RMAN_full_1062634547_BPMPROD_20250614_2o3rv8jc_1_1.vab
Backup Set           50623  14-JUN-25         
  Backup Piece       88073  14-JUN-25          3fc90592-511f-4200-aedc-48597064f4c8/RMAN_full_1062634547_BPMPROD_20250614_2q3rv8on_2_1.vab
Backup Set           50623  14-JUN-25         
  Backup Piece       88074  14-JUN-25          3fc90592-511f-4200-aedc-48597064f4c8/RMAN_full_1062634547_BPMPROD_20250614_2q3rv8on_1_1.vab
Backup Set           50624  14-JUN-25         
  Backup Piece       88075  14-JUN-25          3fc90592-511f-4200-aedc-48597064f4c8/RMAN_full_1062634547_BPMPROD_20250614_2s3rv93c_2_1.vab
Backup Set           50624  14-JUN-25         
  Backup Piece       88077  14-JUN-25          3fc90592-511f-4200-aedc-48597064f4c8/RMAN_full_1062634547_BPMPROD_20250614_2s3rv93c_1_1.vab
Backup Set           50625  14-JUN-25         
  Backup Piece       88076  14-JUN-25          3fc90592-511f-4200-aedc-48597064f4c8/RMAN_full_1062634547_BPMPROD_20250614_2u3rv98d_2_1.vab
Backup Set           50625  14-JUN-25         
  Backup Piece       88078  14-JUN-25          3fc90592-511f-4200-aedc-48597064f4c8/RMAN_full_1062634547_BPMPROD_20250614_2u3rv98d_1_1.vab
Backup Set           50626  14-JUN-25         
  Backup Piece       88079  14-JUN-25          3fc90592-511f-4200-aedc-48597064f4c8/RMAN_full_1062634547_BPMPROD_20250614_303rv9hg_2_1.vab
Backup Set           50626  14-JUN-25         
  Backup Piece       88080  14-JUN-25          3fc90592-511f-4200-aedc-48597064f4c8/RMAN_full_1062634547_BPMPROD_20250614_303rv9hg_1_1.vab
Backup Set           50627  14-JUN-25         
  Backup Piece       88081  14-JUN-25          3fc90592-511f-4200-aedc-48597064f4c8/RMAN_full_1062634547_BPMPROD_20250614_323rv9rr_2_1.vab
Backup Set           50627  14-JUN-25         
  Backup Piece       88083  14-JUN-25          3fc90592-511f-4200-aedc-48597064f4c8/RMAN_full_1062634547_BPMPROD_20250614_323rv9rr_1_1.vab
Backup Set           50628  14-JUN-25         
  Backup Piece       88082  14-JUN-25          3fc90592-511f-4200-aedc-48597064f4c8/RMAN_full_1062634547_BPMPROD_20250614_343rva6p_2_1.vab
Backup Set           50628  14-JUN-25         
  Backup Piece       88085  14-JUN-25          3fc90592-511f-4200-aedc-48597064f4c8/RMAN_full_1062634547_BPMPROD_20250614_343rva6p_1_1.vab
Backup Set           50629  14-JUN-25         
  Backup Piece       88086  14-JUN-25          3fc90592-511f-4200-aedc-48597064f4c8/RMAN_full_1062634547_BPMPROD_20250614_363rva79_2_1.vab
Backup Set           50629  14-JUN-25         
  Backup Piece       88084  14-JUN-25          3fc90592-511f-4200-aedc-48597064f4c8/RMAN_full_1062634547_BPMPROD_20250614_363rva79_1_1.vab
Backup Set           50630  14-JUN-25         
  Backup Piece       88087  14-JUN-25          3fc90592-511f-4200-aedc-48597064f4c8/RMAN_full_1062634547_BPMPROD_20250614_383rval2_2_1.vab
Backup Set           50630  14-JUN-25         
  Backup Piece       88089  14-JUN-25          3fc90592-511f-4200-aedc-48597064f4c8/RMAN_full_1062634547_BPMPROD_20250614_383rval2_1_1.vab
Backup Set           50631  14-JUN-25         
  Backup Piece       88088  14-JUN-25          3fc90592-511f-4200-aedc-48597064f4c8/RMAN_full_1062634547_BPMPROD_20250614_3a3rvaup_2_1.vab
Backup Set           50631  14-JUN-25         
  Backup Piece       88091  14-JUN-25          3fc90592-511f-4200-aedc-48597064f4c8/RMAN_full_1062634547_BPMPROD_20250614_3a3rvaup_1_1.vab
Backup Set           50632  14-JUN-25         
  Backup Piece       88090  14-JUN-25          3fc90592-511f-4200-aedc-48597064f4c8/RMAN_full_1062634547_BPMPROD_20250614_3c3rvb86_2_1.vab
Backup Set           50632  14-JUN-25         
  Backup Piece       88094  14-JUN-25          3fc90592-511f-4200-aedc-48597064f4c8/RMAN_full_1062634547_BPMPROD_20250614_3c3rvb86_1_1.vab
Backup Set           50633  14-JUN-25         
  Backup Piece       88092  14-JUN-25          3fc90592-511f-4200-aedc-48597064f4c8/RMAN_full_1062634547_BPMPROD_20250614_3e3rvbfn_2_1.vab
Backup Set           50633  14-JUN-25         
  Backup Piece       88095  14-JUN-25          3fc90592-511f-4200-aedc-48597064f4c8/RMAN_full_1062634547_BPMPROD_20250614_3e3rvbfn_1_1.vab
Backup Set           50634  14-JUN-25         
  Backup Piece       88093  14-JUN-25          3fc90592-511f-4200-aedc-48597064f4c8/RMAN_full_1062634547_BPMPROD_20250614_3g3rvbn7_2_1.vab
Backup Set           50634  14-JUN-25         
  Backup Piece       88097  14-JUN-25          3fc90592-511f-4200-aedc-48597064f4c8/RMAN_full_1062634547_BPMPROD_20250614_3g3rvbn7_1_1.vab
Backup Set           50635  14-JUN-25         
  Backup Piece       88096  14-JUN-25          3fc90592-511f-4200-aedc-48597064f4c8/RMAN_full_1062634547_BPMPROD_20250614_3i3rvbsi_2_1.vab
Backup Set           50635  14-JUN-25         
  Backup Piece       88099  14-JUN-25          3fc90592-511f-4200-aedc-48597064f4c8/RMAN_full_1062634547_BPMPROD_20250614_3i3rvbsi_1_1.vab
Backup Set           50636  14-JUN-25         
  Backup Piece       88098  14-JUN-25          3fc90592-511f-4200-aedc-48597064f4c8/RMAN_full_1062634547_BPMPROD_20250614_3k3rvcab_2_1.vab
Backup Set           50636  14-JUN-25         
  Backup Piece       88101  14-JUN-25          3fc90592-511f-4200-aedc-48597064f4c8/RMAN_full_1062634547_BPMPROD_20250614_3k3rvcab_1_1.vab
Backup Set           50637  14-JUN-25         
  Backup Piece       88100  14-JUN-25          3fc90592-511f-4200-aedc-48597064f4c8/RMAN_full_1062634547_BPMPROD_20250614_3m3rvcig_2_1.vab
Backup Set           50637  14-JUN-25         
  Backup Piece       88103  14-JUN-25          3fc90592-511f-4200-aedc-48597064f4c8/RMAN_full_1062634547_BPMPROD_20250614_3m3rvcig_1_1.vab
Backup Set           50638  14-JUN-25         
  Backup Piece       88102  14-JUN-25          3fc90592-511f-4200-aedc-48597064f4c8/RMAN_full_1062634547_BPMPROD_20250614_3o3rvcpd_2_1.vab
Backup Set           50638  14-JUN-25         
  Backup Piece       88104  14-JUN-25          3fc90592-511f-4200-aedc-48597064f4c8/RMAN_full_1062634547_BPMPROD_20250614_3o3rvcpd_1_1.vab
Backup Set           50639  14-JUN-25         
  Backup Piece       88105  14-JUN-25          3fc90592-511f-4200-aedc-48597064f4c8/RMAN_full_1062634547_BPMPROD_20250614_3q3rvd0k_2_1.vab
Backup Set           50639  14-JUN-25         
  Backup Piece       88106  14-JUN-25          3fc90592-511f-4200-aedc-48597064f4c8/RMAN_full_1062634547_BPMPROD_20250614_3q3rvd0k_1_1.vab
Backup Set           50640  14-JUN-25         
  Backup Piece       88107  14-JUN-25          3fc90592-511f-4200-aedc-48597064f4c8/RMAN_full_1062634547_BPMPROD_20250614_3s3rvdb9_2_1.vab
Backup Set           50640  14-JUN-25         
  Backup Piece       88109  14-JUN-25          3fc90592-511f-4200-aedc-48597064f4c8/RMAN_full_1062634547_BPMPROD_20250614_3s3rvdb9_1_1.vab
Backup Set           50641  14-JUN-25         
  Backup Piece       88108  14-JUN-25          3fc90592-511f-4200-aedc-48597064f4c8/RMAN_full_1062634547_BPMPROD_20250614_3u3rvdl0_2_1.vab
Backup Set           50641  14-JUN-25         
  Backup Piece       88110  14-JUN-25          3fc90592-511f-4200-aedc-48597064f4c8/RMAN_full_1062634547_BPMPROD_20250614_3u3rvdl0_1_1.vab
Backup Set           50642  14-JUN-25         
  Backup Piece       88111  14-JUN-25          3fc90592-511f-4200-aedc-48597064f4c8/RMAN_full_1062634547_BPMPROD_20250614_403rvdvb_2_1.vab
Backup Set           50642  14-JUN-25         
  Backup Piece       88112  14-JUN-25          3fc90592-511f-4200-aedc-48597064f4c8/RMAN_full_1062634547_BPMPROD_20250614_403rvdvb_1_1.vab
Backup Set           50643  14-JUN-25         
  Backup Piece       88113  14-JUN-25          3fc90592-511f-4200-aedc-48597064f4c8/RMAN_full_1062634547_BPMPROD_20250614_423rve9v_2_1.vab
Backup Set           50643  14-JUN-25         
  Backup Piece       88114  14-JUN-25          3fc90592-511f-4200-aedc-48597064f4c8/RMAN_full_1062634547_BPMPROD_20250614_423rve9v_1_1.vab
Backup Set           50644  14-JUN-25         
  Backup Piece       88116  14-JUN-25          3fc90592-511f-4200-aedc-48597064f4c8/RMAN_full_1062634547_BPMPROD_20250614_443rvede_2_1.vab
Backup Set           50644  14-JUN-25         
  Backup Piece       88115  14-JUN-25          3fc90592-511f-4200-aedc-48597064f4c8/RMAN_full_1062634547_BPMPROD_20250614_443rvede_1_1.vab
Backup Set           50645  14-JUN-25         
  Backup Piece       88117  14-JUN-25          3fc90592-511f-4200-aedc-48597064f4c8/RMAN_full_1062634547_BPMPROD_20250614_463rveon_2_1.vab
Backup Set           50645  14-JUN-25         
  Backup Piece       88118  14-JUN-25          3fc90592-511f-4200-aedc-48597064f4c8/RMAN_full_1062634547_BPMPROD_20250614_463rveon_1_1.vab
Backup Set           50646  14-JUN-25         
  Backup Piece       88119  14-JUN-25          3fc90592-511f-4200-aedc-48597064f4c8/RMAN_full_1062634547_BPMPROD_20250614_483rvf3m_2_1.vab
Backup Set           50646  14-JUN-25         
  Backup Piece       88121  14-JUN-25          3fc90592-511f-4200-aedc-48597064f4c8/RMAN_full_1062634547_BPMPROD_20250614_483rvf3m_1_1.vab
Backup Set           50647  14-JUN-25         
  Backup Piece       88120  14-JUN-25          3fc90592-511f-4200-aedc-48597064f4c8/RMAN_full_1062634547_BPMPROD_20250614_4a3rvfc4_2_1.vab
Backup Set           50647  14-JUN-25         
  Backup Piece       88122  14-JUN-25          3fc90592-511f-4200-aedc-48597064f4c8/RMAN_full_1062634547_BPMPROD_20250614_4a3rvfc4_1_1.vab
Backup Set           50648  14-JUN-25         
  Backup Piece       88123  14-JUN-25          3fc90592-511f-4200-aedc-48597064f4c8/RMAN_full_1062634547_BPMPROD_20250614_4c3rvfkj_2_1.vab
Backup Set           50648  14-JUN-25         
  Backup Piece       88124  14-JUN-25          3fc90592-511f-4200-aedc-48597064f4c8/RMAN_full_1062634547_BPMPROD_20250614_4c3rvfkj_1_1.vab
Backup Set           50649  14-JUN-25         
  Backup Piece       88125  14-JUN-25          3fc90592-511f-4200-aedc-48597064f4c8/RMAN_full_1062634547_BPMPROD_20250614_4e3rvg06_2_1.vab
Backup Set           50649  14-JUN-25         
  Backup Piece       88127  14-JUN-25          3fc90592-511f-4200-aedc-48597064f4c8/RMAN_full_1062634547_BPMPROD_20250614_4e3rvg06_1_1.vab
Backup Set           50650  14-JUN-25         
  Backup Piece       88126  14-JUN-25          3fc90592-511f-4200-aedc-48597064f4c8/RMAN_full_1062634547_BPMPROD_20250614_4g3rvg7d_2_1.vab
Backup Set           50650  14-JUN-25         
  Backup Piece       88129  14-JUN-25          3fc90592-511f-4200-aedc-48597064f4c8/RMAN_full_1062634547_BPMPROD_20250614_4g3rvg7d_1_1.vab
Backup Set           50651  14-JUN-25         
  Backup Piece       88128  14-JUN-25          3fc90592-511f-4200-aedc-48597064f4c8/RMAN_full_1062634547_BPMPROD_20250614_4i3rvget_2_1.vab
Backup Set           50651  14-JUN-25         
  Backup Piece       88131  14-JUN-25          3fc90592-511f-4200-aedc-48597064f4c8/RMAN_full_1062634547_BPMPROD_20250614_4i3rvget_1_1.vab
Backup Set           50652  14-JUN-25         
  Backup Piece       88130  14-JUN-25          3fc90592-511f-4200-aedc-48597064f4c8/RMAN_full_1062634547_BPMPROD_20250614_4k3rvgqg_2_1.vab
Backup Set           50652  14-JUN-25         
  Backup Piece       88133  14-JUN-25          3fc90592-511f-4200-aedc-48597064f4c8/RMAN_full_1062634547_BPMPROD_20250614_4k3rvgqg_1_1.vab
Backup Set           50653  14-JUN-25         
  Backup Piece       88132  14-JUN-25          3fc90592-511f-4200-aedc-48597064f4c8/RMAN_full_1062634547_BPMPROD_20250614_4m3rvh2b_2_1.vab
Backup Set           50653  14-JUN-25         
  Backup Piece       88135  14-JUN-25          3fc90592-511f-4200-aedc-48597064f4c8/RMAN_full_1062634547_BPMPROD_20250614_4m3rvh2b_1_1.vab
Backup Set           50654  14-JUN-25         
  Backup Piece       88134  14-JUN-25          3fc90592-511f-4200-aedc-48597064f4c8/RMAN_full_1062634547_BPMPROD_20250614_4o3rvhdu_2_1.vab
Backup Set           50654  14-JUN-25         
  Backup Piece       88137  14-JUN-25          3fc90592-511f-4200-aedc-48597064f4c8/RMAN_full_1062634547_BPMPROD_20250614_4o3rvhdu_1_1.vab
Backup Set           50655  14-JUN-25         
  Backup Piece       88136  14-JUN-25          3fc90592-511f-4200-aedc-48597064f4c8/RMAN_full_1062634547_BPMPROD_20250614_4q3rvhq5_2_1.vab
Backup Set           50655  14-JUN-25         
  Backup Piece       88139  14-JUN-25          3fc90592-511f-4200-aedc-48597064f4c8/RMAN_full_1062634547_BPMPROD_20250614_4q3rvhq5_1_1.vab
Backup Set           50656  14-JUN-25         
  Backup Piece       88138  14-JUN-25          3fc90592-511f-4200-aedc-48597064f4c8/RMAN_full_1062634547_BPMPROD_20250614_4s3rvhrt_2_1.vab
Backup Set           50656  14-JUN-25         
  Backup Piece       88141  14-JUN-25          3fc90592-511f-4200-aedc-48597064f4c8/RMAN_full_1062634547_BPMPROD_20250614_4s3rvhrt_1_1.vab
Backup Set           50657  14-JUN-25         
  Backup Piece       88140  14-JUN-25          3fc90592-511f-4200-aedc-48597064f4c8/RMAN_full_1062634547_BPMPROD_20250614_4u3rvi84_2_1.vab
Backup Set           50657  14-JUN-25         
  Backup Piece       88143  14-JUN-25          3fc90592-511f-4200-aedc-48597064f4c8/RMAN_full_1062634547_BPMPROD_20250614_4u3rvi84_1_1.vab
Backup Set           50658  14-JUN-25         
  Backup Piece       88142  14-JUN-25          3fc90592-511f-4200-aedc-48597064f4c8/RMAN_full_1062634547_BPMPROD_20250614_503rvifu_2_1.vab
Backup Set           50658  14-JUN-25         
  Backup Piece       88145  14-JUN-25          3fc90592-511f-4200-aedc-48597064f4c8/RMAN_full_1062634547_BPMPROD_20250614_503rvifu_1_1.vab
Backup Set           50659  14-JUN-25         
  Backup Piece       88144  14-JUN-25          3fc90592-511f-4200-aedc-48597064f4c8/RMAN_full_1062634547_BPMPROD_20250614_523rviq9_2_1.vab
Backup Set           50659  14-JUN-25         
  Backup Piece       88147  14-JUN-25          3fc90592-511f-4200-aedc-48597064f4c8/RMAN_full_1062634547_BPMPROD_20250614_523rviq9_1_1.vab
Backup Set           50660  14-JUN-25         
  Backup Piece       88146  14-JUN-25          3fc90592-511f-4200-aedc-48597064f4c8/RMAN_full_1062634547_BPMPROD_20250614_543rviv8_2_1.vab
Backup Set           50660  14-JUN-25         
  Backup Piece       88148  14-JUN-25          3fc90592-511f-4200-aedc-48597064f4c8/RMAN_full_1062634547_BPMPROD_20250614_543rviv8_1_1.vab
Backup Set           50661  14-JUN-25         
  Backup Piece       88149  14-JUN-25          3fc90592-511f-4200-aedc-48597064f4c8/RMAN_full_1062634547_BPMPROD_20250614_563rvjc3_2_1.vab
Backup Set           50661  14-JUN-25         
  Backup Piece       88151  14-JUN-25          3fc90592-511f-4200-aedc-48597064f4c8/RMAN_full_1062634547_BPMPROD_20250614_563rvjc3_1_1.vab
Backup Set           50662  14-JUN-25         
  Backup Piece       88150  14-JUN-25          3fc90592-511f-4200-aedc-48597064f4c8/RMAN_full_1062634547_BPMPROD_20250614_583rvjjk_2_1.vab
Backup Set           50662  14-JUN-25         
  Backup Piece       88153  14-JUN-25          3fc90592-511f-4200-aedc-48597064f4c8/RMAN_full_1062634547_BPMPROD_20250614_583rvjjk_1_1.vab
Backup Set           50663  14-JUN-25         
  Backup Piece       88152  14-JUN-25          3fc90592-511f-4200-aedc-48597064f4c8/RMAN_full_1062634547_BPMPROD_20250614_5a3rvjoa_2_1.vab
Backup Set           50663  14-JUN-25         
  Backup Piece       88154  14-JUN-25          3fc90592-511f-4200-aedc-48597064f4c8/RMAN_full_1062634547_BPMPROD_20250614_5a3rvjoa_1_1.vab
Backup Set           50665  14-JUN-25         
  Backup Piece       88156  14-JUN-25          3fc90592-511f-4200-aedc-48597064f4c8/RMAN_full_1062634547_BPMPROD_20250614_5c3rvk2l_2_1.vab
Backup Set           50665  14-JUN-25         
  Backup Piece       88158  14-JUN-25          3fc90592-511f-4200-aedc-48597064f4c8/RMAN_full_1062634547_BPMPROD_20250614_5c3rvk2l_1_1.vab
Backup Set           50667  14-JUN-25         
  Backup Piece       88159  14-JUN-25          3fc90592-511f-4200-aedc-48597064f4c8/RMAN_full_1062634547_BPMPROD_20250614_5e3rvk98_2_1.vab
Backup Set           50667  14-JUN-25         
  Backup Piece       88160  14-JUN-25          3fc90592-511f-4200-aedc-48597064f4c8/RMAN_full_1062634547_BPMPROD_20250614_5e3rvk98_1_1.vab
Backup Set           50664  14-JUN-25         
  Backup Piece       88155  14-JUN-25          3fc90592-511f-4200-aedc-48597064f4c8/RMAN_full_1062634547_BPMPROD_20250614_5g3rvkgo_2_1.vab
Backup Set           50664  14-JUN-25         
  Backup Piece       88164  14-JUN-25          3fc90592-511f-4200-aedc-48597064f4c8/RMAN_full_1062634547_BPMPROD_20250614_5g3rvkgo_1_1.vab
Backup Set           50666  14-JUN-25         
  Backup Piece       88157  14-JUN-25          3fc90592-511f-4200-aedc-48597064f4c8/RMAN_full_1062634547_BPMPROD_20250614_5i3rvkkh_2_1.vab
Backup Set           50666  14-JUN-25         
  Backup Piece       88162  14-JUN-25          3fc90592-511f-4200-aedc-48597064f4c8/RMAN_full_1062634547_BPMPROD_20250614_5i3rvkkh_1_1.vab
Backup Set           50668  14-JUN-25         
  Backup Piece       88161  14-JUN-25          3fc90592-511f-4200-aedc-48597064f4c8/RMAN_full_1062634547_BPMPROD_20250614_5k3rvkqq_2_1.vab
Backup Set           50668  14-JUN-25         
  Backup Piece       88163  14-JUN-25          3fc90592-511f-4200-aedc-48597064f4c8/RMAN_full_1062634547_BPMPROD_20250614_5k3rvkqq_1_1.vab
Backup Set           50669  14-JUN-25         
  Backup Piece       88165  14-JUN-25          3fc90592-511f-4200-aedc-48597064f4c8/RMAN_full_1062634547_BPMPROD_20250614_5m3rvkvg_2_1.vab
Backup Set           50669  14-JUN-25         
  Backup Piece       88166  14-JUN-25          3fc90592-511f-4200-aedc-48597064f4c8/RMAN_full_1062634547_BPMPROD_20250614_5m3rvkvg_1_1.vab
Backup Set           50670  14-JUN-25         
  Backup Piece       88167  14-JUN-25          3fc90592-511f-4200-aedc-48597064f4c8/RMAN_full_1062634547_BPMPROD_20250614_5o3rvlit_2_1.vab
Backup Set           50670  14-JUN-25         
  Backup Piece       88172  14-JUN-25          3fc90592-511f-4200-aedc-48597064f4c8/RMAN_full_1062634547_BPMPROD_20250614_5o3rvlit_1_1.vab
Backup Set           50671  14-JUN-25         
  Backup Piece       88168  14-JUN-25          3fc90592-511f-4200-aedc-48597064f4c8/RMAN_full_1062634547_BPMPROD_20250614_5q3rvloi_2_1.vab
Backup Set           50671  14-JUN-25         
  Backup Piece       88174  14-JUN-25          3fc90592-511f-4200-aedc-48597064f4c8/RMAN_full_1062634547_BPMPROD_20250614_5q3rvloi_1_1.vab
Backup Set           50672  14-JUN-25         
  Backup Piece       88169  14-JUN-25          3fc90592-511f-4200-aedc-48597064f4c8/RMAN_full_1062634547_BPMPROD_20250614_5s3rvlr2_2_1.vab
Backup Set           50672  14-JUN-25         
  Backup Piece       88170  14-JUN-25          3fc90592-511f-4200-aedc-48597064f4c8/RMAN_full_1062634547_BPMPROD_20250614_5s3rvlr2_1_1.vab
Backup Set           50673  14-JUN-25         
  Backup Piece       88171  14-JUN-25          3fc90592-511f-4200-aedc-48597064f4c8/RMAN_full_1062634547_BPMPROD_20250614_5u3rvm6b_2_1.vab
Backup Set           50673  14-JUN-25         
  Backup Piece       88175  14-JUN-25          3fc90592-511f-4200-aedc-48597064f4c8/RMAN_full_1062634547_BPMPROD_20250614_5u3rvm6b_1_1.vab
Backup Set           50674  14-JUN-25         
  Backup Piece       88173  14-JUN-25          3fc90592-511f-4200-aedc-48597064f4c8/RMAN_full_1062634547_BPMPROD_20250614_603rvmko_2_1.vab
Backup Set           50674  14-JUN-25         
  Backup Piece       88176  14-JUN-25          3fc90592-511f-4200-aedc-48597064f4c8/RMAN_full_1062634547_BPMPROD_20250614_603rvmko_1_1.vab
Backup Set           50675  14-JUN-25         
  Backup Piece       88177  14-JUN-25          3fc90592-511f-4200-aedc-48597064f4c8/RMAN_full_1062634547_BPMPROD_20250614_623rvn44_2_1.vab
Backup Set           50675  14-JUN-25         
  Backup Piece       88178  14-JUN-25          3fc90592-511f-4200-aedc-48597064f4c8/RMAN_full_1062634547_BPMPROD_20250614_623rvn44_1_1.vab
Backup Set           50676  14-JUN-25         
  Backup Piece       88179  14-JUN-25          3fc90592-511f-4200-aedc-48597064f4c8/RMAN_full_1062634547_BPMPROD_20250614_643rvn8j_2_1.vab
Backup Set           50676  14-JUN-25         
  Backup Piece       88181  14-JUN-25          3fc90592-511f-4200-aedc-48597064f4c8/RMAN_full_1062634547_BPMPROD_20250614_643rvn8j_1_1.vab
Backup Set           50677  14-JUN-25         
  Backup Piece       88182  14-JUN-25          3fc90592-511f-4200-aedc-48597064f4c8/RMAN_full_1062634547_BPMPROD_20250614_663rvncb_2_1.vab
Backup Set           50677  14-JUN-25         
  Backup Piece       88180  14-JUN-25          3fc90592-511f-4200-aedc-48597064f4c8/RMAN_full_1062634547_BPMPROD_20250614_663rvncb_1_1.vab
Backup Set           50678  14-JUN-25         
  Backup Piece       88183  14-JUN-25          3fc90592-511f-4200-aedc-48597064f4c8/RMAN_full_1062634547_BPMPROD_20250614_683rvnmm_2_1.vab
Backup Set           50678  14-JUN-25         
  Backup Piece       88184  14-JUN-25          3fc90592-511f-4200-aedc-48597064f4c8/RMAN_full_1062634547_BPMPROD_20250614_683rvnmm_1_1.vab
Backup Set           50679  14-JUN-25         
  Backup Piece       88186  14-JUN-25          3fc90592-511f-4200-aedc-48597064f4c8/RMAN_full_1062634547_BPMPROD_20250614_6a3rvnv8_2_1.vab
Backup Set           50679  14-JUN-25         
  Backup Piece       88185  14-JUN-25          3fc90592-511f-4200-aedc-48597064f4c8/RMAN_full_1062634547_BPMPROD_20250614_6a3rvnv8_1_1.vab
Backup Set           50680  14-JUN-25         
  Backup Piece       88188  14-JUN-25          3fc90592-511f-4200-aedc-48597064f4c8/RMAN_full_1062634547_BPMPROD_20250614_6c3rvo8b_2_1.vab
Backup Set           50680  14-JUN-25         
  Backup Piece       88187  14-JUN-25          3fc90592-511f-4200-aedc-48597064f4c8/RMAN_full_1062634547_BPMPROD_20250614_6c3rvo8b_1_1.vab
Backup Set           50681  14-JUN-25         
  Backup Piece       88189  14-JUN-25          3fc90592-511f-4200-aedc-48597064f4c8/RMAN_full_1062634547_BPMPROD_20250614_6e3rvol6_2_1.vab
Backup Set           50681  14-JUN-25         
  Backup Piece       88191  14-JUN-25          3fc90592-511f-4200-aedc-48597064f4c8/RMAN_full_1062634547_BPMPROD_20250614_6e3rvol6_1_1.vab
Backup Set           50682  14-JUN-25         
  Backup Piece       88193  14-JUN-25          3fc90592-511f-4200-aedc-48597064f4c8/RMAN_full_1062634547_BPMPROD_20250614_6g3rvon2_2_1.vab
Backup Set           50682  14-JUN-25         
  Backup Piece       88190  14-JUN-25          3fc90592-511f-4200-aedc-48597064f4c8/RMAN_full_1062634547_BPMPROD_20250614_6g3rvon2_1_1.vab
Backup Set           50683  14-JUN-25         
  Backup Piece       88192  14-JUN-25          3fc90592-511f-4200-aedc-48597064f4c8/RMAN_full_1062634547_BPMPROD_20250614_6i3rvp13_2_1.vab
Backup Set           50683  14-JUN-25         
  Backup Piece       88194  14-JUN-25          3fc90592-511f-4200-aedc-48597064f4c8/RMAN_full_1062634547_BPMPROD_20250614_6i3rvp13_1_1.vab
Backup Set           50684  14-JUN-25         
  Backup Piece       88196  14-JUN-25          3fc90592-511f-4200-aedc-48597064f4c8/RMAN_full_1062634547_BPMPROD_20250614_6k3rvp64_2_1.vab
Backup Set           50684  14-JUN-25         
  Backup Piece       88195  14-JUN-25          3fc90592-511f-4200-aedc-48597064f4c8/RMAN_full_1062634547_BPMPROD_20250614_6k3rvp64_1_1.vab
Backup Set           50685  14-JUN-25         
  Backup Piece       88197  14-JUN-25          3fc90592-511f-4200-aedc-48597064f4c8/RMAN_full_1062634547_BPMPROD_20250614_6m3rvpnb_2_1.vab
Backup Set           50685  14-JUN-25         
  Backup Piece       88200  14-JUN-25          3fc90592-511f-4200-aedc-48597064f4c8/RMAN_full_1062634547_BPMPROD_20250614_6m3rvpnb_1_1.vab
Backup Set           50686  14-JUN-25         
  Backup Piece       88198  14-JUN-25          3fc90592-511f-4200-aedc-48597064f4c8/RMAN_full_1062634547_BPMPROD_20250614_6o3rvprn_2_1.vab
Backup Set           50686  14-JUN-25         
  Backup Piece       88201  14-JUN-25          3fc90592-511f-4200-aedc-48597064f4c8/RMAN_full_1062634547_BPMPROD_20250614_6o3rvprn_1_1.vab
Backup Set           50687  14-JUN-25         
  Backup Piece       88199  14-JUN-25          3fc90592-511f-4200-aedc-48597064f4c8/RMAN_full_1062634547_BPMPROD_20250614_6q3rvq3i_2_1.vab
Backup Set           50687  14-JUN-25         
  Backup Piece       88204  14-JUN-25          3fc90592-511f-4200-aedc-48597064f4c8/RMAN_full_1062634547_BPMPROD_20250614_6q3rvq3i_1_1.vab
Backup Set           50689  14-JUN-25         
  Backup Piece       88203  14-JUN-25          3fc90592-511f-4200-aedc-48597064f4c8/RMAN_full_1062634547_BPMPROD_20250614_6s3rvqeh_2_1.vab
Backup Set           50689  14-JUN-25         
  Backup Piece       88205  14-JUN-25          3fc90592-511f-4200-aedc-48597064f4c8/RMAN_full_1062634547_BPMPROD_20250614_6s3rvqeh_1_1.vab
Backup Set           50688  14-JUN-25         
  Backup Piece       88202  14-JUN-25          3fc90592-511f-4200-aedc-48597064f4c8/RMAN_full_1062634547_BPMPROD_20250614_6u3rvqkq_2_1.vab
Backup Set           50688  14-JUN-25         
  Backup Piece       88207  14-JUN-25          3fc90592-511f-4200-aedc-48597064f4c8/RMAN_full_1062634547_BPMPROD_20250614_6u3rvqkq_1_1.vab
Backup Set           50690  14-JUN-25         
  Backup Piece       88206  14-JUN-25          3fc90592-511f-4200-aedc-48597064f4c8/RMAN_full_1062634547_BPMPROD_20250614_703rvqs5_2_1.vab
Backup Set           50690  14-JUN-25         
  Backup Piece       88209  14-JUN-25          3fc90592-511f-4200-aedc-48597064f4c8/RMAN_full_1062634547_BPMPROD_20250614_703rvqs5_1_1.vab
Backup Set           50691  14-JUN-25         
  Backup Piece       88208  14-JUN-25          3fc90592-511f-4200-aedc-48597064f4c8/RMAN_full_1062634547_BPMPROD_20250614_723rvr40_2_1.vab
Backup Set           50691  14-JUN-25         
  Backup Piece       88211  14-JUN-25          3fc90592-511f-4200-aedc-48597064f4c8/RMAN_full_1062634547_BPMPROD_20250614_723rvr40_1_1.vab
Backup Set           50692  14-JUN-25         
  Backup Piece       88210  14-JUN-25          3fc90592-511f-4200-aedc-48597064f4c8/RMAN_full_1062634547_BPMPROD_20250614_743rvrbh_2_1.vab
Backup Set           50692  14-JUN-25         
  Backup Piece       88213  14-JUN-25          3fc90592-511f-4200-aedc-48597064f4c8/RMAN_full_1062634547_BPMPROD_20250614_743rvrbh_1_1.vab
Backup Set           50693  14-JUN-25         
  Backup Piece       88212  14-JUN-25          3fc90592-511f-4200-aedc-48597064f4c8/RMAN_full_1062634547_BPMPROD_20250614_763rvrk0_2_1.vab
Backup Set           50693  14-JUN-25         
  Backup Piece       88215  14-JUN-25          3fc90592-511f-4200-aedc-48597064f4c8/RMAN_full_1062634547_BPMPROD_20250614_763rvrk0_1_1.vab
Backup Set           50694  14-JUN-25         
  Backup Piece       88214  14-JUN-25          3fc90592-511f-4200-aedc-48597064f4c8/RMAN_full_1062634547_BPMPROD_20250614_783rvrqt_2_1.vab
Backup Set           50694  14-JUN-25         
  Backup Piece       88217  14-JUN-25          3fc90592-511f-4200-aedc-48597064f4c8/RMAN_full_1062634547_BPMPROD_20250614_783rvrqt_1_1.vab
Backup Set           50695  14-JUN-25         
  Backup Piece       88216  14-JUN-25          3fc90592-511f-4200-aedc-48597064f4c8/RMAN_full_1062634547_BPMPROD_20250614_7a3rvs5r_2_1.vab
Backup Set           50695  14-JUN-25         
  Backup Piece       88220  14-JUN-25          3fc90592-511f-4200-aedc-48597064f4c8/RMAN_full_1062634547_BPMPROD_20250614_7a3rvs5r_1_1.vab
Backup Set           50696  14-JUN-25         
  Backup Piece       88218  14-JUN-25          3fc90592-511f-4200-aedc-48597064f4c8/RMAN_full_1062634547_BPMPROD_20250614_7c3rvsd2_2_1.vab
Backup Set           50696  14-JUN-25         
  Backup Piece       88222  14-JUN-25          3fc90592-511f-4200-aedc-48597064f4c8/RMAN_full_1062634547_BPMPROD_20250614_7c3rvsd2_1_1.vab
Backup Set           50697  14-JUN-25         
  Backup Piece       88219  14-JUN-25          3fc90592-511f-4200-aedc-48597064f4c8/RMAN_full_1062634547_BPMPROD_20250614_7e3rvsg7_2_1.vab
Backup Set           50697  14-JUN-25         
  Backup Piece       88223  14-JUN-25          3fc90592-511f-4200-aedc-48597064f4c8/RMAN_full_1062634547_BPMPROD_20250614_7e3rvsg7_1_1.vab
Backup Set           50698  14-JUN-25         
  Backup Piece       88221  14-JUN-25          3fc90592-511f-4200-aedc-48597064f4c8/RMAN_full_1062634547_BPMPROD_20250614_7g3rvspa_2_1.vab
Backup Set           50698  14-JUN-25         
  Backup Piece       88225  14-JUN-25          3fc90592-511f-4200-aedc-48597064f4c8/RMAN_full_1062634547_BPMPROD_20250614_7g3rvspa_1_1.vab
Backup Set           50699  14-JUN-25         
  Backup Piece       88224  14-JUN-25          3fc90592-511f-4200-aedc-48597064f4c8/RMAN_full_1062634547_BPMPROD_20250614_7i3rvt49_2_1.vab
Backup Set           50699  14-JUN-25         
  Backup Piece       88226  14-JUN-25          3fc90592-511f-4200-aedc-48597064f4c8/RMAN_full_1062634547_BPMPROD_20250614_7i3rvt49_1_1.vab
Backup Set           50700  14-JUN-25         
  Backup Piece       88227  14-JUN-25          3fc90592-511f-4200-aedc-48597064f4c8/RMAN_full_1062634547_BPMPROD_20250614_7k3rvt99_2_1.vab
Backup Set           50700  14-JUN-25         
  Backup Piece       88228  14-JUN-25          3fc90592-511f-4200-aedc-48597064f4c8/RMAN_full_1062634547_BPMPROD_20250614_7k3rvt99_1_1.vab
Backup Set           50701  14-JUN-25         
  Backup Piece       88229  14-JUN-25          3fc90592-511f-4200-aedc-48597064f4c8/RMAN_full_1062634547_BPMPROD_20250614_7m3rvth4_2_1.vab
Backup Set           50701  14-JUN-25         
  Backup Piece       88230  14-JUN-25          3fc90592-511f-4200-aedc-48597064f4c8/RMAN_full_1062634547_BPMPROD_20250614_7m3rvth4_1_1.vab
Backup Set           50702  14-JUN-25         
  Backup Piece       88231  14-JUN-25          3fc90592-511f-4200-aedc-48597064f4c8/RMAN_full_1062634547_BPMPROD_20250614_7o3rvtke_2_1.vab
Backup Set           50702  14-JUN-25         
  Backup Piece       88232  14-JUN-25          3fc90592-511f-4200-aedc-48597064f4c8/RMAN_full_1062634547_BPMPROD_20250614_7o3rvtke_1_1.vab
Backup Set           50703  14-JUN-25         
  Backup Piece       88233  14-JUN-25          3fc90592-511f-4200-aedc-48597064f4c8/RMAN_full_1062634547_BPMPROD_20250614_7q3rvtud_2_1.vab
Backup Set           50703  14-JUN-25         
  Backup Piece       88236  14-JUN-25          3fc90592-511f-4200-aedc-48597064f4c8/RMAN_full_1062634547_BPMPROD_20250614_7q3rvtud_1_1.vab
Backup Set           50704  14-JUN-25         
  Backup Piece       88234  14-JUN-25          3fc90592-511f-4200-aedc-48597064f4c8/RMAN_full_1062634547_BPMPROD_20250614_7s3rvu5k_2_1.vab
Backup Set           50704  14-JUN-25         
  Backup Piece       88237  14-JUN-25          3fc90592-511f-4200-aedc-48597064f4c8/RMAN_full_1062634547_BPMPROD_20250614_7s3rvu5k_1_1.vab
Backup Set           50705  14-JUN-25         
  Backup Piece       88235  14-JUN-25          3fc90592-511f-4200-aedc-48597064f4c8/RMAN_full_1062634547_BPMPROD_20250614_7u3rvud4_2_1.vab
Backup Set           50705  14-JUN-25         
  Backup Piece       88238  14-JUN-25          3fc90592-511f-4200-aedc-48597064f4c8/RMAN_full_1062634547_BPMPROD_20250614_7u3rvud4_1_1.vab
Backup Set           50706  14-JUN-25         
  Backup Piece       88240  14-JUN-25          3fc90592-511f-4200-aedc-48597064f4c8/RMAN_full_1062634547_BPMPROD_20250614_803rvui5_2_1.vab
Backup Set           50706  14-JUN-25         
  Backup Piece       88239  14-JUN-25          3fc90592-511f-4200-aedc-48597064f4c8/RMAN_full_1062634547_BPMPROD_20250614_803rvui5_1_1.vab
Backup Set           50707  14-JUN-25         
  Backup Piece       88241  14-JUN-25          3fc90592-511f-4200-aedc-48597064f4c8/RMAN_full_1062634547_BPMPROD_20250614_823rvus6_2_1.vab
Backup Set           50707  14-JUN-25         
  Backup Piece       88242  14-JUN-25          3fc90592-511f-4200-aedc-48597064f4c8/RMAN_full_1062634547_BPMPROD_20250614_823rvus6_1_1.vab
Backup Set           50708  14-JUN-25         
  Backup Piece       88243  14-JUN-25          3fc90592-511f-4200-aedc-48597064f4c8/RMAN_full_1062634547_BPMPROD_20250614_843rvv5j_2_1.vab
Backup Set           50708  14-JUN-25         
  Backup Piece       88245  14-JUN-25          3fc90592-511f-4200-aedc-48597064f4c8/RMAN_full_1062634547_BPMPROD_20250614_843rvv5j_1_1.vab
Backup Set           50709  14-JUN-25         
  Backup Piece       88244  14-JUN-25          3fc90592-511f-4200-aedc-48597064f4c8/RMAN_full_1062634547_BPMPROD_20250614_863rvvat_2_1.vab
Backup Set           50709  14-JUN-25         
  Backup Piece       88246  14-JUN-25          3fc90592-511f-4200-aedc-48597064f4c8/RMAN_full_1062634547_BPMPROD_20250614_863rvvat_1_1.vab
Backup Set           50710  14-JUN-25         
  Backup Piece       88247  14-JUN-25          3fc90592-511f-4200-aedc-48597064f4c8/RMAN_full_1062634547_BPMPROD_20250614_883rvvf0_2_1.vab
Backup Set           50710  14-JUN-25         
  Backup Piece       88249  14-JUN-25          3fc90592-511f-4200-aedc-48597064f4c8/RMAN_full_1062634547_BPMPROD_20250614_883rvvf0_1_1.vab
Backup Set           50711  14-JUN-25         
  Backup Piece       88248  14-JUN-25          3fc90592-511f-4200-aedc-48597064f4c8/RMAN_full_1062634547_BPMPROD_20250614_8a3rvvon_2_1.vab
Backup Set           50711  14-JUN-25         
  Backup Piece       88250  14-JUN-25          3fc90592-511f-4200-aedc-48597064f4c8/RMAN_full_1062634547_BPMPROD_20250614_8a3rvvon_1_1.vab
Backup Set           50712  14-JUN-25         
  Backup Piece       88251  14-JUN-25          3fc90592-511f-4200-aedc-48597064f4c8/RMAN_full_1062634547_BPMPROD_20250614_8c3s000s_2_1.vab
Backup Set           50712  14-JUN-25         
  Backup Piece       88253  14-JUN-25          3fc90592-511f-4200-aedc-48597064f4c8/RMAN_full_1062634547_BPMPROD_20250614_8c3s000s_1_1.vab
Backup Set           50713  14-JUN-25         
  Backup Piece       88252  14-JUN-25          3fc90592-511f-4200-aedc-48597064f4c8/RMAN_full_1062634547_BPMPROD_20250614_8e3s0074_2_1.vab
Backup Set           50713  14-JUN-25         
  Backup Piece       88254  14-JUN-25          3fc90592-511f-4200-aedc-48597064f4c8/RMAN_full_1062634547_BPMPROD_20250614_8e3s0074_1_1.vab
Backup Set           50714  14-JUN-25         
  Backup Piece       88255  14-JUN-25          3fc90592-511f-4200-aedc-48597064f4c8/RMAN_full_1062634547_BPMPROD_20250614_8g3s00ev_2_1.vab
Backup Set           50714  14-JUN-25         
  Backup Piece       88257  14-JUN-25          3fc90592-511f-4200-aedc-48597064f4c8/RMAN_full_1062634547_BPMPROD_20250614_8g3s00ev_1_1.vab
Backup Set           50715  14-JUN-25         
  Backup Piece       88256  14-JUN-25          3fc90592-511f-4200-aedc-48597064f4c8/RMAN_full_1062634547_BPMPROD_20250614_8i3s00lg_2_1.vab
Backup Set           50715  14-JUN-25         
  Backup Piece       88258  14-JUN-25          3fc90592-511f-4200-aedc-48597064f4c8/RMAN_full_1062634547_BPMPROD_20250614_8i3s00lg_1_1.vab
Backup Set           50716  14-JUN-25         
  Backup Piece       88259  14-JUN-25          3fc90592-511f-4200-aedc-48597064f4c8/RMAN_full_1062634547_BPMPROD_20250614_8k3s00t0_2_1.vab
Backup Set           50716  14-JUN-25         
  Backup Piece       88260  14-JUN-25          3fc90592-511f-4200-aedc-48597064f4c8/RMAN_full_1062634547_BPMPROD_20250614_8k3s00t0_1_1.vab
Backup Set           50717  14-JUN-25         
  Backup Piece       88261  14-JUN-25          3fc90592-511f-4200-aedc-48597064f4c8/RMAN_full_1062634547_BPMPROD_20250614_8m3s014h_2_1.vab
Backup Set           50717  14-JUN-25         
  Backup Piece       88263  14-JUN-25          3fc90592-511f-4200-aedc-48597064f4c8/RMAN_full_1062634547_BPMPROD_20250614_8m3s014h_1_1.vab
Backup Set           50718  14-JUN-25         
  Backup Piece       88262  14-JUN-25          3fc90592-511f-4200-aedc-48597064f4c8/RMAN_full_1062634547_BPMPROD_20250614_8o3s01da_2_1.vab
Backup Set           50718  14-JUN-25         
  Backup Piece       88264  14-JUN-25          3fc90592-511f-4200-aedc-48597064f4c8/RMAN_full_1062634547_BPMPROD_20250614_8o3s01da_1_1.vab
Backup Set           50719  14-JUN-25         
  Backup Piece       88265  14-JUN-25          3fc90592-511f-4200-aedc-48597064f4c8/RMAN_full_1062634547_BPMPROD_20250614_8q3s01ib_2_1.vab
Backup Set           50719  14-JUN-25         
  Backup Piece       88266  14-JUN-25          3fc90592-511f-4200-aedc-48597064f4c8/RMAN_full_1062634547_BPMPROD_20250614_8q3s01ib_1_1.vab
Backup Set           50720  14-JUN-25         
  Backup Piece       88267  14-JUN-25          3fc90592-511f-4200-aedc-48597064f4c8/RMAN_full_1062634547_BPMPROD_20250614_8s3s01ot_2_1.vab
Backup Set           50720  14-JUN-25         
  Backup Piece       88268  14-JUN-25          3fc90592-511f-4200-aedc-48597064f4c8/RMAN_full_1062634547_BPMPROD_20250614_8s3s01ot_1_1.vab
Backup Set           50721  14-JUN-25         
  Backup Piece       88269  14-JUN-25          3fc90592-511f-4200-aedc-48597064f4c8/RMAN_full_1062634547_BPMPROD_20250614_8u3s0238_2_1.vab
Backup Set           50721  14-JUN-25         
  Backup Piece       88271  14-JUN-25          3fc90592-511f-4200-aedc-48597064f4c8/RMAN_full_1062634547_BPMPROD_20250614_8u3s0238_1_1.vab
Backup Set           50722  14-JUN-25         
  Backup Piece       88270  14-JUN-25          3fc90592-511f-4200-aedc-48597064f4c8/RMAN_full_1062634547_BPMPROD_20250614_903s027v_2_1.vab
Backup Set           50722  14-JUN-25         
  Backup Piece       88272  14-JUN-25          3fc90592-511f-4200-aedc-48597064f4c8/RMAN_full_1062634547_BPMPROD_20250614_903s027v_1_1.vab
Backup Set           50723  14-JUN-25         
  Backup Piece       88273  14-JUN-25          3fc90592-511f-4200-aedc-48597064f4c8/RMAN_full_1062634547_BPMPROD_20250614_923s02dm_2_1.vab
Backup Set           50723  14-JUN-25         
  Backup Piece       88274  14-JUN-25          3fc90592-511f-4200-aedc-48597064f4c8/RMAN_full_1062634547_BPMPROD_20250614_923s02dm_1_1.vab
Backup Set           50724  14-JUN-25         
  Backup Piece       88275  14-JUN-25          3fc90592-511f-4200-aedc-48597064f4c8/RMAN_full_1062634547_BPMPROD_20250614_943s02n5_2_1.vab
Backup Set           50724  14-JUN-25         
  Backup Piece       88276  14-JUN-25          3fc90592-511f-4200-aedc-48597064f4c8/RMAN_full_1062634547_BPMPROD_20250614_943s02n5_1_1.vab
Backup Set           50725  14-JUN-25         
  Backup Piece       88277  14-JUN-25          3fc90592-511f-4200-aedc-48597064f4c8/RMAN_full_1062634547_BPMPROD_20250614_963s033m_2_1.vab
Backup Set           50725  14-JUN-25         
  Backup Piece       88280  14-JUN-25          3fc90592-511f-4200-aedc-48597064f4c8/RMAN_full_1062634547_BPMPROD_20250614_963s033m_1_1.vab
Backup Set           50726  14-JUN-25         
  Backup Piece       88278  14-JUN-25          3fc90592-511f-4200-aedc-48597064f4c8/RMAN_full_1062634547_BPMPROD_20250614_983s0391_2_1.vab
Backup Set           50726  14-JUN-25         
  Backup Piece       88279  14-JUN-25          3fc90592-511f-4200-aedc-48597064f4c8/RMAN_full_1062634547_BPMPROD_20250614_983s0391_1_1.vab
Backup Set           50727  14-JUN-25         
  Backup Piece       88281  14-JUN-25          3fc90592-511f-4200-aedc-48597064f4c8/RMAN_full_1062634547_BPMPROD_20250614_9a3s03de_2_1.vab
Backup Set           50727  14-JUN-25         
  Backup Piece       88282  14-JUN-25          3fc90592-511f-4200-aedc-48597064f4c8/RMAN_full_1062634547_BPMPROD_20250614_9a3s03de_1_1.vab
Backup Set           50728  14-JUN-25         
  Backup Piece       88283  14-JUN-25          3fc90592-511f-4200-aedc-48597064f4c8/RMAN_full_1062634547_BPMPROD_20250614_9c3s03mr_2_1.vab
Backup Set           50728  14-JUN-25         
  Backup Piece       88284  14-JUN-25          3fc90592-511f-4200-aedc-48597064f4c8/RMAN_full_1062634547_BPMPROD_20250614_9c3s03mr_1_1.vab
Backup Set           50729  14-JUN-25         
  Backup Piece       88285  14-JUN-25          3fc90592-511f-4200-aedc-48597064f4c8/RMAN_full_1062634547_BPMPROD_20250614_9e3s0458_2_1.vab
Backup Set           50729  14-JUN-25         
  Backup Piece       88287  14-JUN-25          3fc90592-511f-4200-aedc-48597064f4c8/RMAN_full_1062634547_BPMPROD_20250614_9e3s0458_1_1.vab
Backup Set           50730  14-JUN-25         
  Backup Piece       88286  14-JUN-25          3fc90592-511f-4200-aedc-48597064f4c8/RMAN_full_1062634547_BPMPROD_20250614_9g3s045q_2_1.vab
Backup Set           50730  14-JUN-25         
  Backup Piece       88288  14-JUN-25          3fc90592-511f-4200-aedc-48597064f4c8/RMAN_full_1062634547_BPMPROD_20250614_9g3s045q_1_1.vab
Backup Set           50731  14-JUN-25         
  Backup Piece       88291  14-JUN-25          3fc90592-511f-4200-aedc-48597064f4c8/RMAN_full_1062634547_BPMPROD_20250614_9i3s04c4_2_1.vab
Backup Set           50731  14-JUN-25         
  Backup Piece       88289  14-JUN-25          3fc90592-511f-4200-aedc-48597064f4c8/RMAN_full_1062634547_BPMPROD_20250614_9i3s04c4_1_1.vab
Backup Set           50732  14-JUN-25         
  Backup Piece       88290  14-JUN-25          3fc90592-511f-4200-aedc-48597064f4c8/RMAN_full_1062634547_BPMPROD_20250614_9k3s04pt_2_1.vab
Backup Set           50732  14-JUN-25         
  Backup Piece       88294  14-JUN-25          3fc90592-511f-4200-aedc-48597064f4c8/RMAN_full_1062634547_BPMPROD_20250614_9k3s04pt_1_1.vab
Backup Set           50733  14-JUN-25         
  Backup Piece       88292  14-JUN-25          3fc90592-511f-4200-aedc-48597064f4c8/RMAN_full_1062634547_BPMPROD_20250614_9m3s0569_2_1.vab
Backup Set           50733  14-JUN-25         
  Backup Piece       88296  14-JUN-25          3fc90592-511f-4200-aedc-48597064f4c8/RMAN_full_1062634547_BPMPROD_20250614_9m3s0569_1_1.vab
Backup Set           50734  14-JUN-25         
  Backup Piece       88293  14-JUN-25          3fc90592-511f-4200-aedc-48597064f4c8/RMAN_full_1062634547_BPMPROD_20250614_9o3s056g_2_1.vab
Backup Set           50734  14-JUN-25         
  Backup Piece       88295  14-JUN-25          3fc90592-511f-4200-aedc-48597064f4c8/RMAN_full_1062634547_BPMPROD_20250614_9o3s056g_1_1.vab
Backup Set           50735  14-JUN-25         
  Backup Piece       88297  14-JUN-25          3fc90592-511f-4200-aedc-48597064f4c8/RMAN_full_1062634547_BPMPROD_20250614_9q3s05b7_2_1.vab
Backup Set           50735  14-JUN-25         
  Backup Piece       88298  14-JUN-25          3fc90592-511f-4200-aedc-48597064f4c8/RMAN_full_1062634547_BPMPROD_20250614_9q3s05b7_1_1.vab
Backup Set           50736  14-JUN-25         
  Backup Piece       88299  14-JUN-25          3fc90592-511f-4200-aedc-48597064f4c8/RMAN_full_1062634547_BPMPROD_20250614_9s3s05qs_2_1.vab
Backup Set           50736  14-JUN-25         
  Backup Piece       88300  14-JUN-25          3fc90592-511f-4200-aedc-48597064f4c8/RMAN_full_1062634547_BPMPROD_20250614_9s3s05qs_1_1.vab
Backup Set           50737  14-JUN-25         
  Backup Piece       88301  14-JUN-25          3fc90592-511f-4200-aedc-48597064f4c8/RMAN_full_1062634547_BPMPROD_20250614_9u3s0619_2_1.vab
Backup Set           50737  14-JUN-25         
  Backup Piece       88302  14-JUN-25          3fc90592-511f-4200-aedc-48597064f4c8/RMAN_full_1062634547_BPMPROD_20250614_9u3s0619_1_1.vab
Backup Set           50738  14-JUN-25         
  Backup Piece       88303  14-JUN-25          3fc90592-511f-4200-aedc-48597064f4c8/RMAN_full_1062634547_BPMPROD_20250614_a03s0694_2_1.vab
Backup Set           50738  14-JUN-25         
  Backup Piece       88304  14-JUN-25          3fc90592-511f-4200-aedc-48597064f4c8/RMAN_full_1062634547_BPMPROD_20250614_a03s0694_1_1.vab
Backup Set           50739  14-JUN-25         
  Backup Piece       88305  14-JUN-25          3fc90592-511f-4200-aedc-48597064f4c8/RMAN_full_1062634547_BPMPROD_20250614_a23s06d7_2_1.vab
Backup Set           50739  14-JUN-25         
  Backup Piece       88307  14-JUN-25          3fc90592-511f-4200-aedc-48597064f4c8/RMAN_full_1062634547_BPMPROD_20250614_a23s06d7_1_1.vab
Backup Set           50740  14-JUN-25         
  Backup Piece       88306  14-JUN-25          3fc90592-511f-4200-aedc-48597064f4c8/RMAN_full_1062634547_BPMPROD_20250614_a43s06rf_2_1.vab
Backup Set           50740  14-JUN-25         
  Backup Piece       88308  14-JUN-25          3fc90592-511f-4200-aedc-48597064f4c8/RMAN_full_1062634547_BPMPROD_20250614_a43s06rf_1_1.vab
Backup Set           50741  14-JUN-25         
  Backup Piece       88309  14-JUN-25          3fc90592-511f-4200-aedc-48597064f4c8/RMAN_full_1062634547_BPMPROD_20250614_a63s06tk_2_1.vab
Backup Set           50741  14-JUN-25         
  Backup Piece       88311  14-JUN-25          3fc90592-511f-4200-aedc-48597064f4c8/RMAN_full_1062634547_BPMPROD_20250614_a63s06tk_1_1.vab
Backup Set           50742  14-JUN-25         
  Backup Piece       88310  14-JUN-25          3fc90592-511f-4200-aedc-48597064f4c8/RMAN_full_1062634547_BPMPROD_20250614_a83s07ap_2_1.vab
Backup Set           50742  14-JUN-25         
  Backup Piece       88312  14-JUN-25          3fc90592-511f-4200-aedc-48597064f4c8/RMAN_full_1062634547_BPMPROD_20250614_a83s07ap_1_1.vab
Backup Set           50743  14-JUN-25         
  Backup Piece       88313  14-JUN-25          3fc90592-511f-4200-aedc-48597064f4c8/RMAN_full_1062634547_BPMPROD_20250614_aa3s07dv_2_1.vab
Backup Set           50743  14-JUN-25         
  Backup Piece       88314  14-JUN-25          3fc90592-511f-4200-aedc-48597064f4c8/RMAN_full_1062634547_BPMPROD_20250614_aa3s07dv_1_1.vab
Backup Set           50744  14-JUN-25         
  Backup Piece       88315  14-JUN-25          3fc90592-511f-4200-aedc-48597064f4c8/RMAN_full_1062634547_BPMPROD_20250614_ac3s07nc_2_1.vab
Backup Set           50744  14-JUN-25         
  Backup Piece       88316  14-JUN-25          3fc90592-511f-4200-aedc-48597064f4c8/RMAN_full_1062634547_BPMPROD_20250614_ac3s07nc_1_1.vab
Backup Set           50745  14-JUN-25         
  Backup Piece       88318  14-JUN-25          3fc90592-511f-4200-aedc-48597064f4c8/RMAN_full_1062634547_BPMPROD_20250614_ae3s07t0_2_1.vab
Backup Set           50745  14-JUN-25         
  Backup Piece       88317  14-JUN-25          3fc90592-511f-4200-aedc-48597064f4c8/RMAN_full_1062634547_BPMPROD_20250614_ae3s07t0_1_1.vab
Backup Set           50746  14-JUN-25         
  Backup Piece       88319  14-JUN-25          3fc90592-511f-4200-aedc-48597064f4c8/RMAN_full_1062634547_BPMPROD_20250614_ag3s087v_2_1.vab
Backup Set           50746  14-JUN-25         
  Backup Piece       88320  14-JUN-25          3fc90592-511f-4200-aedc-48597064f4c8/RMAN_full_1062634547_BPMPROD_20250614_ag3s087v_1_1.vab
Backup Set           50747  14-JUN-25         
  Backup Piece       88321  14-JUN-25          3fc90592-511f-4200-aedc-48597064f4c8/RMAN_full_1062634547_BPMPROD_20250614_ai3s08e8_2_1.vab
Backup Set           50747  14-JUN-25         
  Backup Piece       88323  14-JUN-25          3fc90592-511f-4200-aedc-48597064f4c8/RMAN_full_1062634547_BPMPROD_20250614_ai3s08e8_1_1.vab
Backup Set           50748  14-JUN-25         
  Backup Piece       88322  14-JUN-25          3fc90592-511f-4200-aedc-48597064f4c8/RMAN_full_1062634547_BPMPROD_20250614_ak3s08oj_2_1.vab
Backup Set           50748  14-JUN-25         
  Backup Piece       88326  14-JUN-25          3fc90592-511f-4200-aedc-48597064f4c8/RMAN_full_1062634547_BPMPROD_20250614_ak3s08oj_1_1.vab
Backup Set           50749  14-JUN-25         
  Backup Piece       88324  14-JUN-25          3fc90592-511f-4200-aedc-48597064f4c8/RMAN_full_1062634547_BPMPROD_20250614_am3s08sl_2_1.vab
Backup Set           50749  14-JUN-25         
  Backup Piece       88327  14-JUN-25          3fc90592-511f-4200-aedc-48597064f4c8/RMAN_full_1062634547_BPMPROD_20250614_am3s08sl_1_1.vab
Backup Set           50750  14-JUN-25         
  Backup Piece       88325  14-JUN-25          3fc90592-511f-4200-aedc-48597064f4c8/RMAN_full_1062634547_BPMPROD_20250614_ao3s097k_2_1.vab
Backup Set           50750  14-JUN-25         
  Backup Piece       88328  14-JUN-25          3fc90592-511f-4200-aedc-48597064f4c8/RMAN_full_1062634547_BPMPROD_20250614_ao3s097k_1_1.vab
Backup Set           50751  14-JUN-25         
  Backup Piece       88329  14-JUN-25          3fc90592-511f-4200-aedc-48597064f4c8/RMAN_full_1062634547_BPMPROD_20250614_aq3s09cl_2_1.vab
Backup Set           50751  14-JUN-25         
  Backup Piece       88331  14-JUN-25          3fc90592-511f-4200-aedc-48597064f4c8/RMAN_full_1062634547_BPMPROD_20250614_aq3s09cl_1_1.vab
Backup Set           50752  14-JUN-25         
  Backup Piece       88330  14-JUN-25          3fc90592-511f-4200-aedc-48597064f4c8/RMAN_full_1062634547_BPMPROD_20250614_as3s09oi_2_1.vab
Backup Set           50752  14-JUN-25         
  Backup Piece       88333  14-JUN-25          3fc90592-511f-4200-aedc-48597064f4c8/RMAN_full_1062634547_BPMPROD_20250614_as3s09oi_1_1.vab
Backup Set           50753  14-JUN-25         
  Backup Piece       88332  14-JUN-25          3fc90592-511f-4200-aedc-48597064f4c8/RMAN_full_1062634547_BPMPROD_20250614_au3s09qh_2_1.vab
Backup Set           50753  14-JUN-25         
  Backup Piece       88335  14-JUN-25          3fc90592-511f-4200-aedc-48597064f4c8/RMAN_full_1062634547_BPMPROD_20250614_au3s09qh_1_1.vab
Backup Set           50754  14-JUN-25         
  Backup Piece       88334  14-JUN-25          3fc90592-511f-4200-aedc-48597064f4c8/RMAN_full_1062634547_BPMPROD_20250614_b03s0a9i_2_1.vab
Backup Set           50754  14-JUN-25         
  Backup Piece       88336  14-JUN-25          3fc90592-511f-4200-aedc-48597064f4c8/RMAN_full_1062634547_BPMPROD_20250614_b03s0a9i_1_1.vab
Backup Set           50755  14-JUN-25         
  Backup Piece       88338  14-JUN-25          3fc90592-511f-4200-aedc-48597064f4c8/RMAN_full_1062634547_BPMPROD_20250614_b23s0abn_2_1.vab
Backup Set           50755  14-JUN-25         
  Backup Piece       88337  14-JUN-25          3fc90592-511f-4200-aedc-48597064f4c8/RMAN_full_1062634547_BPMPROD_20250614_b23s0abn_1_1.vab
Backup Set           50756  14-JUN-25         
  Backup Piece       88339  14-JUN-25          3fc90592-511f-4200-aedc-48597064f4c8/RMAN_full_1062634547_BPMPROD_20250614_b43s0ao2_2_1.vab
Backup Set           50756  14-JUN-25         
  Backup Piece       88340  14-JUN-25          3fc90592-511f-4200-aedc-48597064f4c8/RMAN_full_1062634547_BPMPROD_20250614_b43s0ao2_1_1.vab
Backup Set           50757  14-JUN-25         
  Backup Piece       88341  14-JUN-25          3fc90592-511f-4200-aedc-48597064f4c8/RMAN_full_1062634547_BPMPROD_20250614_b63s0aq9_2_1.vab
Backup Set           50757  14-JUN-25         
  Backup Piece       88343  14-JUN-25          3fc90592-511f-4200-aedc-48597064f4c8/RMAN_full_1062634547_BPMPROD_20250614_b63s0aq9_1_1.vab
Backup Set           50758  14-JUN-25         
  Backup Piece       88342  14-JUN-25          3fc90592-511f-4200-aedc-48597064f4c8/RMAN_full_1062634547_BPMPROD_20250614_b83s0b8m_2_1.vab
Backup Set           50758  14-JUN-25         
  Backup Piece       88344  14-JUN-25          3fc90592-511f-4200-aedc-48597064f4c8/RMAN_full_1062634547_BPMPROD_20250614_b83s0b8m_1_1.vab
Backup Set           50759  14-JUN-25         
  Backup Piece       88345  14-JUN-25          3fc90592-511f-4200-aedc-48597064f4c8/RMAN_full_1062634547_BPMPROD_20250614_ba3s0bb6_2_1.vab
Backup Set           50759  14-JUN-25         
  Backup Piece       88346  14-JUN-25          3fc90592-511f-4200-aedc-48597064f4c8/RMAN_full_1062634547_BPMPROD_20250614_ba3s0bb6_1_1.vab
Backup Set           50760  14-JUN-25         
  Backup Piece       88347  14-JUN-25          3fc90592-511f-4200-aedc-48597064f4c8/RMAN_full_1062634547_BPMPROD_20250614_bc3s0blh_2_1.vab
Backup Set           50760  14-JUN-25         
  Backup Piece       88348  14-JUN-25          3fc90592-511f-4200-aedc-48597064f4c8/RMAN_full_1062634547_BPMPROD_20250614_bc3s0blh_1_1.vab
Backup Set           50761  14-JUN-25         
  Backup Piece       88349  14-JUN-25          3fc90592-511f-4200-aedc-48597064f4c8/RMAN_full_1062634547_BPMPROD_20250614_be3s0bq0_2_1.vab
Backup Set           50761  14-JUN-25         
  Backup Piece       88350  14-JUN-25          3fc90592-511f-4200-aedc-48597064f4c8/RMAN_full_1062634547_BPMPROD_20250614_be3s0bq0_1_1.vab
Backup Set           50762  14-JUN-25         
  Backup Piece       88351  14-JUN-25          3fc90592-511f-4200-aedc-48597064f4c8/RMAN_full_1062634547_BPMPROD_20250614_bg3s0c75_2_1.vab
Backup Set           50762  14-JUN-25         
  Backup Piece       88353  14-JUN-25          3fc90592-511f-4200-aedc-48597064f4c8/RMAN_full_1062634547_BPMPROD_20250614_bg3s0c75_1_1.vab
Backup Set           50763  14-JUN-25         
  Backup Piece       88352  14-JUN-25          3fc90592-511f-4200-aedc-48597064f4c8/RMAN_full_1062634547_BPMPROD_20250614_bi3s0cak_2_1.vab
Backup Set           50763  14-JUN-25         
  Backup Piece       88355  14-JUN-25          3fc90592-511f-4200-aedc-48597064f4c8/RMAN_full_1062634547_BPMPROD_20250614_bi3s0cak_1_1.vab
Backup Set           50764  14-JUN-25         
  Backup Piece       88354  14-JUN-25          3fc90592-511f-4200-aedc-48597064f4c8/RMAN_full_1062634547_BPMPROD_20250614_bk3s0clt_2_1.vab
Backup Set           50764  14-JUN-25         
  Backup Piece       88357  14-JUN-25          3fc90592-511f-4200-aedc-48597064f4c8/RMAN_full_1062634547_BPMPROD_20250614_bk3s0clt_1_1.vab
Backup Set           50765  14-JUN-25         
  Backup Piece       88356  14-JUN-25          3fc90592-511f-4200-aedc-48597064f4c8/RMAN_full_1062634547_BPMPROD_20250614_bm3s0cpm_2_1.vab
Backup Set           50765  14-JUN-25         
  Backup Piece       88359  14-JUN-25          3fc90592-511f-4200-aedc-48597064f4c8/RMAN_full_1062634547_BPMPROD_20250614_bm3s0cpm_1_1.vab
Backup Set           50766  14-JUN-25         
  Backup Piece       88358  14-JUN-25          3fc90592-511f-4200-aedc-48597064f4c8/RMAN_full_1062634547_BPMPROD_20250614_bo3s0d32_2_1.vab
Backup Set           50766  14-JUN-25         
  Backup Piece       88360  14-JUN-25          3fc90592-511f-4200-aedc-48597064f4c8/RMAN_full_1062634547_BPMPROD_20250614_bo3s0d32_1_1.vab
Backup Set           50767  14-JUN-25         
  Backup Piece       88361  14-JUN-25          3fc90592-511f-4200-aedc-48597064f4c8/RMAN_full_1062634547_BPMPROD_20250614_bq3s0d9l_2_1.vab
Backup Set           50767  14-JUN-25         
  Backup Piece       88363  14-JUN-25          3fc90592-511f-4200-aedc-48597064f4c8/RMAN_full_1062634547_BPMPROD_20250614_bq3s0d9l_1_1.vab
Backup Set           50768  14-JUN-25         
  Backup Piece       88362  14-JUN-25          3fc90592-511f-4200-aedc-48597064f4c8/RMAN_full_1062634547_BPMPROD_20250614_bs3s0dio_2_1.vab
Backup Set           50768  14-JUN-25         
  Backup Piece       88365  14-JUN-25          3fc90592-511f-4200-aedc-48597064f4c8/RMAN_full_1062634547_BPMPROD_20250614_bs3s0dio_1_1.vab
Backup Set           50769  14-JUN-25         
  Backup Piece       88364  14-JUN-25          3fc90592-511f-4200-aedc-48597064f4c8/RMAN_full_1062634547_BPMPROD_20250614_bu3s0dqs_2_1.vab
Backup Set           50769  14-JUN-25         
  Backup Piece       88367  14-JUN-25          3fc90592-511f-4200-aedc-48597064f4c8/RMAN_full_1062634547_BPMPROD_20250614_bu3s0dqs_1_1.vab
Backup Set           50770  14-JUN-25         
  Backup Piece       88366  14-JUN-25          3fc90592-511f-4200-aedc-48597064f4c8/RMAN_full_1062634547_BPMPROD_20250614_c03s0dvl_2_1.vab
Backup Set           50770  14-JUN-25         
  Backup Piece       88368  14-JUN-25          3fc90592-511f-4200-aedc-48597064f4c8/RMAN_full_1062634547_BPMPROD_20250614_c03s0dvl_1_1.vab
Backup Set           50771  14-JUN-25         
  Backup Piece       88369  14-JUN-25          3fc90592-511f-4200-aedc-48597064f4c8/RMAN_full_1062634547_BPMPROD_20250614_c23s0e92_2_1.vab
Backup Set           50771  14-JUN-25         
  Backup Piece       88370  14-JUN-25          3fc90592-511f-4200-aedc-48597064f4c8/RMAN_full_1062634547_BPMPROD_20250614_c23s0e92_1_1.vab
Backup Set           50772  14-JUN-25         
  Backup Piece       88371  14-JUN-25          3fc90592-511f-4200-aedc-48597064f4c8/RMAN_full_1062634547_BPMPROD_20250614_c43s0efv_2_1.vab
Backup Set           50772  14-JUN-25         
  Backup Piece       88373  14-JUN-25          3fc90592-511f-4200-aedc-48597064f4c8/RMAN_full_1062634547_BPMPROD_20250614_c43s0efv_1_1.vab
Backup Set           50773  14-JUN-25         
  Backup Piece       88372  14-JUN-25          3fc90592-511f-4200-aedc-48597064f4c8/RMAN_full_1062634547_BPMPROD_20250614_c63s0eqt_2_1.vab
Backup Set           50773  14-JUN-25         
  Backup Piece       88375  14-JUN-25          3fc90592-511f-4200-aedc-48597064f4c8/RMAN_full_1062634547_BPMPROD_20250614_c63s0eqt_1_1.vab
Backup Set           50774  14-JUN-25         
  Backup Piece       88374  14-JUN-25          3fc90592-511f-4200-aedc-48597064f4c8/RMAN_full_1062634547_BPMPROD_20250614_c83s0ev0_2_1.vab
Backup Set           50774  14-JUN-25         
  Backup Piece       88377  14-JUN-25          3fc90592-511f-4200-aedc-48597064f4c8/RMAN_full_1062634547_BPMPROD_20250614_c83s0ev0_1_1.vab
Backup Set           50775  14-JUN-25         
  Backup Piece       88376  14-JUN-25          3fc90592-511f-4200-aedc-48597064f4c8/RMAN_full_1062634547_BPMPROD_20250614_ca3s0f7o_2_1.vab
Backup Set           50775  14-JUN-25         
  Backup Piece       88378  14-JUN-25          3fc90592-511f-4200-aedc-48597064f4c8/RMAN_full_1062634547_BPMPROD_20250614_ca3s0f7o_1_1.vab
Backup Set           50776  14-JUN-25         
  Backup Piece       88379  14-JUN-25          3fc90592-511f-4200-aedc-48597064f4c8/RMAN_full_1062634547_BPMPROD_20250614_cc3s0fc5_2_1.vab
Backup Set           50776  14-JUN-25         
  Backup Piece       88380  14-JUN-25          3fc90592-511f-4200-aedc-48597064f4c8/RMAN_full_1062634547_BPMPROD_20250614_cc3s0fc5_1_1.vab
Backup Set           50777  14-JUN-25         
  Backup Piece       88381  14-JUN-25          3fc90592-511f-4200-aedc-48597064f4c8/RMAN_full_1062634547_BPMPROD_20250614_ce3s0fq8_2_1.vab
Backup Set           50777  14-JUN-25         
  Backup Piece       88384  14-JUN-25          3fc90592-511f-4200-aedc-48597064f4c8/RMAN_full_1062634547_BPMPROD_20250614_ce3s0fq8_1_1.vab
Backup Set           50779  14-JUN-25         
  Backup Piece       88383  14-JUN-25          3fc90592-511f-4200-aedc-48597064f4c8/RMAN_full_1062634547_BPMPROD_20250614_cg3s0fuv_2_1.vab
Backup Set           50779  14-JUN-25         
  Backup Piece       88385  14-JUN-25          3fc90592-511f-4200-aedc-48597064f4c8/RMAN_full_1062634547_BPMPROD_20250614_cg3s0fuv_1_1.vab
Backup Set           50778  14-JUN-25         
  Backup Piece       88382  14-JUN-25          3fc90592-511f-4200-aedc-48597064f4c8/RMAN_full_1062634547_BPMPROD_20250614_ci3s0g73_2_1.vab
Backup Set           50778  14-JUN-25         
  Backup Piece       88386  14-JUN-25          3fc90592-511f-4200-aedc-48597064f4c8/RMAN_full_1062634547_BPMPROD_20250614_ci3s0g73_1_1.vab
Backup Set           50781  14-JUN-25         
  Backup Piece       88388  14-JUN-25          3fc90592-511f-4200-aedc-48597064f4c8/RMAN_full_1062634547_BPMPROD_20250614_ck3s0gce_2_1.vab
Backup Set           50781  14-JUN-25         
  Backup Piece       88389  14-JUN-25          3fc90592-511f-4200-aedc-48597064f4c8/RMAN_full_1062634547_BPMPROD_20250614_ck3s0gce_1_1.vab
Backup Set           50780  14-JUN-25         
  Backup Piece       88387  14-JUN-25          3fc90592-511f-4200-aedc-48597064f4c8/RMAN_full_1062634547_BPMPROD_20250614_cm3s0gpv_2_1.vab
Backup Set           50780  14-JUN-25         
  Backup Piece       88391  14-JUN-25          3fc90592-511f-4200-aedc-48597064f4c8/RMAN_full_1062634547_BPMPROD_20250614_cm3s0gpv_1_1.vab
Backup Set           50782  14-JUN-25         
  Backup Piece       88390  14-JUN-25          3fc90592-511f-4200-aedc-48597064f4c8/RMAN_full_1062634547_BPMPROD_20250614_co3s0gvk_2_1.vab
Backup Set           50782  14-JUN-25         
  Backup Piece       88393  14-JUN-25          3fc90592-511f-4200-aedc-48597064f4c8/RMAN_full_1062634547_BPMPROD_20250614_co3s0gvk_1_1.vab
Backup Set           50783  14-JUN-25         
  Backup Piece       88392  14-JUN-25          3fc90592-511f-4200-aedc-48597064f4c8/RMAN_full_1062634547_BPMPROD_20250614_cq3s0hbh_2_1.vab
Backup Set           50783  14-JUN-25         
  Backup Piece       88396  14-JUN-25          3fc90592-511f-4200-aedc-48597064f4c8/RMAN_full_1062634547_BPMPROD_20250614_cq3s0hbh_1_1.vab
Backup Set           50784  14-JUN-25         
  Backup Piece       88394  14-JUN-25          3fc90592-511f-4200-aedc-48597064f4c8/RMAN_full_1062634547_BPMPROD_20250614_cs3s0hbr_2_1.vab
Backup Set           50784  14-JUN-25         
  Backup Piece       88395  14-JUN-25          3fc90592-511f-4200-aedc-48597064f4c8/RMAN_full_1062634547_BPMPROD_20250614_cs3s0hbr_1_1.vab
Backup Set           50785  14-JUN-25         
  Backup Piece       88397  14-JUN-25          3fc90592-511f-4200-aedc-48597064f4c8/RMAN_full_1062634547_BPMPROD_20250614_cu3s0hqs_2_1.vab
Backup Set           50785  14-JUN-25         
  Backup Piece       88399  14-JUN-25          3fc90592-511f-4200-aedc-48597064f4c8/RMAN_full_1062634547_BPMPROD_20250614_cu3s0hqs_1_1.vab
Backup Set           50786  14-JUN-25         
  Backup Piece       88398  14-JUN-25          3fc90592-511f-4200-aedc-48597064f4c8/RMAN_full_1062634547_BPMPROD_20250614_d03s0i0r_2_1.vab
Backup Set           50786  14-JUN-25         
  Backup Piece       88400  14-JUN-25          3fc90592-511f-4200-aedc-48597064f4c8/RMAN_full_1062634547_BPMPROD_20250614_d03s0i0r_1_1.vab
Backup Set           50787  14-JUN-25         
  Backup Piece       88401  14-JUN-25          3fc90592-511f-4200-aedc-48597064f4c8/RMAN_full_1062634547_BPMPROD_20250614_d23s0iai_2_1.vab
Backup Set           50787  14-JUN-25         
  Backup Piece       88402  14-JUN-25          3fc90592-511f-4200-aedc-48597064f4c8/RMAN_full_1062634547_BPMPROD_20250614_d23s0iai_1_1.vab
Backup Set           50788  14-JUN-25         
  Backup Piece       88403  14-JUN-25          3fc90592-511f-4200-aedc-48597064f4c8/RMAN_full_1062634547_BPMPROD_20250614_d43s0icp_2_1.vab
Backup Set           50788  14-JUN-25         
  Backup Piece       88404  14-JUN-25          3fc90592-511f-4200-aedc-48597064f4c8/RMAN_full_1062634547_BPMPROD_20250614_d43s0icp_1_1.vab
Backup Set           50789  14-JUN-25         
  Backup Piece       88405  14-JUN-25          3fc90592-511f-4200-aedc-48597064f4c8/RMAN_full_1062634547_BPMPROD_20250614_d63s0iqi_2_1.vab
Backup Set           50789  14-JUN-25         
  Backup Piece       88407  14-JUN-25          3fc90592-511f-4200-aedc-48597064f4c8/RMAN_full_1062634547_BPMPROD_20250614_d63s0iqi_1_1.vab
Backup Set           50790  14-JUN-25         
  Backup Piece       88406  14-JUN-25          3fc90592-511f-4200-aedc-48597064f4c8/RMAN_full_1062634547_BPMPROD_20250614_d83s0iv8_2_1.vab
Backup Set           50790  14-JUN-25         
  Backup Piece       88408  14-JUN-25          3fc90592-511f-4200-aedc-48597064f4c8/RMAN_full_1062634547_BPMPROD_20250614_d83s0iv8_1_1.vab
Backup Set           50791  14-JUN-25         
  Backup Piece       88409  14-JUN-25          3fc90592-511f-4200-aedc-48597064f4c8/RMAN_full_1062634547_BPMPROD_20250614_da3s0jah_2_1.vab
Backup Set           50791  14-JUN-25         
  Backup Piece       88411  14-JUN-25          3fc90592-511f-4200-aedc-48597064f4c8/RMAN_full_1062634547_BPMPROD_20250614_da3s0jah_1_1.vab
Backup Set           50792  14-JUN-25         
  Backup Piece       88410  14-JUN-25          3fc90592-511f-4200-aedc-48597064f4c8/RMAN_full_1062634547_BPMPROD_20250614_dc3s0jim_2_1.vab
Backup Set           50792  14-JUN-25         
  Backup Piece       88413  14-JUN-25          3fc90592-511f-4200-aedc-48597064f4c8/RMAN_full_1062634547_BPMPROD_20250614_dc3s0jim_1_1.vab
Backup Set           50793  14-JUN-25         
  Backup Piece       88412  14-JUN-25          3fc90592-511f-4200-aedc-48597064f4c8/RMAN_full_1062634547_BPMPROD_20250614_de3s0jrp_2_1.vab
Backup Set           50793  14-JUN-25         
  Backup Piece       88415  14-JUN-25          3fc90592-511f-4200-aedc-48597064f4c8/RMAN_full_1062634547_BPMPROD_20250614_de3s0jrp_1_1.vab
Backup Set           50794  14-JUN-25         
  Backup Piece       88414  14-JUN-25          3fc90592-511f-4200-aedc-48597064f4c8/RMAN_full_1062634547_BPMPROD_20250614_dg3s0jvi_2_1.vab
Backup Set           50794  14-JUN-25         
  Backup Piece       88416  14-JUN-25          3fc90592-511f-4200-aedc-48597064f4c8/RMAN_full_1062634547_BPMPROD_20250614_dg3s0jvi_1_1.vab
Backup Set           50795  14-JUN-25         
  Backup Piece       88417  14-JUN-25          3fc90592-511f-4200-aedc-48597064f4c8/RMAN_full_1062634547_BPMPROD_20250614_di3s0kb5_2_1.vab
Backup Set           50795  14-JUN-25         
  Backup Piece       88418  14-JUN-25          3fc90592-511f-4200-aedc-48597064f4c8/RMAN_full_1062634547_BPMPROD_20250614_di3s0kb5_1_1.vab
Backup Set           50796  14-JUN-25         
  Backup Piece       88419  14-JUN-25          3fc90592-511f-4200-aedc-48597064f4c8/RMAN_full_1062634547_BPMPROD_20250614_dk3s0kl6_2_1.vab
Backup Set           50796  14-JUN-25         
  Backup Piece       88421  14-JUN-25          3fc90592-511f-4200-aedc-48597064f4c8/RMAN_full_1062634547_BPMPROD_20250614_dk3s0kl6_1_1.vab
Backup Set           50797  14-JUN-25         
  Backup Piece       88420  14-JUN-25          3fc90592-511f-4200-aedc-48597064f4c8/RMAN_full_1062634547_BPMPROD_20250614_dm3s0ktb_2_1.vab
Backup Set           50797  14-JUN-25         
  Backup Piece       88422  14-JUN-25          3fc90592-511f-4200-aedc-48597064f4c8/RMAN_full_1062634547_BPMPROD_20250614_dm3s0ktb_1_1.vab
Backup Set           50798  14-JUN-25         
  Backup Piece       88423  14-JUN-25          3fc90592-511f-4200-aedc-48597064f4c8/RMAN_full_1062634547_BPMPROD_20250614_do3s0l0p_2_1.vab
Backup Set           50798  14-JUN-25         
  Backup Piece       88424  14-JUN-25          3fc90592-511f-4200-aedc-48597064f4c8/RMAN_full_1062634547_BPMPROD_20250614_do3s0l0p_1_1.vab
Backup Set           50799  14-JUN-25         
  Backup Piece       88425  14-JUN-25          3fc90592-511f-4200-aedc-48597064f4c8/RMAN_full_1062634547_BPMPROD_20250614_dq3s0lda_2_1.vab
Backup Set           50799  14-JUN-25         
  Backup Piece       88426  14-JUN-25          3fc90592-511f-4200-aedc-48597064f4c8/RMAN_full_1062634547_BPMPROD_20250614_dq3s0lda_1_1.vab
Backup Set           50800  14-JUN-25         
  Backup Piece       88427  14-JUN-25          3fc90592-511f-4200-aedc-48597064f4c8/RMAN_full_1062634547_BPMPROD_20250614_ds3s0lm3_2_1.vab
Backup Set           50800  14-JUN-25         
  Backup Piece       88428  14-JUN-25          3fc90592-511f-4200-aedc-48597064f4c8/RMAN_full_1062634547_BPMPROD_20250614_ds3s0lm3_1_1.vab
Backup Set           50801  14-JUN-25         
  Backup Piece       88429  14-JUN-25          3fc90592-511f-4200-aedc-48597064f4c8/RMAN_full_1062634547_BPMPROD_20250614_du3s0ltk_2_1.vab
Backup Set           50801  14-JUN-25         
  Backup Piece       88430  14-JUN-25          3fc90592-511f-4200-aedc-48597064f4c8/RMAN_full_1062634547_BPMPROD_20250614_du3s0ltk_1_1.vab
Backup Set           50802  14-JUN-25         
  Backup Piece       88431  14-JUN-25          3fc90592-511f-4200-aedc-48597064f4c8/RMAN_full_1062634547_BPMPROD_20250614_e03s0m2a_2_1.vab
Backup Set           50802  14-JUN-25         
  Backup Piece       88432  14-JUN-25          3fc90592-511f-4200-aedc-48597064f4c8/RMAN_full_1062634547_BPMPROD_20250614_e03s0m2a_1_1.vab
Backup Set           50803  14-JUN-25         
  Backup Piece       88433  14-JUN-25          3fc90592-511f-4200-aedc-48597064f4c8/RMAN_full_1062634547_BPMPROD_20250614_e23s0mg4_2_1.vab
Backup Set           50803  14-JUN-25         
  Backup Piece       88435  14-JUN-25          3fc90592-511f-4200-aedc-48597064f4c8/RMAN_full_1062634547_BPMPROD_20250614_e23s0mg4_1_1.vab
Backup Set           50804  14-JUN-25         
  Backup Piece       88434  14-JUN-25          3fc90592-511f-4200-aedc-48597064f4c8/RMAN_full_1062634547_BPMPROD_20250614_e43s0mlq_2_1.vab
Backup Set           50804  14-JUN-25         
  Backup Piece       88437  14-JUN-25          3fc90592-511f-4200-aedc-48597064f4c8/RMAN_full_1062634547_BPMPROD_20250614_e43s0mlq_1_1.vab
Backup Set           50805  14-JUN-25         
  Backup Piece       88436  14-JUN-25          3fc90592-511f-4200-aedc-48597064f4c8/RMAN_full_1062634547_BPMPROD_20250614_e63s0n0f_2_1.vab
Backup Set           50805  14-JUN-25         
  Backup Piece       88438  14-JUN-25          3fc90592-511f-4200-aedc-48597064f4c8/RMAN_full_1062634547_BPMPROD_20250614_e63s0n0f_1_1.vab
Backup Set           50806  14-JUN-25         
  Backup Piece       88439  14-JUN-25          3fc90592-511f-4200-aedc-48597064f4c8/RMAN_full_1062634547_BPMPROD_20250614_e83s0nc7_2_1.vab
Backup Set           50806  14-JUN-25         
  Backup Piece       88441  14-JUN-25          3fc90592-511f-4200-aedc-48597064f4c8/RMAN_full_1062634547_BPMPROD_20250614_e83s0nc7_1_1.vab
Backup Set           50807  14-JUN-25         
  Backup Piece       88440  14-JUN-25          3fc90592-511f-4200-aedc-48597064f4c8/RMAN_full_1062634547_BPMPROD_20250614_ea3s0nc8_2_1.vab
Backup Set           50807  14-JUN-25         
  Backup Piece       88443  14-JUN-25          3fc90592-511f-4200-aedc-48597064f4c8/RMAN_full_1062634547_BPMPROD_20250614_ea3s0nc8_1_1.vab
Backup Set           50808  14-JUN-25         
  Backup Piece       88442  14-JUN-25          3fc90592-511f-4200-aedc-48597064f4c8/RMAN_full_1062634547_BPMPROD_20250614_ec3s0nlb_2_1.vab
Backup Set           50808  14-JUN-25         
  Backup Piece       88444  14-JUN-25          3fc90592-511f-4200-aedc-48597064f4c8/RMAN_full_1062634547_BPMPROD_20250614_ec3s0nlb_1_1.vab
Backup Set           50809  14-JUN-25         
  Backup Piece       88445  14-JUN-25          3fc90592-511f-4200-aedc-48597064f4c8/RMAN_full_1062634547_BPMPROD_20250614_ee3s0o0a_2_1.vab
Backup Set           50809  14-JUN-25         
  Backup Piece       88446  14-JUN-25          3fc90592-511f-4200-aedc-48597064f4c8/RMAN_full_1062634547_BPMPROD_20250614_ee3s0o0a_1_1.vab
Backup Set           50810  14-JUN-25         
  Backup Piece       88447  14-JUN-25          3fc90592-511f-4200-aedc-48597064f4c8/RMAN_full_1062634547_BPMPROD_20250614_eg3s0ogj_2_1.vab
Backup Set           50810  14-JUN-25         
  Backup Piece       88449  14-JUN-25          3fc90592-511f-4200-aedc-48597064f4c8/RMAN_full_1062634547_BPMPROD_20250614_eg3s0ogj_1_1.vab
Backup Set           50811  14-JUN-25         
  Backup Piece       88448  14-JUN-25          3fc90592-511f-4200-aedc-48597064f4c8/RMAN_full_1062634547_BPMPROD_20250614_ei3s0oh4_2_1.vab
Backup Set           50811  14-JUN-25         
  Backup Piece       88451  14-JUN-25          3fc90592-511f-4200-aedc-48597064f4c8/RMAN_full_1062634547_BPMPROD_20250614_ei3s0oh4_1_1.vab
Backup Set           50812  14-JUN-25         
  Backup Piece       88450  14-JUN-25          3fc90592-511f-4200-aedc-48597064f4c8/RMAN_full_1062634547_BPMPROD_20250614_ek3s0op8_2_1.vab
Backup Set           50812  14-JUN-25         
  Backup Piece       88452  14-JUN-25          3fc90592-511f-4200-aedc-48597064f4c8/RMAN_full_1062634547_BPMPROD_20250614_ek3s0op8_1_1.vab
Backup Set           50813  14-JUN-25         
  Backup Piece       88453  14-JUN-25          3fc90592-511f-4200-aedc-48597064f4c8/RMAN_full_1062634547_BPMPROD_20250614_em3s0p55_2_1.vab
Backup Set           50813  14-JUN-25         
  Backup Piece       88454  14-JUN-25          3fc90592-511f-4200-aedc-48597064f4c8/RMAN_full_1062634547_BPMPROD_20250614_em3s0p55_1_1.vab
Backup Set           50814  14-JUN-25         
  Backup Piece       88455  14-JUN-25          3fc90592-511f-4200-aedc-48597064f4c8/RMAN_full_1062634547_BPMPROD_20250614_eo3s0pik_2_1.vab
Backup Set           50814  14-JUN-25         
  Backup Piece       88456  14-JUN-25          3fc90592-511f-4200-aedc-48597064f4c8/RMAN_full_1062634547_BPMPROD_20250614_eo3s0pik_1_1.vab
Backup Set           50815  14-JUN-25         
  Backup Piece       88457  14-JUN-25          3fc90592-511f-4200-aedc-48597064f4c8/RMAN_full_1062634547_BPMPROD_20250614_eq3s0pla_2_1.vab
Backup Set           50815  14-JUN-25         
  Backup Piece       88458  14-JUN-25          3fc90592-511f-4200-aedc-48597064f4c8/RMAN_full_1062634547_BPMPROD_20250614_eq3s0pla_1_1.vab
Backup Set           50816  14-JUN-25         
  Backup Piece       88459  14-JUN-25          3fc90592-511f-4200-aedc-48597064f4c8/RMAN_full_1062634547_BPMPROD_20250614_es3s0q59_2_1.vab
Backup Set           50816  14-JUN-25         
  Backup Piece       88462  14-JUN-25          3fc90592-511f-4200-aedc-48597064f4c8/RMAN_full_1062634547_BPMPROD_20250614_es3s0q59_1_1.vab
Backup Set           50817  14-JUN-25         
  Backup Piece       88460  14-JUN-25          3fc90592-511f-4200-aedc-48597064f4c8/RMAN_full_1062634547_BPMPROD_20250614_eu3s0qc6_2_1.vab
Backup Set           50817  14-JUN-25         
  Backup Piece       88463  14-JUN-25          3fc90592-511f-4200-aedc-48597064f4c8/RMAN_full_1062634547_BPMPROD_20250614_eu3s0qc6_1_1.vab
Backup Set           50818  14-JUN-25         
  Backup Piece       88461  14-JUN-25          3fc90592-511f-4200-aedc-48597064f4c8/RMAN_full_1062634547_BPMPROD_20250614_f03s0qku_2_1.vab
Backup Set           50818  14-JUN-25         
  Backup Piece       88464  14-JUN-25          3fc90592-511f-4200-aedc-48597064f4c8/RMAN_full_1062634547_BPMPROD_20250614_f03s0qku_1_1.vab
Backup Set           50819  14-JUN-25         
  Backup Piece       88465  14-JUN-25          3fc90592-511f-4200-aedc-48597064f4c8/RMAN_full_1062634547_BPMPROD_20250614_f23s0qul_2_1.vab
Backup Set           50819  14-JUN-25         
  Backup Piece       88467  14-JUN-25          3fc90592-511f-4200-aedc-48597064f4c8/RMAN_full_1062634547_BPMPROD_20250614_f23s0qul_1_1.vab
Backup Set           50820  14-JUN-25         
  Backup Piece       88466  14-JUN-25          3fc90592-511f-4200-aedc-48597064f4c8/RMAN_full_1062634547_BPMPROD_20250614_f43s0rdc_2_1.vab
Backup Set           50820  14-JUN-25         
  Backup Piece       88469  14-JUN-25          3fc90592-511f-4200-aedc-48597064f4c8/RMAN_full_1062634547_BPMPROD_20250614_f43s0rdc_1_1.vab
Backup Set           50821  14-JUN-25         
  Backup Piece       88468  14-JUN-25          3fc90592-511f-4200-aedc-48597064f4c8/RMAN_full_1062634547_BPMPROD_20250614_f63s0rft_2_1.vab
Backup Set           50821  14-JUN-25         
  Backup Piece       88470  14-JUN-25          3fc90592-511f-4200-aedc-48597064f4c8/RMAN_full_1062634547_BPMPROD_20250614_f63s0rft_1_1.vab
Backup Set           50822  14-JUN-25         
  Backup Piece       88471  14-JUN-25          3fc90592-511f-4200-aedc-48597064f4c8/RMAN_full_1062634547_BPMPROD_20250614_f83s0rs4_2_1.vab
Backup Set           50822  14-JUN-25         
  Backup Piece       88473  14-JUN-25          3fc90592-511f-4200-aedc-48597064f4c8/RMAN_full_1062634547_BPMPROD_20250614_f83s0rs4_1_1.vab
Backup Set           50823  14-JUN-25         
  Backup Piece       88472  14-JUN-25          3fc90592-511f-4200-aedc-48597064f4c8/RMAN_full_1062634547_BPMPROD_20250614_fa3s0s4j_2_1.vab
Backup Set           50823  14-JUN-25         
  Backup Piece       88474  14-JUN-25          3fc90592-511f-4200-aedc-48597064f4c8/RMAN_full_1062634547_BPMPROD_20250614_fa3s0s4j_1_1.vab
Backup Set           50824  14-JUN-25         
  Backup Piece       88475  14-JUN-25          3fc90592-511f-4200-aedc-48597064f4c8/RMAN_full_1062634547_BPMPROD_20250614_fc3s0sl6_2_1.vab
Backup Set           50824  14-JUN-25         
  Backup Piece       88478  14-JUN-25          3fc90592-511f-4200-aedc-48597064f4c8/RMAN_full_1062634547_BPMPROD_20250614_fc3s0sl6_1_1.vab
Backup Set           50825  14-JUN-25         
  Backup Piece       88476  14-JUN-25          3fc90592-511f-4200-aedc-48597064f4c8/RMAN_full_1062634547_BPMPROD_20250614_fe3s0snc_2_1.vab
Backup Set           50825  14-JUN-25         
  Backup Piece       88479  14-JUN-25          3fc90592-511f-4200-aedc-48597064f4c8/RMAN_full_1062634547_BPMPROD_20250614_fe3s0snc_1_1.vab
Backup Set           50826  14-JUN-25         
  Backup Piece       88477  14-JUN-25          3fc90592-511f-4200-aedc-48597064f4c8/RMAN_full_1062634547_BPMPROD_20250614_fg3s0t47_2_1.vab
Backup Set           50826  14-JUN-25         
  Backup Piece       88481  14-JUN-25          3fc90592-511f-4200-aedc-48597064f4c8/RMAN_full_1062634547_BPMPROD_20250614_fg3s0t47_1_1.vab
Backup Set           50827  14-JUN-25         
  Backup Piece       88480  14-JUN-25          3fc90592-511f-4200-aedc-48597064f4c8/RMAN_full_1062634547_BPMPROD_20250614_fi3s0tdu_2_1.vab
Backup Set           50827  14-JUN-25         
  Backup Piece       88485  14-JUN-25          3fc90592-511f-4200-aedc-48597064f4c8/RMAN_full_1062634547_BPMPROD_20250614_fi3s0tdu_1_1.vab
Backup Set           50828  14-JUN-25         
  Backup Piece       88482  14-JUN-25          3fc90592-511f-4200-aedc-48597064f4c8/RMAN_full_1062634547_BPMPROD_20250614_fk3s0tn1_2_1.vab
Backup Set           50828  14-JUN-25         
  Backup Piece       88487  14-JUN-25          3fc90592-511f-4200-aedc-48597064f4c8/RMAN_full_1062634547_BPMPROD_20250614_fk3s0tn1_1_1.vab
Backup Set           50829  14-JUN-25         
  Backup Piece       88483  14-JUN-25          3fc90592-511f-4200-aedc-48597064f4c8/RMAN_full_1062634547_BPMPROD_20250614_fm3s0u3r_2_1.vab
Backup Set           50829  14-JUN-25         
  Backup Piece       88492  14-JUN-25          3fc90592-511f-4200-aedc-48597064f4c8/RMAN_full_1062634547_BPMPROD_20250614_fm3s0u3r_1_1.vab
Backup Set           50830  14-JUN-25         
  Backup Piece       88484  14-JUN-25          3fc90592-511f-4200-aedc-48597064f4c8/RMAN_full_1062634547_BPMPROD_20250614_fo3s0u7u_2_1.vab
Backup Set           50830  14-JUN-25         
  Backup Piece       88490  14-JUN-25          3fc90592-511f-4200-aedc-48597064f4c8/RMAN_full_1062634547_BPMPROD_20250614_fo3s0u7u_1_1.vab
Backup Set           50831  14-JUN-25         
  Backup Piece       88486  14-JUN-25          3fc90592-511f-4200-aedc-48597064f4c8/RMAN_full_1062634547_BPMPROD_20250614_fq3s0uhl_2_1.vab
Backup Set           50831  14-JUN-25         
  Backup Piece       88494  14-JUN-25          3fc90592-511f-4200-aedc-48597064f4c8/RMAN_full_1062634547_BPMPROD_20250614_fq3s0uhl_1_1.vab
Backup Set           50832  14-JUN-25         
  Backup Piece       88488  14-JUN-25          3fc90592-511f-4200-aedc-48597064f4c8/RMAN_full_1062634547_BPMPROD_20250614_fs3s0unk_2_1.vab
Backup Set           50832  14-JUN-25         
  Backup Piece       88500  14-JUN-25          3fc90592-511f-4200-aedc-48597064f4c8/RMAN_full_1062634547_BPMPROD_20250614_fs3s0unk_1_1.vab
Backup Set           50833  14-JUN-25         
  Backup Piece       88489  14-JUN-25          3fc90592-511f-4200-aedc-48597064f4c8/RMAN_full_1062634547_BPMPROD_20250614_fu3s0usk_2_1.vab
Backup Set           50833  14-JUN-25         
  Backup Piece       88496  14-JUN-25          3fc90592-511f-4200-aedc-48597064f4c8/RMAN_full_1062634547_BPMPROD_20250614_fu3s0usk_1_1.vab
Backup Set           50834  14-JUN-25         
  Backup Piece       88491  14-JUN-25          3fc90592-511f-4200-aedc-48597064f4c8/RMAN_full_1062634547_BPMPROD_20250614_g03s0v0n_2_1.vab
Backup Set           50834  14-JUN-25         
  Backup Piece       88498  14-JUN-25          3fc90592-511f-4200-aedc-48597064f4c8/RMAN_full_1062634547_BPMPROD_20250614_g03s0v0n_1_1.vab
Backup Set           50835  14-JUN-25         
  Backup Piece       88493  14-JUN-25          3fc90592-511f-4200-aedc-48597064f4c8/RMAN_full_1062634547_BPMPROD_20250614_g23s0vca_2_1.vab
Backup Set           50835  14-JUN-25         
  Backup Piece       88520  14-JUN-25          3fc90592-511f-4200-aedc-48597064f4c8/RMAN_full_1062634547_BPMPROD_20250614_g23s0vca_1_1.vab
Backup Set           50836  14-JUN-25         
  Backup Piece       88495  14-JUN-25          3fc90592-511f-4200-aedc-48597064f4c8/RMAN_full_1062634547_BPMPROD_20250614_g43s0vdi_2_1.vab
Backup Set           50836  14-JUN-25         
  Backup Piece       88514  14-JUN-25          3fc90592-511f-4200-aedc-48597064f4c8/RMAN_full_1062634547_BPMPROD_20250614_g43s0vdi_1_1.vab
Backup Set           50837  14-JUN-25         
  Backup Piece       88497  14-JUN-25          3fc90592-511f-4200-aedc-48597064f4c8/RMAN_full_1062634547_BPMPROD_20250614_g63s0vnt_2_1.vab
Backup Set           50837  14-JUN-25         
  Backup Piece       88502  14-JUN-25          3fc90592-511f-4200-aedc-48597064f4c8/RMAN_full_1062634547_BPMPROD_20250614_g63s0vnt_1_1.vab
Backup Set           50838  14-JUN-25         
  Backup Piece       88499  14-JUN-25          3fc90592-511f-4200-aedc-48597064f4c8/RMAN_full_1062634547_BPMPROD_20250614_g83s0vs0_2_1.vab
Backup Set           50838  14-JUN-25         
  Backup Piece       88504  14-JUN-25          3fc90592-511f-4200-aedc-48597064f4c8/RMAN_full_1062634547_BPMPROD_20250614_g83s0vs0_1_1.vab
Backup Set           50839  14-JUN-25         
  Backup Piece       88501  14-JUN-25          3fc90592-511f-4200-aedc-48597064f4c8/RMAN_full_1062634547_BPMPROD_20250614_ga3s100c_2_1.vab
Backup Set           50839  14-JUN-25         
  Backup Piece       88522  14-JUN-25          3fc90592-511f-4200-aedc-48597064f4c8/RMAN_full_1062634547_BPMPROD_20250614_ga3s100c_1_1.vab
Backup Set           50840  14-JUN-25         
  Backup Piece       88503  14-JUN-25          3fc90592-511f-4200-aedc-48597064f4c8/RMAN_full_1062634547_BPMPROD_20250614_gc3s102t_2_1.vab
Backup Set           50840  14-JUN-25         
  Backup Piece       88519  14-JUN-25          3fc90592-511f-4200-aedc-48597064f4c8/RMAN_full_1062634547_BPMPROD_20250614_gc3s102t_1_1.vab
Backup Set           50841  14-JUN-25         
  Backup Piece       88505  14-JUN-25          3fc90592-511f-4200-aedc-48597064f4c8/RMAN_full_1062634547_BPMPROD_20250614_ge3s106l_2_1.vab
Backup Set           50841  14-JUN-25         
  Backup Piece       88506  14-JUN-25          3fc90592-511f-4200-aedc-48597064f4c8/RMAN_full_1062634547_BPMPROD_20250614_ge3s106l_1_1.vab
Backup Set           50842  14-JUN-25         
  Backup Piece       88507  14-JUN-25          3fc90592-511f-4200-aedc-48597064f4c8/RMAN_full_1062634547_BPMPROD_20250614_gg3s109q_2_1.vab
Backup Set           50842  14-JUN-25         
  Backup Piece       88508  14-JUN-25          3fc90592-511f-4200-aedc-48597064f4c8/RMAN_full_1062634547_BPMPROD_20250614_gg3s109q_1_1.vab
Backup Set           50843  14-JUN-25         
  Backup Piece       88510  14-JUN-25          3fc90592-511f-4200-aedc-48597064f4c8/RMAN_full_1062634547_BPMPROD_20250614_gi3s10ao_2_1.vab
Backup Set           50843  14-JUN-25         
  Backup Piece       88509  14-JUN-25          3fc90592-511f-4200-aedc-48597064f4c8/RMAN_full_1062634547_BPMPROD_20250614_gi3s10ao_1_1.vab
Backup Set           50844  14-JUN-25         
  Backup Piece       88511  14-JUN-25          3fc90592-511f-4200-aedc-48597064f4c8/RMAN_full_1062634547_BPMPROD_20250614_gk3s10e9_2_1.vab
Backup Set           50844  14-JUN-25         
  Backup Piece       88512  14-JUN-25          3fc90592-511f-4200-aedc-48597064f4c8/RMAN_full_1062634547_BPMPROD_20250614_gk3s10e9_1_1.vab
Backup Set           50845  14-JUN-25         
  Backup Piece       88513  14-JUN-25          3fc90592-511f-4200-aedc-48597064f4c8/RMAN_full_1062634547_BPMPROD_20250614_gm3s10f7_2_1.vab
Backup Set           50845  14-JUN-25         
  Backup Piece       88515  14-JUN-25          3fc90592-511f-4200-aedc-48597064f4c8/RMAN_full_1062634547_BPMPROD_20250614_gm3s10f7_1_1.vab
Backup Set           50846  14-JUN-25         
  Backup Piece       88516  14-JUN-25          3fc90592-511f-4200-aedc-48597064f4c8/RMAN_full_1062634547_BPMPROD_20250614_go3s10he_2_1.vab
Backup Set           50846  14-JUN-25         
  Backup Piece       88517  14-JUN-25          3fc90592-511f-4200-aedc-48597064f4c8/RMAN_full_1062634547_BPMPROD_20250614_go3s10he_1_1.vab
Backup Set           50847  14-JUN-25         
  Backup Piece       88518  14-JUN-25          3fc90592-511f-4200-aedc-48597064f4c8/RMAN_full_1062634547_BPMPROD_20250614_gq3s10i4_2_1.vab
Backup Set           50847  14-JUN-25         
  Backup Piece       88521  14-JUN-25          3fc90592-511f-4200-aedc-48597064f4c8/RMAN_full_1062634547_BPMPROD_20250614_gq3s10i4_1_1.vab
Backup Set           50848  14-JUN-25         
  Backup Piece       88523  14-JUN-25          3fc90592-511f-4200-aedc-48597064f4c8/RMAN_full_1062634547_BPMPROD_20250614_gs3s10ik_2_1.vab
Backup Set           50848  14-JUN-25         
  Backup Piece       88525  14-JUN-25          3fc90592-511f-4200-aedc-48597064f4c8/RMAN_full_1062634547_BPMPROD_20250614_gs3s10ik_1_1.vab
Backup Set           50850  14-JUN-25         
  Backup Piece       88526  14-JUN-25          3fc90592-511f-4200-aedc-48597064f4c8/RMAN_full_1062634547_BPMPROD_20250614_gu3s10j3_2_1.vab
Backup Set           50850  14-JUN-25         
  Backup Piece       88532  14-JUN-25          3fc90592-511f-4200-aedc-48597064f4c8/RMAN_full_1062634547_BPMPROD_20250614_gu3s10j3_1_1.vab
Backup Set           50849  14-JUN-25         
  Backup Piece       88524  14-JUN-25          3fc90592-511f-4200-aedc-48597064f4c8/RMAN_full_1062634547_BPMPROD_20250614_h03s10jj_2_1.vab
Backup Set           50849  14-JUN-25         
  Backup Piece       88535  14-JUN-25          3fc90592-511f-4200-aedc-48597064f4c8/RMAN_full_1062634547_BPMPROD_20250614_h03s10jj_1_1.vab
Backup Set           50851  14-JUN-25         
  Backup Piece       88527  14-JUN-25          3fc90592-511f-4200-aedc-48597064f4c8/RMAN_full_1062634547_BPMPROD_20250614_h23s112k_2_1.vab
Backup Set           50851  14-JUN-25         
  Backup Piece       88528  14-JUN-25          3fc90592-511f-4200-aedc-48597064f4c8/RMAN_full_1062634547_BPMPROD_20250614_h23s112k_1_1.vab
Backup Set           50852  14-JUN-25         
  Backup Piece       88529  14-JUN-25          3fc90592-511f-4200-aedc-48597064f4c8/RMAN_full_1062634547_BPMPROD_20250614_h43s11ff_2_1.vab
Backup Set           50852  14-JUN-25         
  Backup Piece       88530  14-JUN-25          3fc90592-511f-4200-aedc-48597064f4c8/RMAN_full_1062634547_BPMPROD_20250614_h43s11ff_1_1.vab
Backup Set           50855  14-JUN-25         
  Backup Piece       88534  14-JUN-25          3fc90592-511f-4200-aedc-48597064f4c8/RMAN_full_1062634547_BPMPROD_20250614_h63s11nk_2_1.vab
Backup Set           50855  14-JUN-25         
  Backup Piece       88538  14-JUN-25          3fc90592-511f-4200-aedc-48597064f4c8/RMAN_full_1062634547_BPMPROD_20250614_h63s11nk_1_1.vab
Backup Set           50853  14-JUN-25         
  Backup Piece       88531  14-JUN-25          3fc90592-511f-4200-aedc-48597064f4c8/RMAN_full_1062634547_BPMPROD_20250614_h83s1201_2_1.vab
Backup Set           50853  14-JUN-25         
  Backup Piece       88540  14-JUN-25          3fc90592-511f-4200-aedc-48597064f4c8/RMAN_full_1062634547_BPMPROD_20250614_h83s1201_1_1.vab
Backup Set           50854  14-JUN-25         
  Backup Piece       88533  14-JUN-25          3fc90592-511f-4200-aedc-48597064f4c8/RMAN_full_1062634547_BPMPROD_20250614_ha3s12c8_2_1.vab
Backup Set           50854  14-JUN-25         
  Backup Piece       88546  14-JUN-25          3fc90592-511f-4200-aedc-48597064f4c8/RMAN_full_1062634547_BPMPROD_20250614_ha3s12c8_1_1.vab
Backup Set           50856  14-JUN-25         
  Backup Piece       88536  14-JUN-25          3fc90592-511f-4200-aedc-48597064f4c8/RMAN_full_1062634547_BPMPROD_20250614_hc3s12dr_2_1.vab
Backup Set           50856  14-JUN-25         
  Backup Piece       88544  14-JUN-25          3fc90592-511f-4200-aedc-48597064f4c8/RMAN_full_1062634547_BPMPROD_20250614_hc3s12dr_1_1.vab
Backup Set           50857  14-JUN-25         
  Backup Piece       88537  14-JUN-25          3fc90592-511f-4200-aedc-48597064f4c8/RMAN_full_1062634547_BPMPROD_20250614_he3s12h4_2_1.vab
Backup Set           50857  14-JUN-25         
  Backup Piece       88543  14-JUN-25          3fc90592-511f-4200-aedc-48597064f4c8/RMAN_full_1062634547_BPMPROD_20250614_he3s12h4_1_1.vab
Backup Set           50858  14-JUN-25         
  Backup Piece       88539  14-JUN-25          3fc90592-511f-4200-aedc-48597064f4c8/RMAN_full_1062634547_BPMPROD_20250614_hg3s12i2_2_1.vab
Backup Set           50858  14-JUN-25         
  Backup Piece       88542  14-JUN-25          3fc90592-511f-4200-aedc-48597064f4c8/RMAN_full_1062634547_BPMPROD_20250614_hg3s12i2_1_1.vab
Backup Set           50859  14-JUN-25         
  Backup Piece       88541  14-JUN-25          3fc90592-511f-4200-aedc-48597064f4c8/RMAN_full_1062634547_BPMPROD_20250614_hi3s12rr_2_1.vab
Backup Set           50859  14-JUN-25         
  Backup Piece       88545  14-JUN-25          3fc90592-511f-4200-aedc-48597064f4c8/RMAN_full_1062634547_BPMPROD_20250614_hi3s12rr_1_1.vab
Backup Set           50863  14-JUN-25         
  Backup Piece       88552  14-JUN-25          3fc90592-511f-4200-aedc-48597064f4c8/RMAN_full_1062634547_BPMPROD_20250614_hk3s132o_1_1.vab
Backup Set           50860  14-JUN-25         
  Backup Piece       88547  14-JUN-25          3fc90592-511f-4200-aedc-48597064f4c8/RMAN_full_1062634547_BPMPROD_20250614_hl3s136v_2_1.vab
Backup Set           50860  14-JUN-25         
  Backup Piece       88550  14-JUN-25          3fc90592-511f-4200-aedc-48597064f4c8/RMAN_full_1062634547_BPMPROD_20250614_hl3s136v_1_1.vab
Backup Set           50862  14-JUN-25         
  Backup Piece       88549  14-JUN-25          3fc90592-511f-4200-aedc-48597064f4c8/RMAN_full_1062634547_BPMPROD_20250614_hn3s13f4_2_1.vab
Backup Set           50862  14-JUN-25         
  Backup Piece       88553  14-JUN-25          3fc90592-511f-4200-aedc-48597064f4c8/RMAN_full_1062634547_BPMPROD_20250614_hn3s13f4_1_1.vab
Backup Set           50861  14-JUN-25         
  Backup Piece       88548  14-JUN-25          3fc90592-511f-4200-aedc-48597064f4c8/RMAN_full_1062634547_BPMPROD_20250614_hp3s13hs_2_1.vab
Backup Set           50861  14-JUN-25         
  Backup Piece       88551  14-JUN-25          3fc90592-511f-4200-aedc-48597064f4c8/RMAN_full_1062634547_BPMPROD_20250614_hp3s13hs_1_1.vab
Backup Set           50866  14-JUN-25         
  Backup Piece       88557  14-JUN-25          3fc90592-511f-4200-aedc-48597064f4c8/RMAN_full_1062634547_BPMPROD_20250614_hr3s13vb_1_1.vab
Backup Set           50870  14-JUN-25         
  Backup Piece       88561  14-JUN-25          3fc90592-511f-4200-aedc-48597064f4c8/RMAN_full_1062634547_BPMPROD_20250614_hs3s140f_1_1.vab
Backup Set           50864  14-JUN-25         
  Backup Piece       88554  14-JUN-25          3fc90592-511f-4200-aedc-48597064f4c8/RMAN_full_1062634547_BPMPROD_20250614_ht3s142q_2_1.vab
Backup Set           50864  14-JUN-25         
  Backup Piece       88556  14-JUN-25          3fc90592-511f-4200-aedc-48597064f4c8/RMAN_full_1062634547_BPMPROD_20250614_ht3s142q_1_1.vab
Backup Set           50865  14-JUN-25         
  Backup Piece       88555  14-JUN-25          3fc90592-511f-4200-aedc-48597064f4c8/RMAN_full_1062634547_BPMPROD_20250614_hv3s14e3_2_1.vab
Backup Set           50865  14-JUN-25         
  Backup Piece       88562  14-JUN-25          3fc90592-511f-4200-aedc-48597064f4c8/RMAN_full_1062634547_BPMPROD_20250614_hv3s14e3_1_1.vab
Backup Set           50872  14-JUN-25         
  Backup Piece       88564  14-JUN-25          3fc90592-511f-4200-aedc-48597064f4c8/RMAN_full_1062634547_BPMPROD_20250614_i13s14g4_1_1.vab
Backup Set           50867  14-JUN-25         
  Backup Piece       88558  14-JUN-25          3fc90592-511f-4200-aedc-48597064f4c8/RMAN_full_1062634547_BPMPROD_20250614_i23s14if_1_1.vab
Backup Set           50871  14-JUN-25         
  Backup Piece       88563  14-JUN-25          3fc90592-511f-4200-aedc-48597064f4c8/RMAN_full_1062634547_BPMPROD_20250614_i33s14sb_1_1.vab
Backup Set           50868  14-JUN-25         
  Backup Piece       88559  14-JUN-25          3fc90592-511f-4200-aedc-48597064f4c8/RMAN_full_1062634547_BPMPROD_20250614_i43s155t_2_1.vab
Backup Set           50868  14-JUN-25         
  Backup Piece       88565  14-JUN-25          3fc90592-511f-4200-aedc-48597064f4c8/RMAN_full_1062634547_BPMPROD_20250614_i43s155t_1_1.vab
Backup Set           50869  14-JUN-25         
  Backup Piece       88560  14-JUN-25          3fc90592-511f-4200-aedc-48597064f4c8/RMAN_full_1062634547_BPMPROD_20250614_i63s15aa_1_1.vab
Backup Set           50873  14-JUN-25         
  Backup Piece       88566  14-JUN-25          3fc90592-511f-4200-aedc-48597064f4c8/RMAN_full_1062634547_BPMPROD_20250614_i73s16u3_1_1.vab
Backup Set           50877  14-JUN-25         
  Backup Piece       88570  14-JUN-25          3fc90592-511f-4200-aedc-48597064f4c8/RMAN_full_1062634547_BPMPROD_20250614_i83s16un_1_1.vab
Backup Set           50876  14-JUN-25         
  Backup Piece       88569  14-JUN-25          3fc90592-511f-4200-aedc-48597064f4c8/RMAN_full_1062634547_BPMPROD_20250614_i93s16un_1_1.vab
Backup Set           50875  14-JUN-25         
  Backup Piece       88568  14-JUN-25          3fc90592-511f-4200-aedc-48597064f4c8/RMAN_full_1062634547_BPMPROD_20250614_ia3s16un_1_1.vab
Backup Set           50878  14-JUN-25         
  Backup Piece       88571  14-JUN-25          3fc90592-511f-4200-aedc-48597064f4c8/RMAN_full_1062634547_BPMPROD_20250614_ib3s16un_1_1.vab
Backup Set           50874  14-JUN-25         
  Backup Piece       88567  14-JUN-25          3fc90592-511f-4200-aedc-48597064f4c8/RMAN_full_1062634547_BPMPROD_20250614_ic3s16un_1_1.vab
Backup Set           50879  14-JUN-25         
  Backup Piece       88572  14-JUN-25          3fc90592-511f-4200-aedc-48597064f4c8/RMAN_full_1062634547_BPMPROD_20250614_id3s173j_1_1.vab
Backup Set           50880  14-JUN-25         
  Backup Piece       88573  14-JUN-25          3fc90592-511f-4200-aedc-48597064f4c8/RMAN_full_1062634547_BPMPROD_20250614_ie3s174r_1_1.vab
Backup Set           50885  14-JUN-25         
  Backup Piece       88578  14-JUN-25          3fc90592-511f-4200-aedc-48597064f4c8/RMAN_full_1062634547_BPMPROD_20250614_if3s174r_1_1.vab
Backup Set           50883  14-JUN-25         
  Backup Piece       88576  14-JUN-25          3fc90592-511f-4200-aedc-48597064f4c8/RMAN_full_1062634547_BPMPROD_20250614_ig3s174r_1_1.vab
Backup Set           50882  14-JUN-25         
  Backup Piece       88575  14-JUN-25          3fc90592-511f-4200-aedc-48597064f4c8/RMAN_full_1062634547_BPMPROD_20250614_ih3s174r_1_1.vab
Backup Set           50884  14-JUN-25         
  Backup Piece       88577  14-JUN-25          3fc90592-511f-4200-aedc-48597064f4c8/RMAN_full_1062634547_BPMPROD_20250614_ii3s174r_1_1.vab
Backup Set           50881  14-JUN-25         
  Backup Piece       88574  14-JUN-25          3fc90592-511f-4200-aedc-48597064f4c8/RMAN_full_1062634547_BPMPROD_20250614_ij3s174r_1_1.vab
Backup Set           51753  08-JUL-25         
  Backup Piece       90080  08-JUL-25          3fc90592-511f-4200-aedc-48597064f4c8/RMAN_incr_1062634547_BPMPROD_20250708_393u1n6q_1_1.vab
Backup Set           51754  08-JUL-25         
  Backup Piece       90081  08-JUL-25          3fc90592-511f-4200-aedc-48597064f4c8/RMAN_incr_1062634547_BPMPROD_20250708_3a3u1n6r_1_1.vab
Backup Set           51755  08-JUL-25         
  Backup Piece       90082  08-JUL-25          3fc90592-511f-4200-aedc-48597064f4c8/RMAN_incr_1062634547_BPMPROD_20250708_3b3u1n6s_1_1.vab
Backup Set           51756  08-JUL-25         
  Backup Piece       90083  08-JUL-25          3fc90592-511f-4200-aedc-48597064f4c8/RMAN_incr_1062634547_BPMPROD_20250708_3c3u1n6t_1_1.vab
Backup Set           51758  08-JUL-25         
  Backup Piece       90085  08-JUL-25          3fc90592-511f-4200-aedc-48597064f4c8/RMAN_incr_1062634547_BPMPROD_20250708_3d3u1p7g_1_1.vab
Backup Set           51759  08-JUL-25         
  Backup Piece       90086  08-JUL-25          3fc90592-511f-4200-aedc-48597064f4c8/RMAN_incr_1062634547_BPMPROD_20250708_3e3u1p7i_1_1.vab
Backup Set           51757  08-JUL-25         
  Backup Piece       90084  08-JUL-25          3fc90592-511f-4200-aedc-48597064f4c8/RMAN_incr_1062634547_BPMPROD_20250708_3f3u1p9a_1_1.vab
Backup Set           51760  08-JUL-25         
  Backup Piece       90087  08-JUL-25          3fc90592-511f-4200-aedc-48597064f4c8/RMAN_incr_1062634547_BPMPROD_20250708_3g3u1qch_1_1.vab
Backup Set           51763  08-JUL-25         
  Backup Piece       90090  08-JUL-25          3fc90592-511f-4200-aedc-48597064f4c8/RMAN_incr_1062634547_BPMPROD_20250708_3h3u1qd5_1_1.vab
Backup Set           51762  08-JUL-25         
  Backup Piece       90089  08-JUL-25          3fc90592-511f-4200-aedc-48597064f4c8/RMAN_incr_1062634547_BPMPROD_20250708_3i3u1qd5_1_1.vab
Backup Set           51761  08-JUL-25         
  Backup Piece       90088  08-JUL-25          3fc90592-511f-4200-aedc-48597064f4c8/RMAN_incr_1062634547_BPMPROD_20250708_3j3u1qd5_1_1.vab
Backup Set           51764  08-JUL-25         
  Backup Piece       90091  08-JUL-25          3fc90592-511f-4200-aedc-48597064f4c8/RMAN_incr_1062634547_BPMPROD_20250708_3k3u1qdk_1_1.vab
Backup Set           51766  08-JUL-25         
  Backup Piece       90093  08-JUL-25          3fc90592-511f-4200-aedc-48597064f4c8/RMAN_incr_1062634547_BPMPROD_20250708_3l3u1qe9_1_1.vab
Backup Set           51768  08-JUL-25         
  Backup Piece       90095  08-JUL-25          3fc90592-511f-4200-aedc-48597064f4c8/RMAN_incr_1062634547_BPMPROD_20250708_3m3u1qe9_1_1.vab
Backup Set           51769  08-JUL-25         
  Backup Piece       90096  08-JUL-25          3fc90592-511f-4200-aedc-48597064f4c8/RMAN_incr_1062634547_BPMPROD_20250708_3n3u1qe9_1_1.vab
Backup Set           51765  08-JUL-25         
  Backup Piece       90092  08-JUL-25          3fc90592-511f-4200-aedc-48597064f4c8/RMAN_incr_1062634547_BPMPROD_20250708_3o3u1qe9_1_1.vab
Backup Set           51767  08-JUL-25         
  Backup Piece       90094  08-JUL-25          3fc90592-511f-4200-aedc-48597064f4c8/RMAN_incr_1062634547_BPMPROD_20250708_3p3u1qgb_1_1.vab
deleted backup piece
backup piece handle=3fc90592-511f-4200-aedc-48597064f4c8/RMAN_full_1062634547_BPMPROD_20250613_u63ruhfr_2_1.vab RECID=87929 STAMP=1203718865
deleted backup piece
backup piece handle=3fc90592-511f-4200-aedc-48597064f4c8/RMAN_full_1062634547_BPMPROD_20250613_u63ruhfr_1_1.vab RECID=87925 STAMP=1203717627
deleted backup piece
backup piece handle=3fc90592-511f-4200-aedc-48597064f4c8/RMAN_full_1062634547_BPMPROD_20250613_u73ruhfr_2_1.vab RECID=87932 STAMP=1203719270
deleted backup piece
backup piece handle=3fc90592-511f-4200-aedc-48597064f4c8/RMAN_full_1062634547_BPMPROD_20250613_u73ruhfr_1_1.vab RECID=87927 STAMP=1203717627
deleted backup piece
backup piece handle=3fc90592-511f-4200-aedc-48597064f4c8/RMAN_full_1062634547_BPMPROD_20250613_u83ruhfr_2_1.vab RECID=87934 STAMP=1203719476
deleted backup piece
backup piece handle=3fc90592-511f-4200-aedc-48597064f4c8/RMAN_full_1062634547_BPMPROD_20250613_u83ruhfr_1_1.vab RECID=87928 STAMP=1203717627
deleted backup piece
backup piece handle=3fc90592-511f-4200-aedc-48597064f4c8/RMAN_full_1062634547_BPMPROD_20250613_u93ruhfr_2_1.vab RECID=87936 STAMP=1203719501
deleted backup piece
backup piece handle=3fc90592-511f-4200-aedc-48597064f4c8/RMAN_full_1062634547_BPMPROD_20250613_u93ruhfr_1_1.vab RECID=87931 STAMP=1203717628
deleted backup piece
backup piece handle=3fc90592-511f-4200-aedc-48597064f4c8/RMAN_full_1062634547_BPMPROD_20250613_ua3ruhfs_2_1.vab RECID=87935 STAMP=1203719566
deleted backup piece
backup piece handle=3fc90592-511f-4200-aedc-48597064f4c8/RMAN_full_1062634547_BPMPROD_20250613_ua3ruhfs_1_1.vab RECID=87930 STAMP=1203717628
deleted backup piece
backup piece handle=3fc90592-511f-4200-aedc-48597064f4c8/RMAN_full_1062634547_BPMPROD_20250613_ub3ruhfs_2_1.vab RECID=87933 STAMP=1203719567
deleted backup piece
backup piece handle=3fc90592-511f-4200-aedc-48597064f4c8/RMAN_full_1062634547_BPMPROD_20250613_ub3ruhfs_1_1.vab RECID=87926 STAMP=1203717628
deleted backup piece
backup piece handle=3fc90592-511f-4200-aedc-48597064f4c8/RMAN_full_1062634547_BPMPROD_20250613_ui3rujis_2_1.vab RECID=87937 STAMP=1203720178
deleted backup piece
backup piece handle=3fc90592-511f-4200-aedc-48597064f4c8/RMAN_full_1062634547_BPMPROD_20250613_ui3rujis_1_1.vab RECID=87940 STAMP=1203719772
deleted backup piece
backup piece handle=3fc90592-511f-4200-aedc-48597064f4c8/RMAN_full_1062634547_BPMPROD_20250613_uk3ruk1j_2_1.vab RECID=87939 STAMP=1203720559
deleted backup piece
backup piece handle=3fc90592-511f-4200-aedc-48597064f4c8/RMAN_full_1062634547_BPMPROD_20250613_uk3ruk1j_1_1.vab RECID=87942 STAMP=1203720243
deleted backup piece
backup piece handle=3fc90592-511f-4200-aedc-48597064f4c8/RMAN_full_1062634547_BPMPROD_20250613_um3rukdq_2_1.vab RECID=87938 STAMP=1203720820
deleted backup piece
backup piece handle=3fc90592-511f-4200-aedc-48597064f4c8/RMAN_full_1062634547_BPMPROD_20250613_um3rukdq_1_1.vab RECID=87943 STAMP=1203720634
deleted backup piece
backup piece handle=3fc90592-511f-4200-aedc-48597064f4c8/RMAN_full_1062634547_BPMPROD_20250613_uo3rukrt_2_1.vab RECID=87941 STAMP=1203721251
deleted backup piece
backup piece handle=3fc90592-511f-4200-aedc-48597064f4c8/RMAN_full_1062634547_BPMPROD_20250613_uo3rukrt_1_1.vab RECID=87946 STAMP=1203721085
deleted backup piece
backup piece handle=3fc90592-511f-4200-aedc-48597064f4c8/RMAN_full_1062634547_BPMPROD_20250613_uq3rul3o_2_1.vab RECID=87944 STAMP=1203721632
deleted backup piece
backup piece handle=3fc90592-511f-4200-aedc-48597064f4c8/RMAN_full_1062634547_BPMPROD_20250613_uq3rul3o_1_1.vab RECID=87948 STAMP=1203721336
deleted backup piece
backup piece handle=3fc90592-511f-4200-aedc-48597064f4c8/RMAN_full_1062634547_BPMPROD_20250613_us3rulgj_2_1.vab RECID=87945 STAMP=1203721833
deleted backup piece
backup piece handle=3fc90592-511f-4200-aedc-48597064f4c8/RMAN_full_1062634547_BPMPROD_20250613_us3rulgj_1_1.vab RECID=87950 STAMP=1203721747
deleted backup piece
backup piece handle=3fc90592-511f-4200-aedc-48597064f4c8/RMAN_full_1062634547_BPMPROD_20250613_uu3ruls6_2_1.vab RECID=87947 STAMP=1203722274
deleted backup piece
backup piece handle=3fc90592-511f-4200-aedc-48597064f4c8/RMAN_full_1062634547_BPMPROD_20250613_uu3ruls6_1_1.vab RECID=87951 STAMP=1203722118
deleted backup piece
backup piece handle=3fc90592-511f-4200-aedc-48597064f4c8/RMAN_full_1062634547_BPMPROD_20250613_v03rum2f_2_1.vab RECID=87949 STAMP=1203722444
deleted backup piece
backup piece handle=3fc90592-511f-4200-aedc-48597064f4c8/RMAN_full_1062634547_BPMPROD_20250613_v03rum2f_1_1.vab RECID=87952 STAMP=1203722319
deleted backup piece
backup piece handle=3fc90592-511f-4200-aedc-48597064f4c8/RMAN_full_1062634547_BPMPROD_20250613_v23rumm6_2_1.vab RECID=87953 STAMP=1203722996
deleted backup piece
backup piece handle=3fc90592-511f-4200-aedc-48597064f4c8/RMAN_full_1062634547_BPMPROD_20250613_v23rumm6_1_1.vab RECID=87955 STAMP=1203722950
deleted backup piece
backup piece handle=3fc90592-511f-4200-aedc-48597064f4c8/RMAN_full_1062634547_BPMPROD_20250613_v43rumpl_2_1.vab RECID=87956 STAMP=1203723276
deleted backup piece
backup piece handle=3fc90592-511f-4200-aedc-48597064f4c8/RMAN_full_1062634547_BPMPROD_20250613_v43rumpl_1_1.vab RECID=87957 STAMP=1203723061
deleted backup piece
backup piece handle=3fc90592-511f-4200-aedc-48597064f4c8/RMAN_full_1062634547_BPMPROD_20250613_v63run2d_2_1.vab RECID=87954 STAMP=1203723457
deleted backup piece
backup piece handle=3fc90592-511f-4200-aedc-48597064f4c8/RMAN_full_1062634547_BPMPROD_20250613_v63run2d_1_1.vab RECID=87958 STAMP=1203723341
deleted backup piece
backup piece handle=3fc90592-511f-4200-aedc-48597064f4c8/RMAN_full_1062634547_BPMPROD_20250613_v83rundc_2_1.vab RECID=87959 STAMP=1203723908
deleted backup piece
backup piece handle=3fc90592-511f-4200-aedc-48597064f4c8/RMAN_full_1062634547_BPMPROD_20250613_v83rundc_1_1.vab RECID=87960 STAMP=1203723692
deleted backup piece
backup piece handle=3fc90592-511f-4200-aedc-48597064f4c8/RMAN_full_1062634547_BPMPROD_20250613_va3runkj_2_1.vab RECID=87962 STAMP=1203723948
deleted backup piece
backup piece handle=3fc90592-511f-4200-aedc-48597064f4c8/RMAN_full_1062634547_BPMPROD_20250613_va3runkj_1_1.vab RECID=87961 STAMP=1203723923
deleted backup piece
backup piece handle=3fc90592-511f-4200-aedc-48597064f4c8/RMAN_full_1062634547_BPMPROD_20250613_vc3runnn_2_1.vab RECID=87964 STAMP=1203724099
deleted backup piece
backup piece handle=3fc90592-511f-4200-aedc-48597064f4c8/RMAN_full_1062634547_BPMPROD_20250613_vc3runnn_1_1.vab RECID=87963 STAMP=1203724023
deleted backup piece
backup piece handle=3fc90592-511f-4200-aedc-48597064f4c8/RMAN_full_1062634547_BPMPROD_20250613_ve3ruo22_2_1.vab RECID=87965 STAMP=1203724410
deleted backup piece
backup piece handle=3fc90592-511f-4200-aedc-48597064f4c8/RMAN_full_1062634547_BPMPROD_20250613_ve3ruo22_1_1.vab RECID=87968 STAMP=1203724354
deleted backup piece
backup piece handle=3fc90592-511f-4200-aedc-48597064f4c8/RMAN_full_1062634547_BPMPROD_20250613_vg3ruo9t_2_1.vab RECID=87966 STAMP=1203724651
deleted backup piece
backup piece handle=3fc90592-511f-4200-aedc-48597064f4c8/RMAN_full_1062634547_BPMPROD_20250613_vg3ruo9t_1_1.vab RECID=87970 STAMP=1203724605
deleted backup piece
backup piece handle=3fc90592-511f-4200-aedc-48597064f4c8/RMAN_full_1062634547_BPMPROD_20250614_vi3ruoea_2_1.vab RECID=87967 STAMP=1203724821
deleted backup piece
backup piece handle=3fc90592-511f-4200-aedc-48597064f4c8/RMAN_full_1062634547_BPMPROD_20250613_vi3ruoea_1_1.vab RECID=87969 STAMP=1203724746
deleted backup piece
backup piece handle=3fc90592-511f-4200-aedc-48597064f4c8/RMAN_full_1062634547_BPMPROD_20250614_vk3ruotl_2_1.vab RECID=87971 STAMP=1203725743
deleted backup piece
backup piece handle=3fc90592-511f-4200-aedc-48597064f4c8/RMAN_full_1062634547_BPMPROD_20250614_vk3ruotl_1_1.vab RECID=87972 STAMP=1203725237
deleted backup piece
backup piece handle=3fc90592-511f-4200-aedc-48597064f4c8/RMAN_full_1062634547_BPMPROD_20250614_vm3rupnu_2_1.vab RECID=87973 STAMP=1203726143
deleted backup piece
backup piece handle=3fc90592-511f-4200-aedc-48597064f4c8/RMAN_full_1062634547_BPMPROD_20250614_vm3rupnu_1_1.vab RECID=87975 STAMP=1203726078
deleted backup piece
backup piece handle=3fc90592-511f-4200-aedc-48597064f4c8/RMAN_full_1062634547_BPMPROD_20250614_vo3ruq03_2_1.vab RECID=87974 STAMP=1203726384
deleted backup piece
backup piece handle=3fc90592-511f-4200-aedc-48597064f4c8/RMAN_full_1062634547_BPMPROD_20250614_vo3ruq03_1_1.vab RECID=87977 STAMP=1203726339
deleted backup piece
backup piece handle=3fc90592-511f-4200-aedc-48597064f4c8/RMAN_full_1062634547_BPMPROD_20250614_vq3ruq9p_2_1.vab RECID=87976 STAMP=1203726735
deleted backup piece
backup piece handle=3fc90592-511f-4200-aedc-48597064f4c8/RMAN_full_1062634547_BPMPROD_20250614_vq3ruq9p_1_1.vab RECID=87979 STAMP=1203726650
deleted backup piece
backup piece handle=3fc90592-511f-4200-aedc-48597064f4c8/RMAN_full_1062634547_BPMPROD_20250614_vs3ruqjg_2_1.vab RECID=87978 STAMP=1203727096
deleted backup piece
backup piece handle=3fc90592-511f-4200-aedc-48597064f4c8/RMAN_full_1062634547_BPMPROD_20250614_vs3ruqjg_1_1.vab RECID=87982 STAMP=1203726960
deleted backup piece
backup piece handle=3fc90592-511f-4200-aedc-48597064f4c8/RMAN_full_1062634547_BPMPROD_20250614_vu3rur1j_2_1.vab RECID=87980 STAMP=1203727516
deleted backup piece
backup piece handle=3fc90592-511f-4200-aedc-48597064f4c8/RMAN_full_1062634547_BPMPROD_20250614_vu3rur1j_1_1.vab RECID=87985 STAMP=1203727411
deleted backup piece
backup piece handle=3fc90592-511f-4200-aedc-48597064f4c8/RMAN_full_1062634547_BPMPROD_20250614_003rur6u_2_1.vab RECID=87981 STAMP=1203727637
deleted backup piece
backup piece handle=3fc90592-511f-4200-aedc-48597064f4c8/RMAN_full_1062634547_BPMPROD_20250614_003rur6u_1_1.vab RECID=87983 STAMP=1203727582
deleted backup piece
backup piece handle=3fc90592-511f-4200-aedc-48597064f4c8/RMAN_full_1062634547_BPMPROD_20250614_023rurkn_2_1.vab RECID=87984 STAMP=1203728078
deleted backup piece
backup piece handle=3fc90592-511f-4200-aedc-48597064f4c8/RMAN_full_1062634547_BPMPROD_20250614_023rurkn_1_1.vab RECID=87989 STAMP=1203728023
deleted backup piece
backup piece handle=3fc90592-511f-4200-aedc-48597064f4c8/RMAN_full_1062634547_BPMPROD_20250614_043rurpn_2_1.vab RECID=87986 STAMP=1203728259
deleted backup piece
backup piece handle=3fc90592-511f-4200-aedc-48597064f4c8/RMAN_full_1062634547_BPMPROD_20250614_043rurpn_1_1.vab RECID=87987 STAMP=1203728183
deleted backup piece
backup piece handle=3fc90592-511f-4200-aedc-48597064f4c8/RMAN_full_1062634547_BPMPROD_20250614_063rus8o_2_1.vab RECID=87988 STAMP=1203728700
deleted backup piece
backup piece handle=3fc90592-511f-4200-aedc-48597064f4c8/RMAN_full_1062634547_BPMPROD_20250614_063rus8o_1_1.vab RECID=87990 STAMP=1203728664
deleted backup piece
backup piece handle=3fc90592-511f-4200-aedc-48597064f4c8/RMAN_full_1062634547_BPMPROD_20250614_083rusav_2_1.vab RECID=87991 STAMP=1203729020
deleted backup piece
backup piece handle=3fc90592-511f-4200-aedc-48597064f4c8/RMAN_full_1062634547_BPMPROD_20250614_083rusav_1_1.vab RECID=87992 STAMP=1203728735
deleted backup piece
backup piece handle=3fc90592-511f-4200-aedc-48597064f4c8/RMAN_full_1062634547_BPMPROD_20250614_0a3rusub_2_1.vab RECID=87993 STAMP=1203729441
deleted backup piece
backup piece handle=3fc90592-511f-4200-aedc-48597064f4c8/RMAN_full_1062634547_BPMPROD_20250614_0a3rusub_1_1.vab RECID=87995 STAMP=1203729356
deleted backup piece
backup piece handle=3fc90592-511f-4200-aedc-48597064f4c8/RMAN_full_1062634547_BPMPROD_20250614_0c3rutbq_2_1.vab RECID=87994 STAMP=1203729801
deleted backup piece
backup piece handle=3fc90592-511f-4200-aedc-48597064f4c8/RMAN_full_1062634547_BPMPROD_20250614_0c3rutbq_1_1.vab RECID=87997 STAMP=1203729786
deleted backup piece
backup piece handle=3fc90592-511f-4200-aedc-48597064f4c8/RMAN_full_1062634547_BPMPROD_20250614_0e3rutev_2_1.vab RECID=87996 STAMP=1203730022
deleted backup piece
backup piece handle=3fc90592-511f-4200-aedc-48597064f4c8/RMAN_full_1062634547_BPMPROD_20250614_0e3rutev_1_1.vab RECID=87998 STAMP=1203729887
deleted backup piece
backup piece handle=3fc90592-511f-4200-aedc-48597064f4c8/RMAN_full_1062634547_BPMPROD_20250614_0g3rutjv_2_1.vab RECID=87999 STAMP=1203730403
deleted backup piece
backup piece handle=3fc90592-511f-4200-aedc-48597064f4c8/RMAN_full_1062634547_BPMPROD_20250614_0g3rutjv_1_1.vab RECID=88000 STAMP=1203730047
deleted backup piece
backup piece handle=3fc90592-511f-4200-aedc-48597064f4c8/RMAN_full_1062634547_BPMPROD_20250614_0i3ruu48_2_1.vab RECID=88001 STAMP=1203730734
deleted backup piece
backup piece handle=3fc90592-511f-4200-aedc-48597064f4c8/RMAN_full_1062634547_BPMPROD_20250614_0i3ruu48_1_1.vab RECID=88004 STAMP=1203730568
deleted backup piece
backup piece handle=3fc90592-511f-4200-aedc-48597064f4c8/RMAN_full_1062634547_BPMPROD_20250614_0k3ruucn_2_1.vab RECID=88002 STAMP=1203730842
deleted backup piece
backup piece handle=3fc90592-511f-4200-aedc-48597064f4c8/RMAN_full_1062634547_BPMPROD_20250614_0k3ruucn_1_1.vab RECID=88005 STAMP=1203730839
deleted backup piece
backup piece handle=3fc90592-511f-4200-aedc-48597064f4c8/RMAN_full_1062634547_BPMPROD_20250614_0m3ruuhv_2_1.vab RECID=88003 STAMP=1203731073
deleted backup piece
backup piece handle=3fc90592-511f-4200-aedc-48597064f4c8/RMAN_full_1062634547_BPMPROD_20250614_0m3ruuhv_1_1.vab RECID=88007 STAMP=1203731008
deleted backup piece
backup piece handle=3fc90592-511f-4200-aedc-48597064f4c8/RMAN_full_1062634547_BPMPROD_20250614_0o3ruus0_2_1.vab RECID=88006 STAMP=1203731414
deleted backup piece
backup piece handle=3fc90592-511f-4200-aedc-48597064f4c8/RMAN_full_1062634547_BPMPROD_20250614_0o3ruus0_1_1.vab RECID=88008 STAMP=1203731328
deleted backup piece
backup piece handle=3fc90592-511f-4200-aedc-48597064f4c8/RMAN_full_1062634547_BPMPROD_20250614_0q3ruv29_2_1.vab RECID=88009 STAMP=1203731536
deleted backup piece
backup piece handle=3fc90592-511f-4200-aedc-48597064f4c8/RMAN_full_1062634547_BPMPROD_20250614_0q3ruv29_1_1.vab RECID=88010 STAMP=1203731529
deleted backup piece
backup piece handle=3fc90592-511f-4200-aedc-48597064f4c8/RMAN_full_1062634547_BPMPROD_20250614_0s3ruvda_2_1.vab RECID=88011 STAMP=1203731967
deleted backup piece
backup piece handle=3fc90592-511f-4200-aedc-48597064f4c8/RMAN_full_1062634547_BPMPROD_20250614_0s3ruvda_1_1.vab RECID=88013 STAMP=1203731882
deleted backup piece
backup piece handle=3fc90592-511f-4200-aedc-48597064f4c8/RMAN_full_1062634547_BPMPROD_20250614_0u3ruvhc_2_1.vab RECID=88014 STAMP=1203732588
deleted backup piece
backup piece handle=3fc90592-511f-4200-aedc-48597064f4c8/RMAN_full_1062634547_BPMPROD_20250614_0u3ruvhc_1_1.vab RECID=88012 STAMP=1203732013
deleted backup piece
backup piece handle=3fc90592-511f-4200-aedc-48597064f4c8/RMAN_full_1062634547_BPMPROD_20250614_103rv0a4_2_1.vab RECID=88017 STAMP=1203733229
deleted backup piece
backup piece handle=3fc90592-511f-4200-aedc-48597064f4c8/RMAN_full_1062634547_BPMPROD_20250614_103rv0a4_1_1.vab RECID=88015 STAMP=1203732804
deleted backup piece
backup piece handle=3fc90592-511f-4200-aedc-48597064f4c8/RMAN_full_1062634547_BPMPROD_20250614_123rv17r_2_1.vab RECID=88016 STAMP=1203733756
deleted backup piece
backup piece handle=3fc90592-511f-4200-aedc-48597064f4c8/RMAN_full_1062634547_BPMPROD_20250614_123rv17r_1_1.vab RECID=88020 STAMP=1203733755
deleted backup piece
backup piece handle=3fc90592-511f-4200-aedc-48597064f4c8/RMAN_full_1062634547_BPMPROD_20250614_143rv1nv_2_1.vab RECID=88018 STAMP=1203734317
deleted backup piece
backup piece handle=3fc90592-511f-4200-aedc-48597064f4c8/RMAN_full_1062634547_BPMPROD_20250614_143rv1nv_1_1.vab RECID=88027 STAMP=1203734271
deleted backup piece
backup piece handle=3fc90592-511f-4200-aedc-48597064f4c8/RMAN_full_1062634547_BPMPROD_20250614_163rv1re_2_1.vab RECID=88019 STAMP=1203734417
deleted backup piece
backup piece handle=3fc90592-511f-4200-aedc-48597064f4c8/RMAN_full_1062634547_BPMPROD_20250614_163rv1re_1_1.vab RECID=88021 STAMP=1203734382
deleted backup piece
backup piece handle=3fc90592-511f-4200-aedc-48597064f4c8/RMAN_full_1062634547_BPMPROD_20250614_183rv22v_2_1.vab RECID=88024 STAMP=1203734988
deleted backup piece
backup piece handle=3fc90592-511f-4200-aedc-48597064f4c8/RMAN_full_1062634547_BPMPROD_20250614_183rv22v_1_1.vab RECID=88025 STAMP=1203734623
deleted backup piece
backup piece handle=3fc90592-511f-4200-aedc-48597064f4c8/RMAN_full_1062634547_BPMPROD_20250614_1a3rv2pq_2_1.vab RECID=88022 STAMP=1203735689
deleted backup piece
backup piece handle=3fc90592-511f-4200-aedc-48597064f4c8/RMAN_full_1062634547_BPMPROD_20250614_1a3rv2pq_1_1.vab RECID=88023 STAMP=1203735354
deleted backup piece
backup piece handle=3fc90592-511f-4200-aedc-48597064f4c8/RMAN_full_1062634547_BPMPROD_20250614_1c3rv37t_2_1.vab RECID=88028 STAMP=1203736120
deleted backup piece
backup piece handle=3fc90592-511f-4200-aedc-48597064f4c8/RMAN_full_1062634547_BPMPROD_20250614_1c3rv37t_1_1.vab RECID=88026 STAMP=1203735805
deleted backup piece
backup piece handle=3fc90592-511f-4200-aedc-48597064f4c8/RMAN_full_1062634547_BPMPROD_20250614_1e3rv3i8_2_1.vab RECID=88029 STAMP=1203736137
deleted backup piece
backup piece handle=3fc90592-511f-4200-aedc-48597064f4c8/RMAN_full_1062634547_BPMPROD_20250614_1e3rv3i8_1_1.vab RECID=88030 STAMP=1203736136
deleted backup piece
backup piece handle=3fc90592-511f-4200-aedc-48597064f4c8/RMAN_full_1062634547_BPMPROD_20250614_1g3rv3vj_2_1.vab RECID=88031 STAMP=1203736588
deleted backup piece
backup piece handle=3fc90592-511f-4200-aedc-48597064f4c8/RMAN_full_1062634547_BPMPROD_20250614_1g3rv3vj_1_1.vab RECID=88033 STAMP=1203736563
deleted backup piece
backup piece handle=3fc90592-511f-4200-aedc-48597064f4c8/RMAN_full_1062634547_BPMPROD_20250614_1i3rv423_2_1.vab RECID=88032 STAMP=1203736678
deleted backup piece
backup piece handle=3fc90592-511f-4200-aedc-48597064f4c8/RMAN_full_1062634547_BPMPROD_20250614_1i3rv423_1_1.vab RECID=88035 STAMP=1203736643
deleted backup piece
backup piece handle=3fc90592-511f-4200-aedc-48597064f4c8/RMAN_full_1062634547_BPMPROD_20250614_1k3rv474_2_1.vab RECID=88034 STAMP=1203737050
deleted backup piece
backup piece handle=3fc90592-511f-4200-aedc-48597064f4c8/RMAN_full_1062634547_BPMPROD_20250614_1k3rv474_1_1.vab RECID=88036 STAMP=1203736804
deleted backup piece
backup piece handle=3fc90592-511f-4200-aedc-48597064f4c8/RMAN_full_1062634547_BPMPROD_20250614_1m3rv4g7_2_1.vab RECID=88037 STAMP=1203737180
deleted backup piece
backup piece handle=3fc90592-511f-4200-aedc-48597064f4c8/RMAN_full_1062634547_BPMPROD_20250614_1m3rv4g7_1_1.vab RECID=88038 STAMP=1203737095
deleted backup piece
backup piece handle=3fc90592-511f-4200-aedc-48597064f4c8/RMAN_full_1062634547_BPMPROD_20250614_1o3rv4ol_2_1.vab RECID=88039 STAMP=1203737581
deleted backup piece
backup piece handle=3fc90592-511f-4200-aedc-48597064f4c8/RMAN_full_1062634547_BPMPROD_20250614_1o3rv4ol_1_1.vab RECID=88040 STAMP=1203737365
deleted backup piece
backup piece handle=3fc90592-511f-4200-aedc-48597064f4c8/RMAN_full_1062634547_BPMPROD_20250614_1q3rv4vd_2_1.vab RECID=88041 STAMP=1203737756
deleted backup piece
backup piece handle=3fc90592-511f-4200-aedc-48597064f4c8/RMAN_full_1062634547_BPMPROD_20250614_1q3rv4vd_1_1.vab RECID=88042 STAMP=1203737581
deleted backup piece
backup piece handle=3fc90592-511f-4200-aedc-48597064f4c8/RMAN_full_1062634547_BPMPROD_20250614_1s3rv55v_2_1.vab RECID=88043 STAMP=1203737967
deleted backup piece
backup piece handle=3fc90592-511f-4200-aedc-48597064f4c8/RMAN_full_1062634547_BPMPROD_20250614_1s3rv55v_1_1.vab RECID=88044 STAMP=1203737792
deleted backup piece
backup piece handle=3fc90592-511f-4200-aedc-48597064f4c8/RMAN_full_1062634547_BPMPROD_20250614_1u3rv5d6_2_1.vab RECID=88046 STAMP=1203738248
deleted backup piece
backup piece handle=3fc90592-511f-4200-aedc-48597064f4c8/RMAN_full_1062634547_BPMPROD_20250614_1u3rv5d6_1_1.vab RECID=88045 STAMP=1203738022
deleted backup piece
backup piece handle=3fc90592-511f-4200-aedc-48597064f4c8/RMAN_full_1062634547_BPMPROD_20250614_203rv5l1_2_1.vab RECID=88047 STAMP=1203738438
deleted backup piece
backup piece handle=3fc90592-511f-4200-aedc-48597064f4c8/RMAN_full_1062634547_BPMPROD_20250614_203rv5l1_1_1.vab RECID=88048 STAMP=1203738273
deleted backup piece
backup piece handle=3fc90592-511f-4200-aedc-48597064f4c8/RMAN_full_1062634547_BPMPROD_20250614_223rv5r0_2_1.vab RECID=88049 STAMP=1203738699
deleted backup piece
backup piece handle=3fc90592-511f-4200-aedc-48597064f4c8/RMAN_full_1062634547_BPMPROD_20250614_223rv5r0_1_1.vab RECID=88050 STAMP=1203738464
deleted backup piece
backup piece handle=3fc90592-511f-4200-aedc-48597064f4c8/RMAN_full_1062634547_BPMPROD_20250614_243rv65k_2_1.vab RECID=88051 STAMP=1203738850
deleted backup piece
backup piece handle=3fc90592-511f-4200-aedc-48597064f4c8/RMAN_full_1062634547_BPMPROD_20250614_243rv65k_1_1.vab RECID=88053 STAMP=1203738804
deleted backup piece
backup piece handle=3fc90592-511f-4200-aedc-48597064f4c8/RMAN_full_1062634547_BPMPROD_20250614_263rv6al_2_1.vab RECID=88052 STAMP=1203739261
deleted backup piece
backup piece handle=3fc90592-511f-4200-aedc-48597064f4c8/RMAN_full_1062634547_BPMPROD_20250614_263rv6al_1_1.vab RECID=88055 STAMP=1203738965
deleted backup piece
backup piece handle=3fc90592-511f-4200-aedc-48597064f4c8/RMAN_full_1062634547_BPMPROD_20250614_283rv6la_2_1.vab RECID=88054 STAMP=1203739351
deleted backup piece
backup piece handle=3fc90592-511f-4200-aedc-48597064f4c8/RMAN_full_1062634547_BPMPROD_20250614_283rv6la_1_1.vab RECID=88056 STAMP=1203739306
deleted backup piece
backup piece handle=3fc90592-511f-4200-aedc-48597064f4c8/RMAN_full_1062634547_BPMPROD_20250614_2a3rv6o4_2_1.vab RECID=88057 STAMP=1203739842
deleted backup piece
backup piece handle=3fc90592-511f-4200-aedc-48597064f4c8/RMAN_full_1062634547_BPMPROD_20250614_2a3rv6o4_1_1.vab RECID=88059 STAMP=1203739397
deleted backup piece
backup piece handle=3fc90592-511f-4200-aedc-48597064f4c8/RMAN_full_1062634547_BPMPROD_20250614_2c3rv763_2_1.vab RECID=88058 STAMP=1203739889
deleted backup piece
backup piece handle=3fc90592-511f-4200-aedc-48597064f4c8/RMAN_full_1062634547_BPMPROD_20250614_2c3rv763_1_1.vab RECID=88063 STAMP=1203739843
deleted backup piece
backup piece handle=3fc90592-511f-4200-aedc-48597064f4c8/RMAN_full_1062634547_BPMPROD_20250614_2e3rv78a_2_1.vab RECID=88061 STAMP=1203740299
deleted backup piece
backup piece handle=3fc90592-511f-4200-aedc-48597064f4c8/RMAN_full_1062634547_BPMPROD_20250614_2e3rv78a_1_1.vab RECID=88060 STAMP=1203739914
deleted backup piece
backup piece handle=3fc90592-511f-4200-aedc-48597064f4c8/RMAN_full_1062634547_BPMPROD_20250614_2g3rv7nl_2_1.vab RECID=88062 STAMP=1203740405
deleted backup piece
backup piece handle=3fc90592-511f-4200-aedc-48597064f4c8/RMAN_full_1062634547_BPMPROD_20250614_2g3rv7nl_1_1.vab RECID=88065 STAMP=1203740405
deleted backup piece
backup piece handle=3fc90592-511f-4200-aedc-48597064f4c8/RMAN_full_1062634547_BPMPROD_20250614_2i3rv7p2_2_1.vab RECID=88064 STAMP=1203740776
deleted backup piece
backup piece handle=3fc90592-511f-4200-aedc-48597064f4c8/RMAN_full_1062634547_BPMPROD_20250614_2i3rv7p2_1_1.vab RECID=88066 STAMP=1203740450
deleted backup piece
backup piece handle=3fc90592-511f-4200-aedc-48597064f4c8/RMAN_full_1062634547_BPMPROD_20250614_2k3rv86r_2_1.vab RECID=88067 STAMP=1203740927
deleted backup piece
backup piece handle=3fc90592-511f-4200-aedc-48597064f4c8/RMAN_full_1062634547_BPMPROD_20250614_2k3rv86r_1_1.vab RECID=88070 STAMP=1203740891
deleted backup piece
backup piece handle=3fc90592-511f-4200-aedc-48597064f4c8/RMAN_full_1062634547_BPMPROD_20250614_2m3rv88e_2_1.vab RECID=88068 STAMP=1203741137
deleted backup piece
backup piece handle=3fc90592-511f-4200-aedc-48597064f4c8/RMAN_full_1062634547_BPMPROD_20250614_2m3rv88e_1_1.vab RECID=88069 STAMP=1203740942
deleted backup piece
backup piece handle=3fc90592-511f-4200-aedc-48597064f4c8/RMAN_full_1062634547_BPMPROD_20250614_2o3rv8jc_2_1.vab RECID=88071 STAMP=1203741388
deleted backup piece
backup piece handle=3fc90592-511f-4200-aedc-48597064f4c8/RMAN_full_1062634547_BPMPROD_20250614_2o3rv8jc_1_1.vab RECID=88072 STAMP=1203741292
deleted backup piece
backup piece handle=3fc90592-511f-4200-aedc-48597064f4c8/RMAN_full_1062634547_BPMPROD_20250614_2q3rv8on_2_1.vab RECID=88073 STAMP=1203741678
deleted backup piece
backup piece handle=3fc90592-511f-4200-aedc-48597064f4c8/RMAN_full_1062634547_BPMPROD_20250614_2q3rv8on_1_1.vab RECID=88074 STAMP=1203741463
deleted backup piece
backup piece handle=3fc90592-511f-4200-aedc-48597064f4c8/RMAN_full_1062634547_BPMPROD_20250614_2s3rv93c_2_1.vab RECID=88075 STAMP=1203741899
deleted backup piece
backup piece handle=3fc90592-511f-4200-aedc-48597064f4c8/RMAN_full_1062634547_BPMPROD_20250614_2s3rv93c_1_1.vab RECID=88077 STAMP=1203741804
deleted backup piece
backup piece handle=3fc90592-511f-4200-aedc-48597064f4c8/RMAN_full_1062634547_BPMPROD_20250614_2u3rv98d_2_1.vab RECID=88076 STAMP=1203742170
deleted backup piece
backup piece handle=3fc90592-511f-4200-aedc-48597064f4c8/RMAN_full_1062634547_BPMPROD_20250614_2u3rv98d_1_1.vab RECID=88078 STAMP=1203741965
deleted backup piece
backup piece handle=3fc90592-511f-4200-aedc-48597064f4c8/RMAN_full_1062634547_BPMPROD_20250614_303rv9hg_2_1.vab RECID=88079 STAMP=1203742381
deleted backup piece
backup piece handle=3fc90592-511f-4200-aedc-48597064f4c8/RMAN_full_1062634547_BPMPROD_20250614_303rv9hg_1_1.vab RECID=88080 STAMP=1203742256
deleted backup piece
backup piece handle=3fc90592-511f-4200-aedc-48597064f4c8/RMAN_full_1062634547_BPMPROD_20250614_323rv9rr_2_1.vab RECID=88081 STAMP=1203742752
deleted backup piece
backup piece handle=3fc90592-511f-4200-aedc-48597064f4c8/RMAN_full_1062634547_BPMPROD_20250614_323rv9rr_1_1.vab RECID=88083 STAMP=1203742587
deleted backup piece
backup piece handle=3fc90592-511f-4200-aedc-48597064f4c8/RMAN_full_1062634547_BPMPROD_20250614_343rva6p_2_1.vab RECID=88082 STAMP=1203742953
deleted backup piece
backup piece handle=3fc90592-511f-4200-aedc-48597064f4c8/RMAN_full_1062634547_BPMPROD_20250614_343rva6p_1_1.vab RECID=88085 STAMP=1203742938
deleted backup piece
backup piece handle=3fc90592-511f-4200-aedc-48597064f4c8/RMAN_full_1062634547_BPMPROD_20250614_363rva79_2_1.vab RECID=88086 STAMP=1203743359
deleted backup piece
backup piece handle=3fc90592-511f-4200-aedc-48597064f4c8/RMAN_full_1062634547_BPMPROD_20250614_363rva79_1_1.vab RECID=88084 STAMP=1203742953
deleted backup piece
backup piece handle=3fc90592-511f-4200-aedc-48597064f4c8/RMAN_full_1062634547_BPMPROD_20250614_383rval2_2_1.vab RECID=88087 STAMP=1203743540
deleted backup piece
backup piece handle=3fc90592-511f-4200-aedc-48597064f4c8/RMAN_full_1062634547_BPMPROD_20250614_383rval2_1_1.vab RECID=88089 STAMP=1203743394
deleted backup piece
backup piece handle=3fc90592-511f-4200-aedc-48597064f4c8/RMAN_full_1062634547_BPMPROD_20250614_3a3rvaup_2_1.vab RECID=88088 STAMP=1203743840
deleted backup piece
backup piece handle=3fc90592-511f-4200-aedc-48597064f4c8/RMAN_full_1062634547_BPMPROD_20250614_3a3rvaup_1_1.vab RECID=88091 STAMP=1203743705
deleted backup piece
backup piece handle=3fc90592-511f-4200-aedc-48597064f4c8/RMAN_full_1062634547_BPMPROD_20250614_3c3rvb86_2_1.vab RECID=88090 STAMP=1203744031
deleted backup piece
backup piece handle=3fc90592-511f-4200-aedc-48597064f4c8/RMAN_full_1062634547_BPMPROD_20250614_3c3rvb86_1_1.vab RECID=88094 STAMP=1203744006
deleted backup piece
backup piece handle=3fc90592-511f-4200-aedc-48597064f4c8/RMAN_full_1062634547_BPMPROD_20250614_3e3rvbfn_2_1.vab RECID=88092 STAMP=1203744392
deleted backup piece
backup piece handle=3fc90592-511f-4200-aedc-48597064f4c8/RMAN_full_1062634547_BPMPROD_20250614_3e3rvbfn_1_1.vab RECID=88095 STAMP=1203744247
deleted backup piece
backup piece handle=3fc90592-511f-4200-aedc-48597064f4c8/RMAN_full_1062634547_BPMPROD_20250614_3g3rvbn7_2_1.vab RECID=88093 STAMP=1203744513
deleted backup piece
backup piece handle=3fc90592-511f-4200-aedc-48597064f4c8/RMAN_full_1062634547_BPMPROD_20250614_3g3rvbn7_1_1.vab RECID=88097 STAMP=1203744488
deleted backup piece
backup piece handle=3fc90592-511f-4200-aedc-48597064f4c8/RMAN_full_1062634547_BPMPROD_20250614_3i3rvbsi_2_1.vab RECID=88096 STAMP=1203744944
deleted backup piece
backup piece handle=3fc90592-511f-4200-aedc-48597064f4c8/RMAN_full_1062634547_BPMPROD_20250614_3i3rvbsi_1_1.vab RECID=88099 STAMP=1203744658
deleted backup piece
backup piece handle=3fc90592-511f-4200-aedc-48597064f4c8/RMAN_full_1062634547_BPMPROD_20250614_3k3rvcab_2_1.vab RECID=88098 STAMP=1203745135
deleted backup piece
backup piece handle=3fc90592-511f-4200-aedc-48597064f4c8/RMAN_full_1062634547_BPMPROD_20250614_3k3rvcab_1_1.vab RECID=88101 STAMP=1203745099
deleted backup piece
backup piece handle=3fc90592-511f-4200-aedc-48597064f4c8/RMAN_full_1062634547_BPMPROD_20250614_3m3rvcig_2_1.vab RECID=88100 STAMP=1203745546
deleted backup piece
backup piece handle=3fc90592-511f-4200-aedc-48597064f4c8/RMAN_full_1062634547_BPMPROD_20250614_3m3rvcig_1_1.vab RECID=88103 STAMP=1203745360
deleted backup piece
backup piece handle=3fc90592-511f-4200-aedc-48597064f4c8/RMAN_full_1062634547_BPMPROD_20250614_3o3rvcpd_2_1.vab RECID=88102 STAMP=1203745767
deleted backup piece
backup piece handle=3fc90592-511f-4200-aedc-48597064f4c8/RMAN_full_1062634547_BPMPROD_20250614_3o3rvcpd_1_1.vab RECID=88104 STAMP=1203745581
deleted backup piece
backup piece handle=3fc90592-511f-4200-aedc-48597064f4c8/RMAN_full_1062634547_BPMPROD_20250614_3q3rvd0k_2_1.vab RECID=88105 STAMP=1203746097
deleted backup piece
backup piece handle=3fc90592-511f-4200-aedc-48597064f4c8/RMAN_full_1062634547_BPMPROD_20250614_3q3rvd0k_1_1.vab RECID=88106 STAMP=1203745812
deleted backup piece
backup piece handle=3fc90592-511f-4200-aedc-48597064f4c8/RMAN_full_1062634547_BPMPROD_20250614_3s3rvdb9_2_1.vab RECID=88107 STAMP=1203746328
deleted backup piece
backup piece handle=3fc90592-511f-4200-aedc-48597064f4c8/RMAN_full_1062634547_BPMPROD_20250614_3s3rvdb9_1_1.vab RECID=88109 STAMP=1203746153
deleted backup piece
backup piece handle=3fc90592-511f-4200-aedc-48597064f4c8/RMAN_full_1062634547_BPMPROD_20250614_3u3rvdl0_2_1.vab RECID=88108 STAMP=1203746519
deleted backup piece
backup piece handle=3fc90592-511f-4200-aedc-48597064f4c8/RMAN_full_1062634547_BPMPROD_20250614_3u3rvdl0_1_1.vab RECID=88110 STAMP=1203746464
deleted backup piece
backup piece handle=3fc90592-511f-4200-aedc-48597064f4c8/RMAN_full_1062634547_BPMPROD_20250614_403rvdvb_2_1.vab RECID=88111 STAMP=1203746870
deleted backup piece
backup piece handle=3fc90592-511f-4200-aedc-48597064f4c8/RMAN_full_1062634547_BPMPROD_20250614_403rvdvb_1_1.vab RECID=88112 STAMP=1203746795
deleted backup piece
backup piece handle=3fc90592-511f-4200-aedc-48597064f4c8/RMAN_full_1062634547_BPMPROD_20250614_423rve9v_2_1.vab RECID=88113 STAMP=1203747191
deleted backup piece
backup piece handle=3fc90592-511f-4200-aedc-48597064f4c8/RMAN_full_1062634547_BPMPROD_20250614_423rve9v_1_1.vab RECID=88114 STAMP=1203747135
deleted backup piece
backup piece handle=3fc90592-511f-4200-aedc-48597064f4c8/RMAN_full_1062634547_BPMPROD_20250614_443rvede_2_1.vab RECID=88116 STAMP=1203747561
deleted backup piece
backup piece handle=3fc90592-511f-4200-aedc-48597064f4c8/RMAN_full_1062634547_BPMPROD_20250614_443rvede_1_1.vab RECID=88115 STAMP=1203747246
deleted backup piece
backup piece handle=3fc90592-511f-4200-aedc-48597064f4c8/RMAN_full_1062634547_BPMPROD_20250614_463rveon_2_1.vab RECID=88117 STAMP=1203747742
deleted backup piece
backup piece handle=3fc90592-511f-4200-aedc-48597064f4c8/RMAN_full_1062634547_BPMPROD_20250614_463rveon_1_1.vab RECID=88118 STAMP=1203747607
deleted backup piece
backup piece handle=3fc90592-511f-4200-aedc-48597064f4c8/RMAN_full_1062634547_BPMPROD_20250614_483rvf3m_2_1.vab RECID=88119 STAMP=1203748173
deleted backup piece
backup piece handle=3fc90592-511f-4200-aedc-48597064f4c8/RMAN_full_1062634547_BPMPROD_20250614_483rvf3m_1_1.vab RECID=88121 STAMP=1203747958
deleted backup piece
backup piece handle=3fc90592-511f-4200-aedc-48597064f4c8/RMAN_full_1062634547_BPMPROD_20250614_4a3rvfc4_2_1.vab RECID=88120 STAMP=1203748394
deleted backup piece
backup piece handle=3fc90592-511f-4200-aedc-48597064f4c8/RMAN_full_1062634547_BPMPROD_20250614_4a3rvfc4_1_1.vab RECID=88122 STAMP=1203748228
deleted backup piece
backup piece handle=3fc90592-511f-4200-aedc-48597064f4c8/RMAN_full_1062634547_BPMPROD_20250614_4c3rvfkj_2_1.vab RECID=88123 STAMP=1203748775
deleted backup piece
backup piece handle=3fc90592-511f-4200-aedc-48597064f4c8/RMAN_full_1062634547_BPMPROD_20250614_4c3rvfkj_1_1.vab RECID=88124 STAMP=1203748499
deleted backup piece
backup piece handle=3fc90592-511f-4200-aedc-48597064f4c8/RMAN_full_1062634547_BPMPROD_20250614_4e3rvg06_2_1.vab RECID=88125 STAMP=1203749066
deleted backup piece
backup piece handle=3fc90592-511f-4200-aedc-48597064f4c8/RMAN_full_1062634547_BPMPROD_20250614_4e3rvg06_1_1.vab RECID=88127 STAMP=1203748870
deleted backup piece
backup piece handle=3fc90592-511f-4200-aedc-48597064f4c8/RMAN_full_1062634547_BPMPROD_20250614_4g3rvg7d_2_1.vab RECID=88126 STAMP=1203749246
deleted backup piece
backup piece handle=3fc90592-511f-4200-aedc-48597064f4c8/RMAN_full_1062634547_BPMPROD_20250614_4g3rvg7d_1_1.vab RECID=88129 STAMP=1203749101
deleted backup piece
backup piece handle=3fc90592-511f-4200-aedc-48597064f4c8/RMAN_full_1062634547_BPMPROD_20250614_4i3rvget_2_1.vab RECID=88128 STAMP=1203749517
deleted backup piece
backup piece handle=3fc90592-511f-4200-aedc-48597064f4c8/RMAN_full_1062634547_BPMPROD_20250614_4i3rvget_1_1.vab RECID=88131 STAMP=1203749342
deleted backup piece
backup piece handle=3fc90592-511f-4200-aedc-48597064f4c8/RMAN_full_1062634547_BPMPROD_20250614_4k3rvgqg_2_1.vab RECID=88130 STAMP=1203749918
deleted backup piece
backup piece handle=3fc90592-511f-4200-aedc-48597064f4c8/RMAN_full_1062634547_BPMPROD_20250614_4k3rvgqg_1_1.vab RECID=88133 STAMP=1203749712
deleted backup piece
backup piece handle=3fc90592-511f-4200-aedc-48597064f4c8/RMAN_full_1062634547_BPMPROD_20250614_4m3rvh2b_2_1.vab RECID=88132 STAMP=1203750149
deleted backup piece
backup piece handle=3fc90592-511f-4200-aedc-48597064f4c8/RMAN_full_1062634547_BPMPROD_20250614_4m3rvh2b_1_1.vab RECID=88135 STAMP=1203749963
deleted backup piece
backup piece handle=3fc90592-511f-4200-aedc-48597064f4c8/RMAN_full_1062634547_BPMPROD_20250614_4o3rvhdu_2_1.vab RECID=88134 STAMP=1203750499
deleted backup piece
backup piece handle=3fc90592-511f-4200-aedc-48597064f4c8/RMAN_full_1062634547_BPMPROD_20250614_4o3rvhdu_1_1.vab RECID=88137 STAMP=1203750334
deleted backup piece
backup piece handle=3fc90592-511f-4200-aedc-48597064f4c8/RMAN_full_1062634547_BPMPROD_20250614_4q3rvhq5_2_1.vab RECID=88136 STAMP=1203750725
deleted backup piece
backup piece handle=3fc90592-511f-4200-aedc-48597064f4c8/RMAN_full_1062634547_BPMPROD_20250614_4q3rvhq5_1_1.vab RECID=88139 STAMP=1203750725
deleted backup piece
backup piece handle=3fc90592-511f-4200-aedc-48597064f4c8/RMAN_full_1062634547_BPMPROD_20250614_4s3rvhrt_2_1.vab RECID=88138 STAMP=1203751046
deleted backup piece
backup piece handle=3fc90592-511f-4200-aedc-48597064f4c8/RMAN_full_1062634547_BPMPROD_20250614_4s3rvhrt_1_1.vab RECID=88141 STAMP=1203750781
deleted backup piece
backup piece handle=3fc90592-511f-4200-aedc-48597064f4c8/RMAN_full_1062634547_BPMPROD_20250614_4u3rvi84_2_1.vab RECID=88140 STAMP=1203751287
deleted backup piece
backup piece handle=3fc90592-511f-4200-aedc-48597064f4c8/RMAN_full_1062634547_BPMPROD_20250614_4u3rvi84_1_1.vab RECID=88143 STAMP=1203751172
deleted backup piece
backup piece handle=3fc90592-511f-4200-aedc-48597064f4c8/RMAN_full_1062634547_BPMPROD_20250614_503rvifu_2_1.vab RECID=88142 STAMP=1203751608
deleted backup piece
backup piece handle=3fc90592-511f-4200-aedc-48597064f4c8/RMAN_full_1062634547_BPMPROD_20250614_503rvifu_1_1.vab RECID=88145 STAMP=1203751422
deleted backup piece
backup piece handle=3fc90592-511f-4200-aedc-48597064f4c8/RMAN_full_1062634547_BPMPROD_20250614_523rviq9_2_1.vab RECID=88144 STAMP=1203751909
deleted backup piece
backup piece handle=3fc90592-511f-4200-aedc-48597064f4c8/RMAN_full_1062634547_BPMPROD_20250614_523rviq9_1_1.vab RECID=88147 STAMP=1203751753
deleted backup piece
backup piece handle=3fc90592-511f-4200-aedc-48597064f4c8/RMAN_full_1062634547_BPMPROD_20250614_543rviv8_2_1.vab RECID=88146 STAMP=1203752158
deleted backup piece
backup piece handle=3fc90592-511f-4200-aedc-48597064f4c8/RMAN_full_1062634547_BPMPROD_20250614_543rviv8_1_1.vab RECID=88148 STAMP=1203751912
deleted backup piece
backup piece handle=3fc90592-511f-4200-aedc-48597064f4c8/RMAN_full_1062634547_BPMPROD_20250614_563rvjc3_2_1.vab RECID=88149 STAMP=1203752529
deleted backup piece
backup piece handle=3fc90592-511f-4200-aedc-48597064f4c8/RMAN_full_1062634547_BPMPROD_20250614_563rvjc3_1_1.vab RECID=88151 STAMP=1203752323
deleted backup piece
backup piece handle=3fc90592-511f-4200-aedc-48597064f4c8/RMAN_full_1062634547_BPMPROD_20250614_583rvjjk_2_1.vab RECID=88150 STAMP=1203752689
deleted backup piece
backup piece handle=3fc90592-511f-4200-aedc-48597064f4c8/RMAN_full_1062634547_BPMPROD_20250614_583rvjjk_1_1.vab RECID=88153 STAMP=1203752564
deleted backup piece
backup piece handle=3fc90592-511f-4200-aedc-48597064f4c8/RMAN_full_1062634547_BPMPROD_20250614_5a3rvjoa_2_1.vab RECID=88152 STAMP=1203752760
deleted backup piece
backup piece handle=3fc90592-511f-4200-aedc-48597064f4c8/RMAN_full_1062634547_BPMPROD_20250614_5a3rvjoa_1_1.vab RECID=88154 STAMP=1203752715
deleted backup piece
backup piece handle=3fc90592-511f-4200-aedc-48597064f4c8/RMAN_full_1062634547_BPMPROD_20250614_5c3rvk2l_2_1.vab RECID=88156 STAMP=1203753221
deleted backup piece
backup piece handle=3fc90592-511f-4200-aedc-48597064f4c8/RMAN_full_1062634547_BPMPROD_20250614_5c3rvk2l_1_1.vab RECID=88158 STAMP=1203753045
deleted backup piece
backup piece handle=3fc90592-511f-4200-aedc-48597064f4c8/RMAN_full_1062634547_BPMPROD_20250614_5e3rvk98_2_1.vab RECID=88159 STAMP=1203753381
deleted backup piece
backup piece handle=3fc90592-511f-4200-aedc-48597064f4c8/RMAN_full_1062634547_BPMPROD_20250614_5e3rvk98_1_1.vab RECID=88160 STAMP=1203753256
deleted backup piece
backup piece handle=3fc90592-511f-4200-aedc-48597064f4c8/RMAN_full_1062634547_BPMPROD_20250614_5g3rvkgo_2_1.vab RECID=88155 STAMP=1203753552
deleted backup piece
backup piece handle=3fc90592-511f-4200-aedc-48597064f4c8/RMAN_full_1062634547_BPMPROD_20250614_5g3rvkgo_1_1.vab RECID=88164 STAMP=1203753497
deleted backup piece
backup piece handle=3fc90592-511f-4200-aedc-48597064f4c8/RMAN_full_1062634547_BPMPROD_20250614_5i3rvkkh_2_1.vab RECID=88157 STAMP=1203753803
deleted backup piece
backup piece handle=3fc90592-511f-4200-aedc-48597064f4c8/RMAN_full_1062634547_BPMPROD_20250614_5i3rvkkh_1_1.vab RECID=88162 STAMP=1203753617
deleted backup piece
backup piece handle=3fc90592-511f-4200-aedc-48597064f4c8/RMAN_full_1062634547_BPMPROD_20250614_5k3rvkqq_2_1.vab RECID=88161 STAMP=1203753873
deleted backup piece
backup piece handle=3fc90592-511f-4200-aedc-48597064f4c8/RMAN_full_1062634547_BPMPROD_20250614_5k3rvkqq_1_1.vab RECID=88163 STAMP=1203753818
deleted backup piece
backup piece handle=3fc90592-511f-4200-aedc-48597064f4c8/RMAN_full_1062634547_BPMPROD_20250614_5m3rvkvg_2_1.vab RECID=88165 STAMP=1203754244
deleted backup piece
backup piece handle=3fc90592-511f-4200-aedc-48597064f4c8/RMAN_full_1062634547_BPMPROD_20250614_5m3rvkvg_1_1.vab RECID=88166 STAMP=1203753968
deleted backup piece
backup piece handle=3fc90592-511f-4200-aedc-48597064f4c8/RMAN_full_1062634547_BPMPROD_20250614_5o3rvlit_2_1.vab RECID=88167 STAMP=1203754604
deleted backup piece
backup piece handle=3fc90592-511f-4200-aedc-48597064f4c8/RMAN_full_1062634547_BPMPROD_20250614_5o3rvlit_1_1.vab RECID=88172 STAMP=1203754589
deleted backup piece
backup piece handle=3fc90592-511f-4200-aedc-48597064f4c8/RMAN_full_1062634547_BPMPROD_20250614_5q3rvloi_2_1.vab RECID=88168 STAMP=1203754825
deleted backup piece
backup piece handle=3fc90592-511f-4200-aedc-48597064f4c8/RMAN_full_1062634547_BPMPROD_20250614_5q3rvloi_1_1.vab RECID=88174 STAMP=1203754770
deleted backup piece
backup piece handle=3fc90592-511f-4200-aedc-48597064f4c8/RMAN_full_1062634547_BPMPROD_20250614_5s3rvlr2_2_1.vab RECID=88169 STAMP=1203754946
deleted backup piece
backup piece handle=3fc90592-511f-4200-aedc-48597064f4c8/RMAN_full_1062634547_BPMPROD_20250614_5s3rvlr2_1_1.vab RECID=88170 STAMP=1203754851
deleted backup piece
backup piece handle=3fc90592-511f-4200-aedc-48597064f4c8/RMAN_full_1062634547_BPMPROD_20250614_5u3rvm6b_2_1.vab RECID=88171 STAMP=1203755557
deleted backup piece
backup piece handle=3fc90592-511f-4200-aedc-48597064f4c8/RMAN_full_1062634547_BPMPROD_20250614_5u3rvm6b_1_1.vab RECID=88175 STAMP=1203755211
deleted backup piece
backup piece handle=3fc90592-511f-4200-aedc-48597064f4c8/RMAN_full_1062634547_BPMPROD_20250614_603rvmko_2_1.vab RECID=88173 STAMP=1203755768
deleted backup piece
backup piece handle=3fc90592-511f-4200-aedc-48597064f4c8/RMAN_full_1062634547_BPMPROD_20250614_603rvmko_1_1.vab RECID=88176 STAMP=1203755672
deleted backup piece
backup piece handle=3fc90592-511f-4200-aedc-48597064f4c8/RMAN_full_1062634547_BPMPROD_20250614_623rvn44_2_1.vab RECID=88177 STAMP=1203756171
deleted backup piece
backup piece handle=3fc90592-511f-4200-aedc-48597064f4c8/RMAN_full_1062634547_BPMPROD_20250614_623rvn44_1_1.vab RECID=88178 STAMP=1203756164
deleted backup piece
backup piece handle=3fc90592-511f-4200-aedc-48597064f4c8/RMAN_full_1062634547_BPMPROD_20250614_643rvn8j_2_1.vab RECID=88179 STAMP=1203756362
deleted backup piece
backup piece handle=3fc90592-511f-4200-aedc-48597064f4c8/RMAN_full_1062634547_BPMPROD_20250614_643rvn8j_1_1.vab RECID=88181 STAMP=1203756307
deleted backup piece
backup piece handle=3fc90592-511f-4200-aedc-48597064f4c8/RMAN_full_1062634547_BPMPROD_20250614_663rvncb_2_1.vab RECID=88182 STAMP=1203756653
deleted backup piece
backup piece handle=3fc90592-511f-4200-aedc-48597064f4c8/RMAN_full_1062634547_BPMPROD_20250614_663rvncb_1_1.vab RECID=88180 STAMP=1203756427
deleted backup piece
backup piece handle=3fc90592-511f-4200-aedc-48597064f4c8/RMAN_full_1062634547_BPMPROD_20250614_683rvnmm_2_1.vab RECID=88183 STAMP=1203757017
deleted backup piece
backup piece handle=3fc90592-511f-4200-aedc-48597064f4c8/RMAN_full_1062634547_BPMPROD_20250614_683rvnmm_1_1.vab RECID=88184 STAMP=1203756761
deleted backup piece
backup piece handle=3fc90592-511f-4200-aedc-48597064f4c8/RMAN_full_1062634547_BPMPROD_20250614_6a3rvnv8_2_1.vab RECID=88186 STAMP=1203757248
deleted backup piece
backup piece handle=3fc90592-511f-4200-aedc-48597064f4c8/RMAN_full_1062634547_BPMPROD_20250614_6a3rvnv8_1_1.vab RECID=88185 STAMP=1203757032
deleted backup piece
backup piece handle=3fc90592-511f-4200-aedc-48597064f4c8/RMAN_full_1062634547_BPMPROD_20250614_6c3rvo8b_2_1.vab RECID=88188 STAMP=1203757428
deleted backup piece
backup piece handle=3fc90592-511f-4200-aedc-48597064f4c8/RMAN_full_1062634547_BPMPROD_20250614_6c3rvo8b_1_1.vab RECID=88187 STAMP=1203757323
deleted backup piece
backup piece handle=3fc90592-511f-4200-aedc-48597064f4c8/RMAN_full_1062634547_BPMPROD_20250614_6e3rvol6_2_1.vab RECID=88189 STAMP=1203757769
deleted backup piece
backup piece handle=3fc90592-511f-4200-aedc-48597064f4c8/RMAN_full_1062634547_BPMPROD_20250614_6e3rvol6_1_1.vab RECID=88191 STAMP=1203757734
deleted backup piece
backup piece handle=3fc90592-511f-4200-aedc-48597064f4c8/RMAN_full_1062634547_BPMPROD_20250614_6g3rvon2_2_1.vab RECID=88193 STAMP=1203757990
deleted backup piece
backup piece handle=3fc90592-511f-4200-aedc-48597064f4c8/RMAN_full_1062634547_BPMPROD_20250614_6g3rvon2_1_1.vab RECID=88190 STAMP=1203757794
deleted backup piece
backup piece handle=3fc90592-511f-4200-aedc-48597064f4c8/RMAN_full_1062634547_BPMPROD_20250614_6i3rvp13_2_1.vab RECID=88192 STAMP=1203758261
deleted backup piece
backup piece handle=3fc90592-511f-4200-aedc-48597064f4c8/RMAN_full_1062634547_BPMPROD_20250614_6i3rvp13_1_1.vab RECID=88194 STAMP=1203758115
deleted backup piece
backup piece handle=3fc90592-511f-4200-aedc-48597064f4c8/RMAN_full_1062634547_BPMPROD_20250614_6k3rvp64_2_1.vab RECID=88196 STAMP=1203758742
deleted backup piece
backup piece handle=3fc90592-511f-4200-aedc-48597064f4c8/RMAN_full_1062634547_BPMPROD_20250614_6k3rvp64_1_1.vab RECID=88195 STAMP=1203758276
deleted backup piece
backup piece handle=3fc90592-511f-4200-aedc-48597064f4c8/RMAN_full_1062634547_BPMPROD_20250614_6m3rvpnb_2_1.vab RECID=88197 STAMP=1203758872
deleted backup piece
backup piece handle=3fc90592-511f-4200-aedc-48597064f4c8/RMAN_full_1062634547_BPMPROD_20250614_6m3rvpnb_1_1.vab RECID=88200 STAMP=1203758827
deleted backup piece
backup piece handle=3fc90592-511f-4200-aedc-48597064f4c8/RMAN_full_1062634547_BPMPROD_20250614_6o3rvprn_2_1.vab RECID=88198 STAMP=1203759163
deleted backup piece
backup piece handle=3fc90592-511f-4200-aedc-48597064f4c8/RMAN_full_1062634547_BPMPROD_20250614_6o3rvprn_1_1.vab RECID=88201 STAMP=1203758968
deleted backup piece
backup piece handle=3fc90592-511f-4200-aedc-48597064f4c8/RMAN_full_1062634547_BPMPROD_20250614_6q3rvq3i_2_1.vab RECID=88199 STAMP=1203759274
deleted backup piece
backup piece handle=3fc90592-511f-4200-aedc-48597064f4c8/RMAN_full_1062634547_BPMPROD_20250614_6q3rvq3i_1_1.vab RECID=88204 STAMP=1203759218
deleted backup piece
backup piece handle=3fc90592-511f-4200-aedc-48597064f4c8/RMAN_full_1062634547_BPMPROD_20250614_6s3rvqeh_2_1.vab RECID=88203 STAMP=1203759705
deleted backup piece
backup piece handle=3fc90592-511f-4200-aedc-48597064f4c8/RMAN_full_1062634547_BPMPROD_20250614_6s3rvqeh_1_1.vab RECID=88205 STAMP=1203759569
deleted backup piece
backup piece handle=3fc90592-511f-4200-aedc-48597064f4c8/RMAN_full_1062634547_BPMPROD_20250614_6u3rvqkq_2_1.vab RECID=88202 STAMP=1203759770
deleted backup piece
backup piece handle=3fc90592-511f-4200-aedc-48597064f4c8/RMAN_full_1062634547_BPMPROD_20250614_6u3rvqkq_1_1.vab RECID=88207 STAMP=1203759770
deleted backup piece
backup piece handle=3fc90592-511f-4200-aedc-48597064f4c8/RMAN_full_1062634547_BPMPROD_20250614_703rvqs5_2_1.vab RECID=88206 STAMP=1203760221
deleted backup piece
backup piece handle=3fc90592-511f-4200-aedc-48597064f4c8/RMAN_full_1062634547_BPMPROD_20250614_703rvqs5_1_1.vab RECID=88209 STAMP=1203760006
deleted backup piece
backup piece handle=3fc90592-511f-4200-aedc-48597064f4c8/RMAN_full_1062634547_BPMPROD_20250614_723rvr40_2_1.vab RECID=88208 STAMP=1203760282
deleted backup piece
backup piece handle=3fc90592-511f-4200-aedc-48597064f4c8/RMAN_full_1062634547_BPMPROD_20250614_723rvr40_1_1.vab RECID=88211 STAMP=1203760256
deleted backup piece
backup piece handle=3fc90592-511f-4200-aedc-48597064f4c8/RMAN_full_1062634547_BPMPROD_20250614_743rvrbh_2_1.vab RECID=88210 STAMP=1203760703
deleted backup piece
backup piece handle=3fc90592-511f-4200-aedc-48597064f4c8/RMAN_full_1062634547_BPMPROD_20250614_743rvrbh_1_1.vab RECID=88213 STAMP=1203760497
deleted backup piece
backup piece handle=3fc90592-511f-4200-aedc-48597064f4c8/RMAN_full_1062634547_BPMPROD_20250614_763rvrk0_2_1.vab RECID=88212 STAMP=1203760783
deleted backup piece
backup piece handle=3fc90592-511f-4200-aedc-48597064f4c8/RMAN_full_1062634547_BPMPROD_20250614_763rvrk0_1_1.vab RECID=88215 STAMP=1203760768
deleted backup piece
backup piece handle=3fc90592-511f-4200-aedc-48597064f4c8/RMAN_full_1062634547_BPMPROD_20250614_783rvrqt_2_1.vab RECID=88214 STAMP=1203761174
deleted backup piece
backup piece handle=3fc90592-511f-4200-aedc-48597064f4c8/RMAN_full_1062634547_BPMPROD_20250614_783rvrqt_1_1.vab RECID=88217 STAMP=1203760989
deleted backup piece
backup piece handle=3fc90592-511f-4200-aedc-48597064f4c8/RMAN_full_1062634547_BPMPROD_20250614_7a3rvs5r_2_1.vab RECID=88216 STAMP=1203761365
deleted backup piece
backup piece handle=3fc90592-511f-4200-aedc-48597064f4c8/RMAN_full_1062634547_BPMPROD_20250614_7a3rvs5r_1_1.vab RECID=88220 STAMP=1203761340
deleted backup piece
backup piece handle=3fc90592-511f-4200-aedc-48597064f4c8/RMAN_full_1062634547_BPMPROD_20250614_7c3rvsd2_2_1.vab RECID=88218 STAMP=1203761606
deleted backup piece
backup piece handle=3fc90592-511f-4200-aedc-48597064f4c8/RMAN_full_1062634547_BPMPROD_20250614_7c3rvsd2_1_1.vab RECID=88222 STAMP=1203761570
deleted backup piece
backup piece handle=3fc90592-511f-4200-aedc-48597064f4c8/RMAN_full_1062634547_BPMPROD_20250614_7e3rvsg7_2_1.vab RECID=88219 STAMP=1203761816
deleted backup piece
backup piece handle=3fc90592-511f-4200-aedc-48597064f4c8/RMAN_full_1062634547_BPMPROD_20250614_7e3rvsg7_1_1.vab RECID=88223 STAMP=1203761671
deleted backup piece
backup piece handle=3fc90592-511f-4200-aedc-48597064f4c8/RMAN_full_1062634547_BPMPROD_20250614_7g3rvspa_2_1.vab RECID=88221 STAMP=1203762027
deleted backup piece
backup piece handle=3fc90592-511f-4200-aedc-48597064f4c8/RMAN_full_1062634547_BPMPROD_20250614_7g3rvspa_1_1.vab RECID=88225 STAMP=1203761962
deleted backup piece
backup piece handle=3fc90592-511f-4200-aedc-48597064f4c8/RMAN_full_1062634547_BPMPROD_20250614_7i3rvt49_2_1.vab RECID=88224 STAMP=1203762358
deleted backup piece
backup piece handle=3fc90592-511f-4200-aedc-48597064f4c8/RMAN_full_1062634547_BPMPROD_20250614_7i3rvt49_1_1.vab RECID=88226 STAMP=1203762313
deleted backup piece
backup piece handle=3fc90592-511f-4200-aedc-48597064f4c8/RMAN_full_1062634547_BPMPROD_20250614_7k3rvt99_2_1.vab RECID=88227 STAMP=1203762569
deleted backup piece
backup piece handle=3fc90592-511f-4200-aedc-48597064f4c8/RMAN_full_1062634547_BPMPROD_20250614_7k3rvt99_1_1.vab RECID=88228 STAMP=1203762473
deleted backup piece
backup piece handle=3fc90592-511f-4200-aedc-48597064f4c8/RMAN_full_1062634547_BPMPROD_20250614_7m3rvth4_2_1.vab RECID=88229 STAMP=1203762830
deleted backup piece
backup piece handle=3fc90592-511f-4200-aedc-48597064f4c8/RMAN_full_1062634547_BPMPROD_20250614_7m3rvth4_1_1.vab RECID=88230 STAMP=1203762724
deleted backup piece
backup piece handle=3fc90592-511f-4200-aedc-48597064f4c8/RMAN_full_1062634547_BPMPROD_20250614_7o3rvtke_2_1.vab RECID=88231 STAMP=1203763145
deleted backup piece
backup piece handle=3fc90592-511f-4200-aedc-48597064f4c8/RMAN_full_1062634547_BPMPROD_20250614_7o3rvtke_1_1.vab RECID=88232 STAMP=1203762830
deleted backup piece
backup piece handle=3fc90592-511f-4200-aedc-48597064f4c8/RMAN_full_1062634547_BPMPROD_20250614_7q3rvtud_2_1.vab RECID=88233 STAMP=1203763294
deleted backup piece
backup piece handle=3fc90592-511f-4200-aedc-48597064f4c8/RMAN_full_1062634547_BPMPROD_20250614_7q3rvtud_1_1.vab RECID=88236 STAMP=1203763149
deleted backup piece
backup piece handle=3fc90592-511f-4200-aedc-48597064f4c8/RMAN_full_1062634547_BPMPROD_20250614_7s3rvu5k_2_1.vab RECID=88234 STAMP=1203763575
deleted backup piece
backup piece handle=3fc90592-511f-4200-aedc-48597064f4c8/RMAN_full_1062634547_BPMPROD_20250614_7s3rvu5k_1_1.vab RECID=88237 STAMP=1203763380
deleted backup piece
backup piece handle=3fc90592-511f-4200-aedc-48597064f4c8/RMAN_full_1062634547_BPMPROD_20250614_7u3rvud4_2_1.vab RECID=88235 STAMP=1203763646
deleted backup piece
backup piece handle=3fc90592-511f-4200-aedc-48597064f4c8/RMAN_full_1062634547_BPMPROD_20250614_7u3rvud4_1_1.vab RECID=88238 STAMP=1203763620
deleted backup piece
backup piece handle=3fc90592-511f-4200-aedc-48597064f4c8/RMAN_full_1062634547_BPMPROD_20250614_803rvui5_2_1.vab RECID=88240 STAMP=1203764047
deleted backup piece
backup piece handle=3fc90592-511f-4200-aedc-48597064f4c8/RMAN_full_1062634547_BPMPROD_20250614_803rvui5_1_1.vab RECID=88239 STAMP=1203763781
deleted backup piece
backup piece handle=3fc90592-511f-4200-aedc-48597064f4c8/RMAN_full_1062634547_BPMPROD_20250614_823rvus6_2_1.vab RECID=88241 STAMP=1203764168
deleted backup piece
backup piece handle=3fc90592-511f-4200-aedc-48597064f4c8/RMAN_full_1062634547_BPMPROD_20250614_823rvus6_1_1.vab RECID=88242 STAMP=1203764102
deleted backup piece
backup piece handle=3fc90592-511f-4200-aedc-48597064f4c8/RMAN_full_1062634547_BPMPROD_20250614_843rvv5j_2_1.vab RECID=88243 STAMP=1203764468
deleted backup piece
backup piece handle=3fc90592-511f-4200-aedc-48597064f4c8/RMAN_full_1062634547_BPMPROD_20250614_843rvv5j_1_1.vab RECID=88245 STAMP=1203764403
deleted backup piece
backup piece handle=3fc90592-511f-4200-aedc-48597064f4c8/RMAN_full_1062634547_BPMPROD_20250614_863rvvat_2_1.vab RECID=88244 STAMP=1203764589
deleted backup piece
backup piece handle=3fc90592-511f-4200-aedc-48597064f4c8/RMAN_full_1062634547_BPMPROD_20250614_863rvvat_1_1.vab RECID=88246 STAMP=1203764573
deleted backup piece
backup piece handle=3fc90592-511f-4200-aedc-48597064f4c8/RMAN_full_1062634547_BPMPROD_20250614_883rvvf0_2_1.vab RECID=88247 STAMP=1203764970
deleted backup piece
backup piece handle=3fc90592-511f-4200-aedc-48597064f4c8/RMAN_full_1062634547_BPMPROD_20250614_883rvvf0_1_1.vab RECID=88249 STAMP=1203764704
deleted backup piece
backup piece handle=3fc90592-511f-4200-aedc-48597064f4c8/RMAN_full_1062634547_BPMPROD_20250614_8a3rvvon_2_1.vab RECID=88248 STAMP=1203765030
deleted backup piece
backup piece handle=3fc90592-511f-4200-aedc-48597064f4c8/RMAN_full_1062634547_BPMPROD_20250614_8a3rvvon_1_1.vab RECID=88250 STAMP=1203765015
deleted backup piece
backup piece handle=3fc90592-511f-4200-aedc-48597064f4c8/RMAN_full_1062634547_BPMPROD_20250614_8c3s000s_2_1.vab RECID=88251 STAMP=1203765451
deleted backup piece
backup piece handle=3fc90592-511f-4200-aedc-48597064f4c8/RMAN_full_1062634547_BPMPROD_20250614_8c3s000s_1_1.vab RECID=88253 STAMP=1203765276
deleted backup piece
backup piece handle=3fc90592-511f-4200-aedc-48597064f4c8/RMAN_full_1062634547_BPMPROD_20250614_8e3s0074_2_1.vab RECID=88252 STAMP=1203765542
deleted backup piece
backup piece handle=3fc90592-511f-4200-aedc-48597064f4c8/RMAN_full_1062634547_BPMPROD_20250614_8e3s0074_1_1.vab RECID=88254 STAMP=1203765476
deleted backup piece
backup piece handle=3fc90592-511f-4200-aedc-48597064f4c8/RMAN_full_1062634547_BPMPROD_20250614_8g3s00ev_2_1.vab RECID=88255 STAMP=1203765932
deleted backup piece
backup piece handle=3fc90592-511f-4200-aedc-48597064f4c8/RMAN_full_1062634547_BPMPROD_20250614_8g3s00ev_1_1.vab RECID=88257 STAMP=1203765727
deleted backup piece
backup piece handle=3fc90592-511f-4200-aedc-48597064f4c8/RMAN_full_1062634547_BPMPROD_20250614_8i3s00lg_2_1.vab RECID=88256 STAMP=1203766101
deleted backup piece
backup piece handle=3fc90592-511f-4200-aedc-48597064f4c8/RMAN_full_1062634547_BPMPROD_20250614_8i3s00lg_1_1.vab RECID=88258 STAMP=1203765936
deleted backup piece
backup piece handle=3fc90592-511f-4200-aedc-48597064f4c8/RMAN_full_1062634547_BPMPROD_20250614_8k3s00t0_2_1.vab RECID=88259 STAMP=1203766362
deleted backup piece
backup piece handle=3fc90592-511f-4200-aedc-48597064f4c8/RMAN_full_1062634547_BPMPROD_20250614_8k3s00t0_1_1.vab RECID=88260 STAMP=1203766177
deleted backup piece
backup piece handle=3fc90592-511f-4200-aedc-48597064f4c8/RMAN_full_1062634547_BPMPROD_20250614_8m3s014h_2_1.vab RECID=88261 STAMP=1203766573
deleted backup piece
backup piece handle=3fc90592-511f-4200-aedc-48597064f4c8/RMAN_full_1062634547_BPMPROD_20250614_8m3s014h_1_1.vab RECID=88263 STAMP=1203766418
deleted backup piece
backup piece handle=3fc90592-511f-4200-aedc-48597064f4c8/RMAN_full_1062634547_BPMPROD_20250614_8o3s01da_2_1.vab RECID=88262 STAMP=1203766744
deleted backup piece
backup piece handle=3fc90592-511f-4200-aedc-48597064f4c8/RMAN_full_1062634547_BPMPROD_20250614_8o3s01da_1_1.vab RECID=88264 STAMP=1203766698
deleted backup piece
backup piece handle=3fc90592-511f-4200-aedc-48597064f4c8/RMAN_full_1062634547_BPMPROD_20250614_8q3s01ib_2_1.vab RECID=88265 STAMP=1203767014
deleted backup piece
backup piece handle=3fc90592-511f-4200-aedc-48597064f4c8/RMAN_full_1062634547_BPMPROD_20250614_8q3s01ib_1_1.vab RECID=88266 STAMP=1203766859
deleted backup piece
backup piece handle=3fc90592-511f-4200-aedc-48597064f4c8/RMAN_full_1062634547_BPMPROD_20250614_8s3s01ot_2_1.vab RECID=88267 STAMP=1203767255
deleted backup piece
backup piece handle=3fc90592-511f-4200-aedc-48597064f4c8/RMAN_full_1062634547_BPMPROD_20250614_8s3s01ot_1_1.vab RECID=88268 STAMP=1203767070
deleted backup piece
backup piece handle=3fc90592-511f-4200-aedc-48597064f4c8/RMAN_full_1062634547_BPMPROD_20250614_8u3s0238_2_1.vab RECID=88269 STAMP=1203767506
deleted backup piece
backup piece handle=3fc90592-511f-4200-aedc-48597064f4c8/RMAN_full_1062634547_BPMPROD_20250614_8u3s0238_1_1.vab RECID=88271 STAMP=1203767401
deleted backup piece
backup piece handle=3fc90592-511f-4200-aedc-48597064f4c8/RMAN_full_1062634547_BPMPROD_20250614_903s027v_2_1.vab RECID=88270 STAMP=1203767727
deleted backup piece
backup piece handle=3fc90592-511f-4200-aedc-48597064f4c8/RMAN_full_1062634547_BPMPROD_20250614_903s027v_1_1.vab RECID=88272 STAMP=1203767552
deleted backup piece
backup piece handle=3fc90592-511f-4200-aedc-48597064f4c8/RMAN_full_1062634547_BPMPROD_20250614_923s02dm_2_1.vab RECID=88273 STAMP=1203768030
deleted backup piece
backup piece handle=3fc90592-511f-4200-aedc-48597064f4c8/RMAN_full_1062634547_BPMPROD_20250614_923s02dm_1_1.vab RECID=88274 STAMP=1203767734
deleted backup piece
backup piece handle=3fc90592-511f-4200-aedc-48597064f4c8/RMAN_full_1062634547_BPMPROD_20250614_943s02n5_2_1.vab RECID=88275 STAMP=1203768203
deleted backup piece
backup piece handle=3fc90592-511f-4200-aedc-48597064f4c8/RMAN_full_1062634547_BPMPROD_20250614_943s02n5_1_1.vab RECID=88276 STAMP=1203768037
deleted backup piece
backup piece handle=3fc90592-511f-4200-aedc-48597064f4c8/RMAN_full_1062634547_BPMPROD_20250614_963s033m_2_1.vab RECID=88277 STAMP=1203768494
deleted backup piece
backup piece handle=3fc90592-511f-4200-aedc-48597064f4c8/RMAN_full_1062634547_BPMPROD_20250614_963s033m_1_1.vab RECID=88280 STAMP=1203768439
deleted backup piece
backup piece handle=3fc90592-511f-4200-aedc-48597064f4c8/RMAN_full_1062634547_BPMPROD_20250614_983s0391_2_1.vab RECID=88278 STAMP=1203768665
deleted backup piece
backup piece handle=3fc90592-511f-4200-aedc-48597064f4c8/RMAN_full_1062634547_BPMPROD_20250614_983s0391_1_1.vab RECID=88279 STAMP=1203768610
deleted backup piece
backup piece handle=3fc90592-511f-4200-aedc-48597064f4c8/RMAN_full_1062634547_BPMPROD_20250614_9a3s03de_2_1.vab RECID=88281 STAMP=1203769016
deleted backup piece
backup piece handle=3fc90592-511f-4200-aedc-48597064f4c8/RMAN_full_1062634547_BPMPROD_20250614_9a3s03de_1_1.vab RECID=88282 STAMP=1203768750
deleted backup piece
backup piece handle=3fc90592-511f-4200-aedc-48597064f4c8/RMAN_full_1062634547_BPMPROD_20250614_9c3s03mr_2_1.vab RECID=88283 STAMP=1203769226
deleted backup piece
backup piece handle=3fc90592-511f-4200-aedc-48597064f4c8/RMAN_full_1062634547_BPMPROD_20250614_9c3s03mr_1_1.vab RECID=88284 STAMP=1203769051
deleted backup piece
backup piece handle=3fc90592-511f-4200-aedc-48597064f4c8/RMAN_full_1062634547_BPMPROD_20250614_9e3s0458_2_1.vab RECID=88285 STAMP=1203769527
deleted backup piece
backup piece handle=3fc90592-511f-4200-aedc-48597064f4c8/RMAN_full_1062634547_BPMPROD_20250614_9e3s0458_1_1.vab RECID=88287 STAMP=1203769512
deleted backup piece
backup piece handle=3fc90592-511f-4200-aedc-48597064f4c8/RMAN_full_1062634547_BPMPROD_20250614_9g3s045q_2_1.vab RECID=88286 STAMP=1203769687
deleted backup piece
backup piece handle=3fc90592-511f-4200-aedc-48597064f4c8/RMAN_full_1062634547_BPMPROD_20250614_9g3s045q_1_1.vab RECID=88288 STAMP=1203769531
deleted backup piece
backup piece handle=3fc90592-511f-4200-aedc-48597064f4c8/RMAN_full_1062634547_BPMPROD_20250614_9i3s04c4_2_1.vab RECID=88291 STAMP=1203770148
deleted backup piece
backup piece handle=3fc90592-511f-4200-aedc-48597064f4c8/RMAN_full_1062634547_BPMPROD_20250614_9i3s04c4_1_1.vab RECID=88289 STAMP=1203769732
deleted backup piece
backup piece handle=3fc90592-511f-4200-aedc-48597064f4c8/RMAN_full_1062634547_BPMPROD_20250614_9k3s04pt_2_1.vab RECID=88290 STAMP=1203770173
deleted backup piece
backup piece handle=3fc90592-511f-4200-aedc-48597064f4c8/RMAN_full_1062634547_BPMPROD_20250614_9k3s04pt_1_1.vab RECID=88294 STAMP=1203770173
deleted backup piece
backup piece handle=3fc90592-511f-4200-aedc-48597064f4c8/RMAN_full_1062634547_BPMPROD_20250614_9m3s0569_2_1.vab RECID=88292 STAMP=1203770576
deleted backup piece
backup piece handle=3fc90592-511f-4200-aedc-48597064f4c8/RMAN_full_1062634547_BPMPROD_20250614_9m3s0569_1_1.vab RECID=88296 STAMP=1203770569
deleted backup piece
backup piece handle=3fc90592-511f-4200-aedc-48597064f4c8/RMAN_full_1062634547_BPMPROD_20250614_9o3s056g_2_1.vab RECID=88293 STAMP=1203770651
deleted backup piece
backup piece handle=3fc90592-511f-4200-aedc-48597064f4c8/RMAN_full_1062634547_BPMPROD_20250614_9o3s056g_1_1.vab RECID=88295 STAMP=1203770576
deleted backup piece
backup piece handle=3fc90592-511f-4200-aedc-48597064f4c8/RMAN_full_1062634547_BPMPROD_20250614_9q3s05b7_2_1.vab RECID=88297 STAMP=1203771122
deleted backup piece
backup piece handle=3fc90592-511f-4200-aedc-48597064f4c8/RMAN_full_1062634547_BPMPROD_20250614_9q3s05b7_1_1.vab RECID=88298 STAMP=1203770727
deleted backup piece
backup piece handle=3fc90592-511f-4200-aedc-48597064f4c8/RMAN_full_1062634547_BPMPROD_20250614_9s3s05qs_2_1.vab RECID=88299 STAMP=1203771228
deleted backup piece
backup piece handle=3fc90592-511f-4200-aedc-48597064f4c8/RMAN_full_1062634547_BPMPROD_20250614_9s3s05qs_1_1.vab RECID=88300 STAMP=1203771228
deleted backup piece
backup piece handle=3fc90592-511f-4200-aedc-48597064f4c8/RMAN_full_1062634547_BPMPROD_20250614_9u3s0619_2_1.vab RECID=88301 STAMP=1203771639
deleted backup piece
backup piece handle=3fc90592-511f-4200-aedc-48597064f4c8/RMAN_full_1062634547_BPMPROD_20250614_9u3s0619_1_1.vab RECID=88302 STAMP=1203771433
deleted backup piece
backup piece handle=3fc90592-511f-4200-aedc-48597064f4c8/RMAN_full_1062634547_BPMPROD_20250614_a03s0694_2_1.vab RECID=88303 STAMP=1203771759
deleted backup piece
backup piece handle=3fc90592-511f-4200-aedc-48597064f4c8/RMAN_full_1062634547_BPMPROD_20250614_a03s0694_1_1.vab RECID=88304 STAMP=1203771684
deleted backup piece
backup piece handle=3fc90592-511f-4200-aedc-48597064f4c8/RMAN_full_1062634547_BPMPROD_20250614_a23s06d7_2_1.vab RECID=88305 STAMP=1203772271
deleted backup piece
backup piece handle=3fc90592-511f-4200-aedc-48597064f4c8/RMAN_full_1062634547_BPMPROD_20250614_a23s06d7_1_1.vab RECID=88307 STAMP=1203771815
deleted backup piece
backup piece handle=3fc90592-511f-4200-aedc-48597064f4c8/RMAN_full_1062634547_BPMPROD_20250614_a43s06rf_2_1.vab RECID=88306 STAMP=1203772275
deleted backup piece
backup piece handle=3fc90592-511f-4200-aedc-48597064f4c8/RMAN_full_1062634547_BPMPROD_20250614_a43s06rf_1_1.vab RECID=88308 STAMP=1203772272
deleted backup piece
backup piece handle=3fc90592-511f-4200-aedc-48597064f4c8/RMAN_full_1062634547_BPMPROD_20250614_a63s06tk_2_1.vab RECID=88309 STAMP=1203772585
deleted backup piece
backup piece handle=3fc90592-511f-4200-aedc-48597064f4c8/RMAN_full_1062634547_BPMPROD_20250614_a63s06tk_1_1.vab RECID=88311 STAMP=1203772340
deleted backup piece
backup piece handle=3fc90592-511f-4200-aedc-48597064f4c8/RMAN_full_1062634547_BPMPROD_20250614_a83s07ap_2_1.vab RECID=88310 STAMP=1203772768
deleted backup piece
backup piece handle=3fc90592-511f-4200-aedc-48597064f4c8/RMAN_full_1062634547_BPMPROD_20250614_a83s07ap_1_1.vab RECID=88312 STAMP=1203772761
deleted backup piece
backup piece handle=3fc90592-511f-4200-aedc-48597064f4c8/RMAN_full_1062634547_BPMPROD_20250614_aa3s07dv_2_1.vab RECID=88313 STAMP=1203773128
deleted backup piece
backup piece handle=3fc90592-511f-4200-aedc-48597064f4c8/RMAN_full_1062634547_BPMPROD_20250614_aa3s07dv_1_1.vab RECID=88314 STAMP=1203772863
deleted backup piece
backup piece handle=3fc90592-511f-4200-aedc-48597064f4c8/RMAN_full_1062634547_BPMPROD_20250614_ac3s07nc_2_1.vab RECID=88315 STAMP=1203773319
deleted backup piece
backup piece handle=3fc90592-511f-4200-aedc-48597064f4c8/RMAN_full_1062634547_BPMPROD_20250614_ac3s07nc_1_1.vab RECID=88316 STAMP=1203773164
deleted backup piece
backup piece handle=3fc90592-511f-4200-aedc-48597064f4c8/RMAN_full_1062634547_BPMPROD_20250614_ae3s07t0_2_1.vab RECID=88318 STAMP=1203773620
deleted backup piece
backup piece handle=3fc90592-511f-4200-aedc-48597064f4c8/RMAN_full_1062634547_BPMPROD_20250614_ae3s07t0_1_1.vab RECID=88317 STAMP=1203773344
deleted backup piece
backup piece handle=3fc90592-511f-4200-aedc-48597064f4c8/RMAN_full_1062634547_BPMPROD_20250614_ag3s087v_2_1.vab RECID=88319 STAMP=1203773861
deleted backup piece
backup piece handle=3fc90592-511f-4200-aedc-48597064f4c8/RMAN_full_1062634547_BPMPROD_20250614_ag3s087v_1_1.vab RECID=88320 STAMP=1203773695
deleted backup piece
backup piece handle=3fc90592-511f-4200-aedc-48597064f4c8/RMAN_full_1062634547_BPMPROD_20250614_ai3s08e8_2_1.vab RECID=88321 STAMP=1203774172
deleted backup piece
backup piece handle=3fc90592-511f-4200-aedc-48597064f4c8/RMAN_full_1062634547_BPMPROD_20250614_ai3s08e8_1_1.vab RECID=88323 STAMP=1203773896
deleted backup piece
backup piece handle=3fc90592-511f-4200-aedc-48597064f4c8/RMAN_full_1062634547_BPMPROD_20250614_ak3s08oj_2_1.vab RECID=88322 STAMP=1203774242
deleted backup piece
backup piece handle=3fc90592-511f-4200-aedc-48597064f4c8/RMAN_full_1062634547_BPMPROD_20250614_ak3s08oj_1_1.vab RECID=88326 STAMP=1203774227
deleted backup piece
backup piece handle=3fc90592-511f-4200-aedc-48597064f4c8/RMAN_full_1062634547_BPMPROD_20250614_am3s08sl_2_1.vab RECID=88324 STAMP=1203774663
deleted backup piece
backup piece handle=3fc90592-511f-4200-aedc-48597064f4c8/RMAN_full_1062634547_BPMPROD_20250614_am3s08sl_1_1.vab RECID=88327 STAMP=1203774358
deleted backup piece
backup piece handle=3fc90592-511f-4200-aedc-48597064f4c8/RMAN_full_1062634547_BPMPROD_20250614_ao3s097k_2_1.vab RECID=88325 STAMP=1203774724
deleted backup piece
backup piece handle=3fc90592-511f-4200-aedc-48597064f4c8/RMAN_full_1062634547_BPMPROD_20250614_ao3s097k_1_1.vab RECID=88328 STAMP=1203774708
deleted backup piece
backup piece handle=3fc90592-511f-4200-aedc-48597064f4c8/RMAN_full_1062634547_BPMPROD_20250614_aq3s09cl_2_1.vab RECID=88329 STAMP=1203775205
deleted backup piece
backup piece handle=3fc90592-511f-4200-aedc-48597064f4c8/RMAN_full_1062634547_BPMPROD_20250614_aq3s09cl_1_1.vab RECID=88331 STAMP=1203774869
deleted backup piece
backup piece handle=3fc90592-511f-4200-aedc-48597064f4c8/RMAN_full_1062634547_BPMPROD_20250614_as3s09oi_2_1.vab RECID=88330 STAMP=1203775257
deleted backup piece
backup piece handle=3fc90592-511f-4200-aedc-48597064f4c8/RMAN_full_1062634547_BPMPROD_20250614_as3s09oi_1_1.vab RECID=88333 STAMP=1203775250
deleted backup piece
backup piece handle=3fc90592-511f-4200-aedc-48597064f4c8/RMAN_full_1062634547_BPMPROD_20250614_au3s09qh_2_1.vab RECID=88332 STAMP=1203775729
deleted backup piece
backup piece handle=3fc90592-511f-4200-aedc-48597064f4c8/RMAN_full_1062634547_BPMPROD_20250614_au3s09qh_1_1.vab RECID=88335 STAMP=1203775313
deleted backup piece
backup piece handle=3fc90592-511f-4200-aedc-48597064f4c8/RMAN_full_1062634547_BPMPROD_20250614_b03s0a9i_2_1.vab RECID=88334 STAMP=1203775797
deleted backup piece
backup piece handle=3fc90592-511f-4200-aedc-48597064f4c8/RMAN_full_1062634547_BPMPROD_20250614_b03s0a9i_1_1.vab RECID=88336 STAMP=1203775794
deleted backup piece
backup piece handle=3fc90592-511f-4200-aedc-48597064f4c8/RMAN_full_1062634547_BPMPROD_20250614_b23s0abn_2_1.vab RECID=88338 STAMP=1203776258
deleted backup piece
backup piece handle=3fc90592-511f-4200-aedc-48597064f4c8/RMAN_full_1062634547_BPMPROD_20250614_b23s0abn_1_1.vab RECID=88337 STAMP=1203775863
deleted backup piece
backup piece handle=3fc90592-511f-4200-aedc-48597064f4c8/RMAN_full_1062634547_BPMPROD_20250614_b43s0ao2_2_1.vab RECID=88339 STAMP=1203776314
deleted backup piece
backup piece handle=3fc90592-511f-4200-aedc-48597064f4c8/RMAN_full_1062634547_BPMPROD_20250614_b43s0ao2_1_1.vab RECID=88340 STAMP=1203776259
deleted backup piece
backup piece handle=3fc90592-511f-4200-aedc-48597064f4c8/RMAN_full_1062634547_BPMPROD_20250614_b63s0aq9_2_1.vab RECID=88341 STAMP=1203776685
deleted backup piece
backup piece handle=3fc90592-511f-4200-aedc-48597064f4c8/RMAN_full_1062634547_BPMPROD_20250614_b63s0aq9_1_1.vab RECID=88343 STAMP=1203776329
deleted backup piece
backup piece handle=3fc90592-511f-4200-aedc-48597064f4c8/RMAN_full_1062634547_BPMPROD_20250614_b83s0b8m_2_1.vab RECID=88342 STAMP=1203776805
deleted backup piece
backup piece handle=3fc90592-511f-4200-aedc-48597064f4c8/RMAN_full_1062634547_BPMPROD_20250614_b83s0b8m_1_1.vab RECID=88344 STAMP=1203776790
deleted backup piece
backup piece handle=3fc90592-511f-4200-aedc-48597064f4c8/RMAN_full_1062634547_BPMPROD_20250614_ba3s0bb6_2_1.vab RECID=88345 STAMP=1203777186
deleted backup piece
backup piece handle=3fc90592-511f-4200-aedc-48597064f4c8/RMAN_full_1062634547_BPMPROD_20250614_ba3s0bb6_1_1.vab RECID=88346 STAMP=1203776871
deleted backup piece
backup piece handle=3fc90592-511f-4200-aedc-48597064f4c8/RMAN_full_1062634547_BPMPROD_20250614_bc3s0blh_2_1.vab RECID=88347 STAMP=1203777337
deleted backup piece
backup piece handle=3fc90592-511f-4200-aedc-48597064f4c8/RMAN_full_1062634547_BPMPROD_20250614_bc3s0blh_1_1.vab RECID=88348 STAMP=1203777202
deleted backup piece
backup piece handle=3fc90592-511f-4200-aedc-48597064f4c8/RMAN_full_1062634547_BPMPROD_20250614_be3s0bq0_2_1.vab RECID=88349 STAMP=1203777720
deleted backup piece
backup piece handle=3fc90592-511f-4200-aedc-48597064f4c8/RMAN_full_1062634547_BPMPROD_20250614_be3s0bq0_1_1.vab RECID=88350 STAMP=1203777344
deleted backup piece
backup piece handle=3fc90592-511f-4200-aedc-48597064f4c8/RMAN_full_1062634547_BPMPROD_20250614_bg3s0c75_2_1.vab RECID=88351 STAMP=1203777791
deleted backup piece
backup piece handle=3fc90592-511f-4200-aedc-48597064f4c8/RMAN_full_1062634547_BPMPROD_20250614_bg3s0c75_1_1.vab RECID=88353 STAMP=1203777765
deleted backup piece
backup piece handle=3fc90592-511f-4200-aedc-48597064f4c8/RMAN_full_1062634547_BPMPROD_20250614_bi3s0cak_2_1.vab RECID=88352 STAMP=1203778072
deleted backup piece
backup piece handle=3fc90592-511f-4200-aedc-48597064f4c8/RMAN_full_1062634547_BPMPROD_20250614_bi3s0cak_1_1.vab RECID=88355 STAMP=1203777876
deleted backup piece
backup piece handle=3fc90592-511f-4200-aedc-48597064f4c8/RMAN_full_1062634547_BPMPROD_20250614_bk3s0clt_2_1.vab RECID=88354 STAMP=1203778332
deleted backup piece
backup piece handle=3fc90592-511f-4200-aedc-48597064f4c8/RMAN_full_1062634547_BPMPROD_20250614_bk3s0clt_1_1.vab RECID=88357 STAMP=1203778237
deleted backup piece
backup piece handle=3fc90592-511f-4200-aedc-48597064f4c8/RMAN_full_1062634547_BPMPROD_20250614_bm3s0cpm_2_1.vab RECID=88356 STAMP=1203778573
deleted backup piece
backup piece handle=3fc90592-511f-4200-aedc-48597064f4c8/RMAN_full_1062634547_BPMPROD_20250614_bm3s0cpm_1_1.vab RECID=88359 STAMP=1203778358
deleted backup piece
backup piece handle=3fc90592-511f-4200-aedc-48597064f4c8/RMAN_full_1062634547_BPMPROD_20250614_bo3s0d32_2_1.vab RECID=88358 STAMP=1203778814
deleted backup piece
backup piece handle=3fc90592-511f-4200-aedc-48597064f4c8/RMAN_full_1062634547_BPMPROD_20250614_bo3s0d32_1_1.vab RECID=88360 STAMP=1203778659
deleted backup piece
backup piece handle=3fc90592-511f-4200-aedc-48597064f4c8/RMAN_full_1062634547_BPMPROD_20250614_bq3s0d9l_2_1.vab RECID=88361 STAMP=1203779055
deleted backup piece
backup piece handle=3fc90592-511f-4200-aedc-48597064f4c8/RMAN_full_1062634547_BPMPROD_20250614_bq3s0d9l_1_1.vab RECID=88363 STAMP=1203778869
deleted backup piece
backup piece handle=3fc90592-511f-4200-aedc-48597064f4c8/RMAN_full_1062634547_BPMPROD_20250614_bs3s0dio_2_1.vab RECID=88362 STAMP=1203779295
deleted backup piece
backup piece handle=3fc90592-511f-4200-aedc-48597064f4c8/RMAN_full_1062634547_BPMPROD_20250614_bs3s0dio_1_1.vab RECID=88365 STAMP=1203779160
deleted backup piece
backup piece handle=3fc90592-511f-4200-aedc-48597064f4c8/RMAN_full_1062634547_BPMPROD_20250614_bu3s0dqs_2_1.vab RECID=88364 STAMP=1203779566
deleted backup piece
backup piece handle=3fc90592-511f-4200-aedc-48597064f4c8/RMAN_full_1062634547_BPMPROD_20250614_bu3s0dqs_1_1.vab RECID=88367 STAMP=1203779420
deleted backup piece
backup piece handle=3fc90592-511f-4200-aedc-48597064f4c8/RMAN_full_1062634547_BPMPROD_20250614_c03s0dvl_2_1.vab RECID=88366 STAMP=1203779788
deleted backup piece
backup piece handle=3fc90592-511f-4200-aedc-48597064f4c8/RMAN_full_1062634547_BPMPROD_20250614_c03s0dvl_1_1.vab RECID=88368 STAMP=1203779573
deleted backup piece
backup piece handle=3fc90592-511f-4200-aedc-48597064f4c8/RMAN_full_1062634547_BPMPROD_20250614_c23s0e92_2_1.vab RECID=88369 STAMP=1203780079
deleted backup piece
backup piece handle=3fc90592-511f-4200-aedc-48597064f4c8/RMAN_full_1062634547_BPMPROD_20250614_c23s0e92_1_1.vab RECID=88370 STAMP=1203779874
deleted backup piece
backup piece handle=3fc90592-511f-4200-aedc-48597064f4c8/RMAN_full_1062634547_BPMPROD_20250614_c43s0efv_2_1.vab RECID=88371 STAMP=1203780290
deleted backup piece
backup piece handle=3fc90592-511f-4200-aedc-48597064f4c8/RMAN_full_1062634547_BPMPROD_20250614_c43s0efv_1_1.vab RECID=88373 STAMP=1203780095
deleted backup piece
backup piece handle=3fc90592-511f-4200-aedc-48597064f4c8/RMAN_full_1062634547_BPMPROD_20250614_c63s0eqt_2_1.vab RECID=88372 STAMP=1203780501
deleted backup piece
backup piece handle=3fc90592-511f-4200-aedc-48597064f4c8/RMAN_full_1062634547_BPMPROD_20250614_c63s0eqt_1_1.vab RECID=88375 STAMP=1203780445
deleted backup piece
backup piece handle=3fc90592-511f-4200-aedc-48597064f4c8/RMAN_full_1062634547_BPMPROD_20250614_c83s0ev0_2_1.vab RECID=88374 STAMP=1203780741
deleted backup piece
backup piece handle=3fc90592-511f-4200-aedc-48597064f4c8/RMAN_full_1062634547_BPMPROD_20250614_c83s0ev0_1_1.vab RECID=88377 STAMP=1203780576
deleted backup piece
backup piece handle=3fc90592-511f-4200-aedc-48597064f4c8/RMAN_full_1062634547_BPMPROD_20250614_ca3s0f7o_2_1.vab RECID=88376 STAMP=1203780982
deleted backup piece
backup piece handle=3fc90592-511f-4200-aedc-48597064f4c8/RMAN_full_1062634547_BPMPROD_20250614_ca3s0f7o_1_1.vab RECID=88378 STAMP=1203780857
deleted backup piece
backup piece handle=3fc90592-511f-4200-aedc-48597064f4c8/RMAN_full_1062634547_BPMPROD_20250614_cc3s0fc5_2_1.vab RECID=88379 STAMP=1203781293
deleted backup piece
backup piece handle=3fc90592-511f-4200-aedc-48597064f4c8/RMAN_full_1062634547_BPMPROD_20250614_cc3s0fc5_1_1.vab RECID=88380 STAMP=1203780997
deleted backup piece
backup piece handle=3fc90592-511f-4200-aedc-48597064f4c8/RMAN_full_1062634547_BPMPROD_20250614_ce3s0fq8_2_1.vab RECID=88381 STAMP=1203781494
deleted backup piece
backup piece handle=3fc90592-511f-4200-aedc-48597064f4c8/RMAN_full_1062634547_BPMPROD_20250614_ce3s0fq8_1_1.vab RECID=88384 STAMP=1203781448
deleted backup piece
backup piece handle=3fc90592-511f-4200-aedc-48597064f4c8/RMAN_full_1062634547_BPMPROD_20250614_cg3s0fuv_2_1.vab RECID=88383 STAMP=1203781834
deleted backup piece
backup piece handle=3fc90592-511f-4200-aedc-48597064f4c8/RMAN_full_1062634547_BPMPROD_20250614_cg3s0fuv_1_1.vab RECID=88385 STAMP=1203781599
deleted backup piece
backup piece handle=3fc90592-511f-4200-aedc-48597064f4c8/RMAN_full_1062634547_BPMPROD_20250614_ci3s0g73_2_1.vab RECID=88382 STAMP=1203781945
deleted backup piece
backup piece handle=3fc90592-511f-4200-aedc-48597064f4c8/RMAN_full_1062634547_BPMPROD_20250614_ci3s0g73_1_1.vab RECID=88386 STAMP=1203781860
deleted backup piece
backup piece handle=3fc90592-511f-4200-aedc-48597064f4c8/RMAN_full_1062634547_BPMPROD_20250614_ck3s0gce_2_1.vab RECID=88388 STAMP=1203782456
deleted backup piece
backup piece handle=3fc90592-511f-4200-aedc-48597064f4c8/RMAN_full_1062634547_BPMPROD_20250614_ck3s0gce_1_1.vab RECID=88389 STAMP=1203782030
deleted backup piece
backup piece handle=3fc90592-511f-4200-aedc-48597064f4c8/RMAN_full_1062634547_BPMPROD_20250614_cm3s0gpv_2_1.vab RECID=88387 STAMP=1203782478
deleted backup piece
backup piece handle=3fc90592-511f-4200-aedc-48597064f4c8/RMAN_full_1062634547_BPMPROD_20250614_cm3s0gpv_1_1.vab RECID=88391 STAMP=1203782463
deleted backup piece
backup piece handle=3fc90592-511f-4200-aedc-48597064f4c8/RMAN_full_1062634547_BPMPROD_20250614_co3s0gvk_2_1.vab RECID=88390 STAMP=1203782729
deleted backup piece
backup piece handle=3fc90592-511f-4200-aedc-48597064f4c8/RMAN_full_1062634547_BPMPROD_20250614_co3s0gvk_1_1.vab RECID=88393 STAMP=1203782644
deleted backup piece
backup piece handle=3fc90592-511f-4200-aedc-48597064f4c8/RMAN_full_1062634547_BPMPROD_20250614_cq3s0hbh_2_1.vab RECID=88392 STAMP=1203783032
deleted backup piece
backup piece handle=3fc90592-511f-4200-aedc-48597064f4c8/RMAN_full_1062634547_BPMPROD_20250614_cq3s0hbh_1_1.vab RECID=88396 STAMP=1203783025
deleted backup piece
backup piece handle=3fc90592-511f-4200-aedc-48597064f4c8/RMAN_full_1062634547_BPMPROD_20250614_cs3s0hbr_2_1.vab RECID=88394 STAMP=1203783301
deleted backup piece
backup piece handle=3fc90592-511f-4200-aedc-48597064f4c8/RMAN_full_1062634547_BPMPROD_20250614_cs3s0hbr_1_1.vab RECID=88395 STAMP=1203783035
deleted backup piece
backup piece handle=3fc90592-511f-4200-aedc-48597064f4c8/RMAN_full_1062634547_BPMPROD_20250614_cu3s0hqs_2_1.vab RECID=88397 STAMP=1203783602
deleted backup piece
backup piece handle=3fc90592-511f-4200-aedc-48597064f4c8/RMAN_full_1062634547_BPMPROD_20250614_cu3s0hqs_1_1.vab RECID=88399 STAMP=1203783517
deleted backup piece
backup piece handle=3fc90592-511f-4200-aedc-48597064f4c8/RMAN_full_1062634547_BPMPROD_20250614_d03s0i0r_2_1.vab RECID=88398 STAMP=1203783893
deleted backup piece
backup piece handle=3fc90592-511f-4200-aedc-48597064f4c8/RMAN_full_1062634547_BPMPROD_20250614_d03s0i0r_1_1.vab RECID=88400 STAMP=1203783707
deleted backup piece
backup piece handle=3fc90592-511f-4200-aedc-48597064f4c8/RMAN_full_1062634547_BPMPROD_20250614_d23s0iai_2_1.vab RECID=88401 STAMP=1203784074
deleted backup piece
backup piece handle=3fc90592-511f-4200-aedc-48597064f4c8/RMAN_full_1062634547_BPMPROD_20250614_d23s0iai_1_1.vab RECID=88402 STAMP=1203784018
deleted backup piece
backup piece handle=3fc90592-511f-4200-aedc-48597064f4c8/RMAN_full_1062634547_BPMPROD_20250614_d43s0icp_2_1.vab RECID=88403 STAMP=1203784495
deleted backup piece
backup piece handle=3fc90592-511f-4200-aedc-48597064f4c8/RMAN_full_1062634547_BPMPROD_20250614_d43s0icp_1_1.vab RECID=88404 STAMP=1203784089
deleted backup piece
backup piece handle=3fc90592-511f-4200-aedc-48597064f4c8/RMAN_full_1062634547_BPMPROD_20250614_d63s0iqi_2_1.vab RECID=88405 STAMP=1203784645
deleted backup piece
backup piece handle=3fc90592-511f-4200-aedc-48597064f4c8/RMAN_full_1062634547_BPMPROD_20250614_d63s0iqi_1_1.vab RECID=88407 STAMP=1203784530
deleted backup piece
backup piece handle=3fc90592-511f-4200-aedc-48597064f4c8/RMAN_full_1062634547_BPMPROD_20250614_d83s0iv8_2_1.vab RECID=88406 STAMP=1203784926
deleted backup piece
backup piece handle=3fc90592-511f-4200-aedc-48597064f4c8/RMAN_full_1062634547_BPMPROD_20250614_d83s0iv8_1_1.vab RECID=88408 STAMP=1203784681
deleted backup piece
backup piece handle=3fc90592-511f-4200-aedc-48597064f4c8/RMAN_full_1062634547_BPMPROD_20250614_da3s0jah_2_1.vab RECID=88409 STAMP=1203785117
deleted backup piece
backup piece handle=3fc90592-511f-4200-aedc-48597064f4c8/RMAN_full_1062634547_BPMPROD_20250614_da3s0jah_1_1.vab RECID=88411 STAMP=1203785042
deleted backup piece
backup piece handle=3fc90592-511f-4200-aedc-48597064f4c8/RMAN_full_1062634547_BPMPROD_20250614_dc3s0jim_2_1.vab RECID=88410 STAMP=1203785518
deleted backup piece
backup piece handle=3fc90592-511f-4200-aedc-48597064f4c8/RMAN_full_1062634547_BPMPROD_20250614_dc3s0jim_1_1.vab RECID=88413 STAMP=1203785303
deleted backup piece
backup piece handle=3fc90592-511f-4200-aedc-48597064f4c8/RMAN_full_1062634547_BPMPROD_20250614_de3s0jrp_2_1.vab RECID=88412 STAMP=1203785648
deleted backup piece
backup piece handle=3fc90592-511f-4200-aedc-48597064f4c8/RMAN_full_1062634547_BPMPROD_20250614_de3s0jrp_1_1.vab RECID=88415 STAMP=1203785593
deleted backup piece
backup piece handle=3fc90592-511f-4200-aedc-48597064f4c8/RMAN_full_1062634547_BPMPROD_20250614_dg3s0jvi_2_1.vab RECID=88414 STAMP=1203786059
deleted backup piece
backup piece handle=3fc90592-511f-4200-aedc-48597064f4c8/RMAN_full_1062634547_BPMPROD_20250614_dg3s0jvi_1_1.vab RECID=88416 STAMP=1203785714
deleted backup piece
backup piece handle=3fc90592-511f-4200-aedc-48597064f4c8/RMAN_full_1062634547_BPMPROD_20250614_di3s0kb5_2_1.vab RECID=88417 STAMP=1203786170
deleted backup piece
backup piece handle=3fc90592-511f-4200-aedc-48597064f4c8/RMAN_full_1062634547_BPMPROD_20250614_di3s0kb5_1_1.vab RECID=88418 STAMP=1203786085
deleted backup piece
backup piece handle=3fc90592-511f-4200-aedc-48597064f4c8/RMAN_full_1062634547_BPMPROD_20250614_dk3s0kl6_2_1.vab RECID=88419 STAMP=1203786641
deleted backup piece
backup piece handle=3fc90592-511f-4200-aedc-48597064f4c8/RMAN_full_1062634547_BPMPROD_20250614_dk3s0kl6_1_1.vab RECID=88421 STAMP=1203786406
deleted backup piece
backup piece handle=3fc90592-511f-4200-aedc-48597064f4c8/RMAN_full_1062634547_BPMPROD_20250614_dm3s0ktb_2_1.vab RECID=88420 STAMP=1203786722
deleted backup piece
backup piece handle=3fc90592-511f-4200-aedc-48597064f4c8/RMAN_full_1062634547_BPMPROD_20250614_dm3s0ktb_1_1.vab RECID=88422 STAMP=1203786667
deleted backup piece
backup piece handle=3fc90592-511f-4200-aedc-48597064f4c8/RMAN_full_1062634547_BPMPROD_20250614_do3s0l0p_2_1.vab RECID=88423 STAMP=1203787003
deleted backup piece
backup piece handle=3fc90592-511f-4200-aedc-48597064f4c8/RMAN_full_1062634547_BPMPROD_20250614_do3s0l0p_1_1.vab RECID=88424 STAMP=1203786777
deleted backup piece
backup piece handle=3fc90592-511f-4200-aedc-48597064f4c8/RMAN_full_1062634547_BPMPROD_20250614_dq3s0lda_2_1.vab RECID=88425 STAMP=1203787194
deleted backup piece
backup piece handle=3fc90592-511f-4200-aedc-48597064f4c8/RMAN_full_1062634547_BPMPROD_20250614_dq3s0lda_1_1.vab RECID=88426 STAMP=1203787178
deleted backup piece
backup piece handle=3fc90592-511f-4200-aedc-48597064f4c8/RMAN_full_1062634547_BPMPROD_20250614_ds3s0lm3_2_1.vab RECID=88427 STAMP=1203787585
deleted backup piece
backup piece handle=3fc90592-511f-4200-aedc-48597064f4c8/RMAN_full_1062634547_BPMPROD_20250614_ds3s0lm3_1_1.vab RECID=88428 STAMP=1203787459
deleted backup piece
backup piece handle=3fc90592-511f-4200-aedc-48597064f4c8/RMAN_full_1062634547_BPMPROD_20250614_du3s0ltk_2_1.vab RECID=88429 STAMP=1203787795
deleted backup piece
backup piece handle=3fc90592-511f-4200-aedc-48597064f4c8/RMAN_full_1062634547_BPMPROD_20250614_du3s0ltk_1_1.vab RECID=88430 STAMP=1203787700
deleted backup piece
backup piece handle=3fc90592-511f-4200-aedc-48597064f4c8/RMAN_full_1062634547_BPMPROD_20250614_e03s0m2a_2_1.vab RECID=88431 STAMP=1203788116
deleted backup piece
backup piece handle=3fc90592-511f-4200-aedc-48597064f4c8/RMAN_full_1062634547_BPMPROD_20250614_e03s0m2a_1_1.vab RECID=88432 STAMP=1203787851
deleted backup piece
backup piece handle=3fc90592-511f-4200-aedc-48597064f4c8/RMAN_full_1062634547_BPMPROD_20250614_e23s0mg4_2_1.vab RECID=88433 STAMP=1203788467
deleted backup piece
backup piece handle=3fc90592-511f-4200-aedc-48597064f4c8/RMAN_full_1062634547_BPMPROD_20250614_e23s0mg4_1_1.vab RECID=88435 STAMP=1203788292
deleted backup piece
backup piece handle=3fc90592-511f-4200-aedc-48597064f4c8/RMAN_full_1062634547_BPMPROD_20250614_e43s0mlq_2_1.vab RECID=88434 STAMP=1203788600
deleted backup piece
backup piece handle=3fc90592-511f-4200-aedc-48597064f4c8/RMAN_full_1062634547_BPMPROD_20250614_e43s0mlq_1_1.vab RECID=88437 STAMP=1203788474
deleted backup piece
backup piece handle=3fc90592-511f-4200-aedc-48597064f4c8/RMAN_full_1062634547_BPMPROD_20250614_e63s0n0f_2_1.vab RECID=88436 STAMP=1203788815
deleted backup piece
backup piece handle=3fc90592-511f-4200-aedc-48597064f4c8/RMAN_full_1062634547_BPMPROD_20250614_e63s0n0f_1_1.vab RECID=88438 STAMP=1203788815
deleted backup piece
backup piece handle=3fc90592-511f-4200-aedc-48597064f4c8/RMAN_full_1062634547_BPMPROD_20250614_e83s0nc7_2_1.vab RECID=88439 STAMP=1203789191
deleted backup piece
backup piece handle=3fc90592-511f-4200-aedc-48597064f4c8/RMAN_full_1062634547_BPMPROD_20250614_e83s0nc7_1_1.vab RECID=88441 STAMP=1203789191
deleted backup piece
backup piece handle=3fc90592-511f-4200-aedc-48597064f4c8/RMAN_full_1062634547_BPMPROD_20250614_ea3s0nc8_2_1.vab RECID=88440 STAMP=1203789428
deleted backup piece
backup piece handle=3fc90592-511f-4200-aedc-48597064f4c8/RMAN_full_1062634547_BPMPROD_20250614_ea3s0nc8_1_1.vab RECID=88443 STAMP=1203789193
deleted backup piece
backup piece handle=3fc90592-511f-4200-aedc-48597064f4c8/RMAN_full_1062634547_BPMPROD_20250614_ec3s0nlb_2_1.vab RECID=88442 STAMP=1203789689
deleted backup piece
backup piece handle=3fc90592-511f-4200-aedc-48597064f4c8/RMAN_full_1062634547_BPMPROD_20250614_ec3s0nlb_1_1.vab RECID=88444 STAMP=1203789484
deleted backup piece
backup piece handle=3fc90592-511f-4200-aedc-48597064f4c8/RMAN_full_1062634547_BPMPROD_20250614_ee3s0o0a_2_1.vab RECID=88445 STAMP=1203790030
deleted backup piece
backup piece handle=3fc90592-511f-4200-aedc-48597064f4c8/RMAN_full_1062634547_BPMPROD_20250614_ee3s0o0a_1_1.vab RECID=88446 STAMP=1203789834
deleted backup piece
backup piece handle=3fc90592-511f-4200-aedc-48597064f4c8/RMAN_full_1062634547_BPMPROD_20250614_eg3s0ogj_2_1.vab RECID=88447 STAMP=1203790357
deleted backup piece
backup piece handle=3fc90592-511f-4200-aedc-48597064f4c8/RMAN_full_1062634547_BPMPROD_20250614_eg3s0ogj_1_1.vab RECID=88449 STAMP=1203790356
deleted backup piece
backup piece handle=3fc90592-511f-4200-aedc-48597064f4c8/RMAN_full_1062634547_BPMPROD_20250614_ei3s0oh4_2_1.vab RECID=88448 STAMP=1203790577
deleted backup piece
backup piece handle=3fc90592-511f-4200-aedc-48597064f4c8/RMAN_full_1062634547_BPMPROD_20250614_ei3s0oh4_1_1.vab RECID=88451 STAMP=1203790372
deleted backup piece
backup piece handle=3fc90592-511f-4200-aedc-48597064f4c8/RMAN_full_1062634547_BPMPROD_20250614_ek3s0op8_2_1.vab RECID=88450 STAMP=1203790898
deleted backup piece
backup piece handle=3fc90592-511f-4200-aedc-48597064f4c8/RMAN_full_1062634547_BPMPROD_20250614_ek3s0op8_1_1.vab RECID=88452 STAMP=1203790632
deleted backup piece
backup piece handle=3fc90592-511f-4200-aedc-48597064f4c8/RMAN_full_1062634547_BPMPROD_20250614_em3s0p55_2_1.vab RECID=88453 STAMP=1203791299
deleted backup piece
backup piece handle=3fc90592-511f-4200-aedc-48597064f4c8/RMAN_full_1062634547_BPMPROD_20250614_em3s0p55_1_1.vab RECID=88454 STAMP=1203791013
deleted backup piece
backup piece handle=3fc90592-511f-4200-aedc-48597064f4c8/RMAN_full_1062634547_BPMPROD_20250614_eo3s0pik_2_1.vab RECID=88455 STAMP=1203791530
deleted backup piece
backup piece handle=3fc90592-511f-4200-aedc-48597064f4c8/RMAN_full_1062634547_BPMPROD_20250614_eo3s0pik_1_1.vab RECID=88456 STAMP=1203791444
deleted backup piece
backup piece handle=3fc90592-511f-4200-aedc-48597064f4c8/RMAN_full_1062634547_BPMPROD_20250614_eq3s0pla_2_1.vab RECID=88457 STAMP=1203791846
deleted backup piece
backup piece handle=3fc90592-511f-4200-aedc-48597064f4c8/RMAN_full_1062634547_BPMPROD_20250614_eq3s0pla_1_1.vab RECID=88458 STAMP=1203791530
deleted backup piece
backup piece handle=3fc90592-511f-4200-aedc-48597064f4c8/RMAN_full_1062634547_BPMPROD_20250614_es3s0q59_2_1.vab RECID=88459 STAMP=1203792176
deleted backup piece
backup piece handle=3fc90592-511f-4200-aedc-48597064f4c8/RMAN_full_1062634547_BPMPROD_20250614_es3s0q59_1_1.vab RECID=88462 STAMP=1203792041
deleted backup piece
backup piece handle=3fc90592-511f-4200-aedc-48597064f4c8/RMAN_full_1062634547_BPMPROD_20250614_eu3s0qc6_2_1.vab RECID=88460 STAMP=1203792477
deleted backup piece
backup piece handle=3fc90592-511f-4200-aedc-48597064f4c8/RMAN_full_1062634547_BPMPROD_20250614_eu3s0qc6_1_1.vab RECID=88463 STAMP=1203792262
deleted backup piece
backup piece handle=3fc90592-511f-4200-aedc-48597064f4c8/RMAN_full_1062634547_BPMPROD_20250614_f03s0qku_2_1.vab RECID=88461 STAMP=1203792708
deleted backup piece
backup piece handle=3fc90592-511f-4200-aedc-48597064f4c8/RMAN_full_1062634547_BPMPROD_20250614_f03s0qku_1_1.vab RECID=88464 STAMP=1203792542
deleted backup piece
backup piece handle=3fc90592-511f-4200-aedc-48597064f4c8/RMAN_full_1062634547_BPMPROD_20250614_f23s0qul_2_1.vab RECID=88465 STAMP=1203793119
deleted backup piece
backup piece handle=3fc90592-511f-4200-aedc-48597064f4c8/RMAN_full_1062634547_BPMPROD_20250614_f23s0qul_1_1.vab RECID=88467 STAMP=1203792853
deleted backup piece
backup piece handle=3fc90592-511f-4200-aedc-48597064f4c8/RMAN_full_1062634547_BPMPROD_20250614_f43s0rdc_2_1.vab RECID=88466 STAMP=1203793360
deleted backup piece
backup piece handle=3fc90592-511f-4200-aedc-48597064f4c8/RMAN_full_1062634547_BPMPROD_20250614_f43s0rdc_1_1.vab RECID=88469 STAMP=1203793325
deleted backup piece
backup piece handle=3fc90592-511f-4200-aedc-48597064f4c8/RMAN_full_1062634547_BPMPROD_20250614_f63s0rft_2_1.vab RECID=88468 STAMP=1203793741
deleted backup piece
backup piece handle=3fc90592-511f-4200-aedc-48597064f4c8/RMAN_full_1062634547_BPMPROD_20250614_f63s0rft_1_1.vab RECID=88470 STAMP=1203793405
deleted backup piece
backup piece handle=3fc90592-511f-4200-aedc-48597064f4c8/RMAN_full_1062634547_BPMPROD_20250614_f83s0rs4_2_1.vab RECID=88471 STAMP=1203794052
deleted backup piece
backup piece handle=3fc90592-511f-4200-aedc-48597064f4c8/RMAN_full_1062634547_BPMPROD_20250614_f83s0rs4_1_1.vab RECID=88473 STAMP=1203793796
deleted backup piece
backup piece handle=3fc90592-511f-4200-aedc-48597064f4c8/RMAN_full_1062634547_BPMPROD_20250614_fa3s0s4j_2_1.vab RECID=88472 STAMP=1203794372
deleted backup piece
backup piece handle=3fc90592-511f-4200-aedc-48597064f4c8/RMAN_full_1062634547_BPMPROD_20250614_fa3s0s4j_1_1.vab RECID=88474 STAMP=1203794067
deleted backup piece
backup piece handle=3fc90592-511f-4200-aedc-48597064f4c8/RMAN_full_1062634547_BPMPROD_20250614_fc3s0sl6_2_1.vab RECID=88475 STAMP=1203794653
deleted backup piece
backup piece handle=3fc90592-511f-4200-aedc-48597064f4c8/RMAN_full_1062634547_BPMPROD_20250614_fc3s0sl6_1_1.vab RECID=88478 STAMP=1203794598
deleted backup piece
backup piece handle=3fc90592-511f-4200-aedc-48597064f4c8/RMAN_full_1062634547_BPMPROD_20250614_fe3s0snc_2_1.vab RECID=88476 STAMP=1203794944
deleted backup piece
backup piece handle=3fc90592-511f-4200-aedc-48597064f4c8/RMAN_full_1062634547_BPMPROD_20250614_fe3s0snc_1_1.vab RECID=88479 STAMP=1203794668
deleted backup piece
backup piece handle=3fc90592-511f-4200-aedc-48597064f4c8/RMAN_full_1062634547_BPMPROD_20250614_fg3s0t47_2_1.vab RECID=88477 STAMP=1203795185
deleted backup piece
backup piece handle=3fc90592-511f-4200-aedc-48597064f4c8/RMAN_full_1062634547_BPMPROD_20250614_fg3s0t47_1_1.vab RECID=88481 STAMP=1203795079
deleted backup piece
backup piece handle=3fc90592-511f-4200-aedc-48597064f4c8/RMAN_full_1062634547_BPMPROD_20250614_fi3s0tdu_2_1.vab RECID=88480 STAMP=1203795585
deleted backup piece
backup piece handle=3fc90592-511f-4200-aedc-48597064f4c8/RMAN_full_1062634547_BPMPROD_20250614_fi3s0tdu_1_1.vab RECID=88485 STAMP=1203795390
deleted backup piece
backup piece handle=3fc90592-511f-4200-aedc-48597064f4c8/RMAN_full_1062634547_BPMPROD_20250614_fk3s0tn1_2_1.vab RECID=88482 STAMP=1203795926
deleted backup piece
backup piece handle=3fc90592-511f-4200-aedc-48597064f4c8/RMAN_full_1062634547_BPMPROD_20250614_fk3s0tn1_1_1.vab RECID=88487 STAMP=1203795681
deleted backup piece
backup piece handle=3fc90592-511f-4200-aedc-48597064f4c8/RMAN_full_1062634547_BPMPROD_20250614_fm3s0u3r_2_1.vab RECID=88483 STAMP=1203796167
deleted backup piece
backup piece handle=3fc90592-511f-4200-aedc-48597064f4c8/RMAN_full_1062634547_BPMPROD_20250614_fm3s0u3r_1_1.vab RECID=88492 STAMP=1203796091
deleted backup piece
backup piece handle=3fc90592-511f-4200-aedc-48597064f4c8/RMAN_full_1062634547_BPMPROD_20250614_fo3s0u7u_2_1.vab RECID=88484 STAMP=1203796367
deleted backup piece
backup piece handle=3fc90592-511f-4200-aedc-48597064f4c8/RMAN_full_1062634547_BPMPROD_20250614_fo3s0u7u_1_1.vab RECID=88490 STAMP=1203796222
deleted backup piece
backup piece handle=3fc90592-511f-4200-aedc-48597064f4c8/RMAN_full_1062634547_BPMPROD_20250614_fq3s0uhl_2_1.vab RECID=88486 STAMP=1203796568
deleted backup piece
backup piece handle=3fc90592-511f-4200-aedc-48597064f4c8/RMAN_full_1062634547_BPMPROD_20250614_fq3s0uhl_1_1.vab RECID=88494 STAMP=1203796533
deleted backup piece
backup piece handle=3fc90592-511f-4200-aedc-48597064f4c8/RMAN_full_1062634547_BPMPROD_20250614_fs3s0unk_2_1.vab RECID=88488 STAMP=1203796759
deleted backup piece
backup piece handle=3fc90592-511f-4200-aedc-48597064f4c8/RMAN_full_1062634547_BPMPROD_20250614_fs3s0unk_1_1.vab RECID=88500 STAMP=1203796724
deleted backup piece
backup piece handle=3fc90592-511f-4200-aedc-48597064f4c8/RMAN_full_1062634547_BPMPROD_20250614_fu3s0usk_2_1.vab RECID=88489 STAMP=1203797000
deleted backup piece
backup piece handle=3fc90592-511f-4200-aedc-48597064f4c8/RMAN_full_1062634547_BPMPROD_20250614_fu3s0usk_1_1.vab RECID=88496 STAMP=1203796884
deleted backup piece
backup piece handle=3fc90592-511f-4200-aedc-48597064f4c8/RMAN_full_1062634547_BPMPROD_20250614_g03s0v0n_2_1.vab RECID=88491 STAMP=1203797361
deleted backup piece
backup piece handle=3fc90592-511f-4200-aedc-48597064f4c8/RMAN_full_1062634547_BPMPROD_20250614_g03s0v0n_1_1.vab RECID=88498 STAMP=1203797015
deleted backup piece
backup piece handle=3fc90592-511f-4200-aedc-48597064f4c8/RMAN_full_1062634547_BPMPROD_20250614_g23s0vca_2_1.vab RECID=88493 STAMP=1203797411
deleted backup piece
backup piece handle=3fc90592-511f-4200-aedc-48597064f4c8/RMAN_full_1062634547_BPMPROD_20250614_g23s0vca_1_1.vab RECID=88520 STAMP=1203797386
deleted backup piece
backup piece handle=3fc90592-511f-4200-aedc-48597064f4c8/RMAN_full_1062634547_BPMPROD_20250614_g43s0vdi_2_1.vab RECID=88495 STAMP=1203797732
deleted backup piece
backup piece handle=3fc90592-511f-4200-aedc-48597064f4c8/RMAN_full_1062634547_BPMPROD_20250614_g43s0vdi_1_1.vab RECID=88514 STAMP=1203797427
deleted backup piece
backup piece handle=3fc90592-511f-4200-aedc-48597064f4c8/RMAN_full_1062634547_BPMPROD_20250614_g63s0vnt_2_1.vab RECID=88497 STAMP=1203797873
deleted backup piece
backup piece handle=3fc90592-511f-4200-aedc-48597064f4c8/RMAN_full_1062634547_BPMPROD_20250614_g63s0vnt_1_1.vab RECID=88502 STAMP=1203797757
deleted backup piece
backup piece handle=3fc90592-511f-4200-aedc-48597064f4c8/RMAN_full_1062634547_BPMPROD_20250614_g83s0vs0_2_1.vab RECID=88499 STAMP=1203798013
deleted backup piece
backup piece handle=3fc90592-511f-4200-aedc-48597064f4c8/RMAN_full_1062634547_BPMPROD_20250614_g83s0vs0_1_1.vab RECID=88504 STAMP=1203797888
deleted backup piece
backup piece handle=3fc90592-511f-4200-aedc-48597064f4c8/RMAN_full_1062634547_BPMPROD_20250614_ga3s100c_2_1.vab RECID=88501 STAMP=1203798084
deleted backup piece
backup piece handle=3fc90592-511f-4200-aedc-48597064f4c8/RMAN_full_1062634547_BPMPROD_20250614_ga3s100c_1_1.vab RECID=88522 STAMP=1203798029
deleted backup piece
backup piece handle=3fc90592-511f-4200-aedc-48597064f4c8/RMAN_full_1062634547_BPMPROD_20250614_gc3s102t_2_1.vab RECID=88503 STAMP=1203798214
deleted backup piece
backup piece handle=3fc90592-511f-4200-aedc-48597064f4c8/RMAN_full_1062634547_BPMPROD_20250614_gc3s102t_1_1.vab RECID=88519 STAMP=1203798109
deleted backup piece
backup piece handle=3fc90592-511f-4200-aedc-48597064f4c8/RMAN_full_1062634547_BPMPROD_20250614_ge3s106l_2_1.vab RECID=88505 STAMP=1203798315
deleted backup piece
backup piece handle=3fc90592-511f-4200-aedc-48597064f4c8/RMAN_full_1062634547_BPMPROD_20250614_ge3s106l_1_1.vab RECID=88506 STAMP=1203798229
deleted backup piece
backup piece handle=3fc90592-511f-4200-aedc-48597064f4c8/RMAN_full_1062634547_BPMPROD_20250614_gg3s109q_2_1.vab RECID=88507 STAMP=1203798345
deleted backup piece
backup piece handle=3fc90592-511f-4200-aedc-48597064f4c8/RMAN_full_1062634547_BPMPROD_20250614_gg3s109q_1_1.vab RECID=88508 STAMP=1203798330
deleted backup piece
backup piece handle=3fc90592-511f-4200-aedc-48597064f4c8/RMAN_full_1062634547_BPMPROD_20250614_gi3s10ao_2_1.vab RECID=88510 STAMP=1203798466
deleted backup piece
backup piece handle=3fc90592-511f-4200-aedc-48597064f4c8/RMAN_full_1062634547_BPMPROD_20250614_gi3s10ao_1_1.vab RECID=88509 STAMP=1203798360
deleted backup piece
backup piece handle=3fc90592-511f-4200-aedc-48597064f4c8/RMAN_full_1062634547_BPMPROD_20250614_gk3s10e9_2_1.vab RECID=88511 STAMP=1203798488
deleted backup piece
backup piece handle=3fc90592-511f-4200-aedc-48597064f4c8/RMAN_full_1062634547_BPMPROD_20250614_gk3s10e9_1_1.vab RECID=88512 STAMP=1203798473
deleted backup piece
backup piece handle=3fc90592-511f-4200-aedc-48597064f4c8/RMAN_full_1062634547_BPMPROD_20250614_gm3s10f7_2_1.vab RECID=88513 STAMP=1203798559
deleted backup piece
backup piece handle=3fc90592-511f-4200-aedc-48597064f4c8/RMAN_full_1062634547_BPMPROD_20250614_gm3s10f7_1_1.vab RECID=88515 STAMP=1203798503
deleted backup piece
backup piece handle=3fc90592-511f-4200-aedc-48597064f4c8/RMAN_full_1062634547_BPMPROD_20250614_go3s10he_2_1.vab RECID=88516 STAMP=1203798581
deleted backup piece
backup piece handle=3fc90592-511f-4200-aedc-48597064f4c8/RMAN_full_1062634547_BPMPROD_20250614_go3s10he_1_1.vab RECID=88517 STAMP=1203798574
deleted backup piece
backup piece handle=3fc90592-511f-4200-aedc-48597064f4c8/RMAN_full_1062634547_BPMPROD_20250614_gq3s10i4_2_1.vab RECID=88518 STAMP=1203798597
deleted backup piece
backup piece handle=3fc90592-511f-4200-aedc-48597064f4c8/RMAN_full_1062634547_BPMPROD_20250614_gq3s10i4_1_1.vab RECID=88521 STAMP=1203798596
deleted backup piece
backup piece handle=3fc90592-511f-4200-aedc-48597064f4c8/RMAN_full_1062634547_BPMPROD_20250614_gs3s10ik_2_1.vab RECID=88523 STAMP=1203798612
deleted backup piece
backup piece handle=3fc90592-511f-4200-aedc-48597064f4c8/RMAN_full_1062634547_BPMPROD_20250614_gs3s10ik_1_1.vab RECID=88525 STAMP=1203798612
deleted backup piece
backup piece handle=3fc90592-511f-4200-aedc-48597064f4c8/RMAN_full_1062634547_BPMPROD_20250614_gu3s10j3_2_1.vab RECID=88526 STAMP=1203798642
deleted backup piece
backup piece handle=3fc90592-511f-4200-aedc-48597064f4c8/RMAN_full_1062634547_BPMPROD_20250614_gu3s10j3_1_1.vab RECID=88532 STAMP=1203798627
deleted backup piece
backup piece handle=3fc90592-511f-4200-aedc-48597064f4c8/RMAN_full_1062634547_BPMPROD_20250614_h03s10jj_2_1.vab RECID=88524 STAMP=1203798698
deleted backup piece
backup piece handle=3fc90592-511f-4200-aedc-48597064f4c8/RMAN_full_1062634547_BPMPROD_20250614_h03s10jj_1_1.vab RECID=88535 STAMP=1203798643
deleted backup piece
backup piece handle=3fc90592-511f-4200-aedc-48597064f4c8/RMAN_full_1062634547_BPMPROD_20250614_h23s112k_2_1.vab RECID=88527 STAMP=1203799340
deleted backup piece
backup piece handle=3fc90592-511f-4200-aedc-48597064f4c8/RMAN_full_1062634547_BPMPROD_20250614_h23s112k_1_1.vab RECID=88528 STAMP=1203799124
deleted backup piece
backup piece handle=3fc90592-511f-4200-aedc-48597064f4c8/RMAN_full_1062634547_BPMPROD_20250614_h43s11ff_2_1.vab RECID=88529 STAMP=1203799661
deleted backup piece
backup piece handle=3fc90592-511f-4200-aedc-48597064f4c8/RMAN_full_1062634547_BPMPROD_20250614_h43s11ff_1_1.vab RECID=88530 STAMP=1203799535
deleted backup piece
backup piece handle=3fc90592-511f-4200-aedc-48597064f4c8/RMAN_full_1062634547_BPMPROD_20250614_h63s11nk_2_1.vab RECID=88534 STAMP=1203800062
deleted backup piece
backup piece handle=3fc90592-511f-4200-aedc-48597064f4c8/RMAN_full_1062634547_BPMPROD_20250614_h63s11nk_1_1.vab RECID=88538 STAMP=1203799797
deleted backup piece
backup piece handle=3fc90592-511f-4200-aedc-48597064f4c8/RMAN_full_1062634547_BPMPROD_20250614_h83s1201_2_1.vab RECID=88531 STAMP=1203800431
deleted backup piece
backup piece handle=3fc90592-511f-4200-aedc-48597064f4c8/RMAN_full_1062634547_BPMPROD_20250614_h83s1201_1_1.vab RECID=88540 STAMP=1203800065
deleted backup piece
backup piece handle=3fc90592-511f-4200-aedc-48597064f4c8/RMAN_full_1062634547_BPMPROD_20250614_ha3s12c8_2_1.vab RECID=88533 STAMP=1203800471
deleted backup piece
backup piece handle=3fc90592-511f-4200-aedc-48597064f4c8/RMAN_full_1062634547_BPMPROD_20250614_ha3s12c8_1_1.vab RECID=88546 STAMP=1203800456
deleted backup piece
backup piece handle=3fc90592-511f-4200-aedc-48597064f4c8/RMAN_full_1062634547_BPMPROD_20250614_hc3s12dr_2_1.vab RECID=88536 STAMP=1203800612
deleted backup piece
backup piece handle=3fc90592-511f-4200-aedc-48597064f4c8/RMAN_full_1062634547_BPMPROD_20250614_hc3s12dr_1_1.vab RECID=88544 STAMP=1203800507
deleted backup piece
backup piece handle=3fc90592-511f-4200-aedc-48597064f4c8/RMAN_full_1062634547_BPMPROD_20250614_he3s12h4_2_1.vab RECID=88537 STAMP=1203800627
deleted backup piece
backup piece handle=3fc90592-511f-4200-aedc-48597064f4c8/RMAN_full_1062634547_BPMPROD_20250614_he3s12h4_1_1.vab RECID=88543 STAMP=1203800612
deleted backup piece
backup piece handle=3fc90592-511f-4200-aedc-48597064f4c8/RMAN_full_1062634547_BPMPROD_20250614_hg3s12i2_2_1.vab RECID=88539 STAMP=1203800920
deleted backup piece
backup piece handle=3fc90592-511f-4200-aedc-48597064f4c8/RMAN_full_1062634547_BPMPROD_20250614_hg3s12i2_1_1.vab RECID=88542 STAMP=1203800644
deleted backup piece
backup piece handle=3fc90592-511f-4200-aedc-48597064f4c8/RMAN_full_1062634547_BPMPROD_20250614_hi3s12rr_2_1.vab RECID=88541 STAMP=1203801160
deleted backup piece
backup piece handle=3fc90592-511f-4200-aedc-48597064f4c8/RMAN_full_1062634547_BPMPROD_20250614_hi3s12rr_1_1.vab RECID=88545 STAMP=1203800955
deleted backup piece
backup piece handle=3fc90592-511f-4200-aedc-48597064f4c8/RMAN_full_1062634547_BPMPROD_20250614_hk3s132o_1_1.vab RECID=88552 STAMP=1203801176
deleted backup piece
backup piece handle=3fc90592-511f-4200-aedc-48597064f4c8/RMAN_full_1062634547_BPMPROD_20250614_hl3s136v_2_1.vab RECID=88547 STAMP=1203801397
deleted backup piece
backup piece handle=3fc90592-511f-4200-aedc-48597064f4c8/RMAN_full_1062634547_BPMPROD_20250614_hl3s136v_1_1.vab RECID=88550 STAMP=1203801311
deleted backup piece
backup piece handle=3fc90592-511f-4200-aedc-48597064f4c8/RMAN_full_1062634547_BPMPROD_20250614_hn3s13f4_2_1.vab RECID=88549 STAMP=1203801575
deleted backup piece
backup piece handle=3fc90592-511f-4200-aedc-48597064f4c8/RMAN_full_1062634547_BPMPROD_20250614_hn3s13f4_1_1.vab RECID=88553 STAMP=1203801572
deleted backup piece
backup piece handle=3fc90592-511f-4200-aedc-48597064f4c8/RMAN_full_1062634547_BPMPROD_20250614_hp3s13hs_2_1.vab RECID=88548 STAMP=1203801816
deleted backup piece
backup piece handle=3fc90592-511f-4200-aedc-48597064f4c8/RMAN_full_1062634547_BPMPROD_20250614_hp3s13hs_1_1.vab RECID=88551 STAMP=1203801660
deleted backup piece
backup piece handle=3fc90592-511f-4200-aedc-48597064f4c8/RMAN_full_1062634547_BPMPROD_20250614_hr3s13vb_1_1.vab RECID=88557 STAMP=1203802092
deleted backup piece
backup piece handle=3fc90592-511f-4200-aedc-48597064f4c8/RMAN_full_1062634547_BPMPROD_20250614_hs3s140f_1_1.vab RECID=88561 STAMP=1203802127
deleted backup piece
backup piece handle=3fc90592-511f-4200-aedc-48597064f4c8/RMAN_full_1062634547_BPMPROD_20250614_ht3s142q_2_1.vab RECID=88554 STAMP=1203802528
deleted backup piece
backup piece handle=3fc90592-511f-4200-aedc-48597064f4c8/RMAN_full_1062634547_BPMPROD_20250614_ht3s142q_1_1.vab RECID=88556 STAMP=1203802202
deleted backup piece
backup piece handle=3fc90592-511f-4200-aedc-48597064f4c8/RMAN_full_1062634547_BPMPROD_20250614_hv3s14e3_2_1.vab RECID=88555 STAMP=1203802628
deleted backup piece
backup piece handle=3fc90592-511f-4200-aedc-48597064f4c8/RMAN_full_1062634547_BPMPROD_20250614_hv3s14e3_1_1.vab RECID=88562 STAMP=1203802563
deleted backup piece
backup piece handle=3fc90592-511f-4200-aedc-48597064f4c8/RMAN_full_1062634547_BPMPROD_20250614_i13s14g4_1_1.vab RECID=88564 STAMP=1203802628
deleted backup piece
backup piece handle=3fc90592-511f-4200-aedc-48597064f4c8/RMAN_full_1062634547_BPMPROD_20250614_i23s14if_1_1.vab RECID=88558 STAMP=1203802704
deleted backup piece
backup piece handle=3fc90592-511f-4200-aedc-48597064f4c8/RMAN_full_1062634547_BPMPROD_20250614_i33s14sb_1_1.vab RECID=88563 STAMP=1203803020
deleted backup piece
backup piece handle=3fc90592-511f-4200-aedc-48597064f4c8/RMAN_full_1062634547_BPMPROD_20250614_i43s155t_2_1.vab RECID=88559 STAMP=1203803421
deleted backup piece
backup piece handle=3fc90592-511f-4200-aedc-48597064f4c8/RMAN_full_1062634547_BPMPROD_20250614_i43s155t_1_1.vab RECID=88565 STAMP=1203803325
deleted backup piece
backup piece handle=3fc90592-511f-4200-aedc-48597064f4c8/RMAN_full_1062634547_BPMPROD_20250614_i63s15aa_1_1.vab RECID=88560 STAMP=1203803467
deleted backup piece
backup piece handle=3fc90592-511f-4200-aedc-48597064f4c8/RMAN_full_1062634547_BPMPROD_20250614_i73s16u3_1_1.vab RECID=88566 STAMP=1203805123
deleted backup piece
backup piece handle=3fc90592-511f-4200-aedc-48597064f4c8/RMAN_full_1062634547_BPMPROD_20250614_i83s16un_1_1.vab RECID=88570 STAMP=1203805143
deleted backup piece
backup piece handle=3fc90592-511f-4200-aedc-48597064f4c8/RMAN_full_1062634547_BPMPROD_20250614_i93s16un_1_1.vab RECID=88569 STAMP=1203805143
deleted backup piece
backup piece handle=3fc90592-511f-4200-aedc-48597064f4c8/RMAN_full_1062634547_BPMPROD_20250614_ia3s16un_1_1.vab RECID=88568 STAMP=1203805143
deleted backup piece
backup piece handle=3fc90592-511f-4200-aedc-48597064f4c8/RMAN_full_1062634547_BPMPROD_20250614_ib3s16un_1_1.vab RECID=88571 STAMP=1203805143
deleted backup piece
backup piece handle=3fc90592-511f-4200-aedc-48597064f4c8/RMAN_full_1062634547_BPMPROD_20250614_ic3s16un_1_1.vab RECID=88567 STAMP=1203805143
deleted backup piece
backup piece handle=3fc90592-511f-4200-aedc-48597064f4c8/RMAN_full_1062634547_BPMPROD_20250614_id3s173j_1_1.vab RECID=88572 STAMP=1203805300
deleted backup piece
backup piece handle=3fc90592-511f-4200-aedc-48597064f4c8/RMAN_full_1062634547_BPMPROD_20250614_ie3s174r_1_1.vab RECID=88573 STAMP=1203805339
deleted backup piece
backup piece handle=3fc90592-511f-4200-aedc-48597064f4c8/RMAN_full_1062634547_BPMPROD_20250614_if3s174r_1_1.vab RECID=88578 STAMP=1203805339
deleted backup piece
backup piece handle=3fc90592-511f-4200-aedc-48597064f4c8/RMAN_full_1062634547_BPMPROD_20250614_ig3s174r_1_1.vab RECID=88576 STAMP=1203805339
deleted backup piece
backup piece handle=3fc90592-511f-4200-aedc-48597064f4c8/RMAN_full_1062634547_BPMPROD_20250614_ih3s174r_1_1.vab RECID=88575 STAMP=1203805339
deleted backup piece
backup piece handle=3fc90592-511f-4200-aedc-48597064f4c8/RMAN_full_1062634547_BPMPROD_20250614_ii3s174r_1_1.vab RECID=88577 STAMP=1203805339
deleted backup piece
backup piece handle=3fc90592-511f-4200-aedc-48597064f4c8/RMAN_full_1062634547_BPMPROD_20250614_ij3s174r_1_1.vab RECID=88574 STAMP=1203805339
deleted backup piece
backup piece handle=3fc90592-511f-4200-aedc-48597064f4c8/RMAN_incr_1062634547_BPMPROD_20250708_393u1n6q_1_1.vab RECID=90080 STAMP=1205918940
deleted backup piece
backup piece handle=3fc90592-511f-4200-aedc-48597064f4c8/RMAN_incr_1062634547_BPMPROD_20250708_3a3u1n6r_1_1.vab RECID=90081 STAMP=1205918941
deleted backup piece
backup piece handle=3fc90592-511f-4200-aedc-48597064f4c8/RMAN_incr_1062634547_BPMPROD_20250708_3b3u1n6s_1_1.vab RECID=90082 STAMP=1205918942
deleted backup piece
backup piece handle=3fc90592-511f-4200-aedc-48597064f4c8/RMAN_incr_1062634547_BPMPROD_20250708_3c3u1n6t_1_1.vab RECID=90083 STAMP=1205918943
deleted backup piece
backup piece handle=3fc90592-511f-4200-aedc-48597064f4c8/RMAN_incr_1062634547_BPMPROD_20250708_3d3u1p7g_1_1.vab RECID=90085 STAMP=1205921010
deleted backup piece
backup piece handle=3fc90592-511f-4200-aedc-48597064f4c8/RMAN_incr_1062634547_BPMPROD_20250708_3e3u1p7i_1_1.vab RECID=90086 STAMP=1205921012
deleted backup piece
backup piece handle=3fc90592-511f-4200-aedc-48597064f4c8/RMAN_incr_1062634547_BPMPROD_20250708_3f3u1p9a_1_1.vab RECID=90084 STAMP=1205921067
deleted backup piece
backup piece handle=3fc90592-511f-4200-aedc-48597064f4c8/RMAN_incr_1062634547_BPMPROD_20250708_3g3u1qch_1_1.vab RECID=90087 STAMP=1205922193
deleted backup piece
backup piece handle=3fc90592-511f-4200-aedc-48597064f4c8/RMAN_incr_1062634547_BPMPROD_20250708_3h3u1qd5_1_1.vab RECID=90090 STAMP=1205922213
deleted backup piece
backup piece handle=3fc90592-511f-4200-aedc-48597064f4c8/RMAN_incr_1062634547_BPMPROD_20250708_3i3u1qd5_1_1.vab RECID=90089 STAMP=1205922213
deleted backup piece
backup piece handle=3fc90592-511f-4200-aedc-48597064f4c8/RMAN_incr_1062634547_BPMPROD_20250708_3j3u1qd5_1_1.vab RECID=90088 STAMP=1205922213
deleted backup piece
backup piece handle=3fc90592-511f-4200-aedc-48597064f4c8/RMAN_incr_1062634547_BPMPROD_20250708_3k3u1qdk_1_1.vab RECID=90091 STAMP=1205922229
deleted backup piece
backup piece handle=3fc90592-511f-4200-aedc-48597064f4c8/RMAN_incr_1062634547_BPMPROD_20250708_3l3u1qe9_1_1.vab RECID=90093 STAMP=1205922249
deleted backup piece
backup piece handle=3fc90592-511f-4200-aedc-48597064f4c8/RMAN_incr_1062634547_BPMPROD_20250708_3m3u1qe9_1_1.vab RECID=90095 STAMP=1205922249
deleted backup piece
backup piece handle=3fc90592-511f-4200-aedc-48597064f4c8/RMAN_incr_1062634547_BPMPROD_20250708_3n3u1qe9_1_1.vab RECID=90096 STAMP=1205922249
deleted backup piece
backup piece handle=3fc90592-511f-4200-aedc-48597064f4c8/RMAN_incr_1062634547_BPMPROD_20250708_3o3u1qe9_1_1.vab RECID=90092 STAMP=1205922249
deleted backup piece
backup piece handle=3fc90592-511f-4200-aedc-48597064f4c8/RMAN_incr_1062634547_BPMPROD_20250708_3p3u1qgb_1_1.vab RECID=90094 STAMP=1205922315
Deleted 671 objects


RMAN> 

List of Backup Sets
===================


BS Key  Type LV Size       Device Type Elapsed Time Completion Time
------- ---- -- ---------- ----------- ------------ ---------------
52125   Full    8.00M      SBT_TAPE    00:00:08     13-JUL-25      
        BP Key: 90769   Status: AVAILABLE  Compressed: YES  Tag: FULL_BPMPROD_12072025_11H57
        Handle: 3fc90592-511f-4200-aedc-48597064f4c8/RMAN_full_1062634547_BPMPROD_20250713_pc3ufs6t_1_1.vab   Media: {3fc90592-511f-4200-aedc-48597064f4c8}
        Keep: BACKUP_LOGS        Until: 12-AUG-25      
  SPFILE Included: Modification time: 09-JUL-25
  SPFILE db_unique_name: BPMPROD

BS Key  Type LV Size       Device Type Elapsed Time Completion Time
------- ---- -- ---------- ----------- ------------ ---------------
52146   Full    8.00M      SBT_TAPE    00:00:09     15-JUL-25      
        BP Key: 90790   Status: AVAILABLE  Compressed: YES  Tag: FULL_BPMPROD_12072025_11H57
        Handle: 3fc90592-511f-4200-aedc-48597064f4c8/RMAN_incr_1062634547_BPMPROD_20250715_q13ul8j4_1_1.vab   Media: {3fc90592-511f-4200-aedc-48597064f4c8}
        Keep: BACKUP_LOGS        Until: 22-JUL-25      
  SPFILE Included: Modification time: 15-JUL-25
  SPFILE db_unique_name: BPMPROD

RMAN> 

List of Backup Sets
===================


BS Key  Type LV Size       Device Type Elapsed Time Completion Time
------- ---- -- ---------- ----------- ------------ ---------------
52120   Incr 0  16.00M     SBT_TAPE    00:00:26     13-JUL-25      
        BP Key: 90763   Status: AVAILABLE  Compressed: YES  Tag: FULL_BPMPROD_12072025_11H57
        Handle: 3fc90592-511f-4200-aedc-48597064f4c8/RMAN_full_1062634547_BPMPROD_20250713_pb3ufqp1_1_1.vab   Media: {3fc90592-511f-4200-aedc-48597064f4c8}
        Keep: BACKUP_LOGS        Until: 11-AUG-25      
  Control File Included: Ckp SCN: 43055726317   Ckp time: 13-JUL-25

BS Key  Type LV Size       Device Type Elapsed Time Completion Time
------- ---- -- ---------- ----------- ------------ ---------------
52132   Full    16.00M     SBT_TAPE    00:00:11     13-JUL-25      
        BP Key: 90776   Status: AVAILABLE  Compressed: YES  Tag: FULL_BPMPROD_12072025_11H57
        Handle: 3fc90592-511f-4200-aedc-48597064f4c8/RMAN_full_1062634547_BPMPROD_20250713_pj3ufs99_1_1.vab   Media: {3fc90592-511f-4200-aedc-48597064f4c8}
        Keep: BACKUP_LOGS        Until: 12-AUG-25      
  Control File Included: Ckp SCN: 43055740933   Ckp time: 13-JUL-25

BS Key  Type LV Size       Device Type Elapsed Time Completion Time
------- ---- -- ---------- ----------- ------------ ---------------
52143   Incr 1  16.00M     SBT_TAPE    00:00:07     15-JUL-25      
        BP Key: 90787   Status: AVAILABLE  Compressed: YES  Tag: FULL_BPMPROD_12072025_11H57
        Handle: 3fc90592-511f-4200-aedc-48597064f4c8/RMAN_incr_1062634547_BPMPROD_20250715_q03ul6mk_1_1.vab   Media: {3fc90592-511f-4200-aedc-48597064f4c8}
        Keep: BACKUP_LOGS        Until: 22-JUL-25      
  Control File Included: Ckp SCN: 43062728276   Ckp time: 15-JUL-25

BS Key  Type LV Size       Device Type Elapsed Time Completion Time
------- ---- -- ---------- ----------- ------------ ---------------
52150   Full    16.00M     SBT_TAPE    00:00:08     15-JUL-25      
        BP Key: 90794   Status: AVAILABLE  Compressed: YES  Tag: FULL_BPMPROD_12072025_11H57
        Handle: 3fc90592-511f-4200-aedc-48597064f4c8/RMAN_incr_1062634547_BPMPROD_20250715_q53ul8k8_1_1.vab   Media: {3fc90592-511f-4200-aedc-48597064f4c8}
        Keep: BACKUP_LOGS        Until: 22-JUL-25      
  Control File Included: Ckp SCN: 43062750347   Ckp time: 15-JUL-25

RMAN> 

Recovery Manager complete.
