
Recovery Manager: Release 11.2.0.4.0 - Production on Tue Jun 24 18:01:12 2025

Copyright (c) 1982, 2011, Oracle and/or its affiliates.  All rights reserved.

RMAN> 
connected to target database: BPMPROD (DBID=1062634547)

RMAN> 2> 3> 4> 5> 6> 7> 8> 9> 10> 11> 12> 13> 
using target database control file instead of recovery catalog
allocated channel: ch1
channel ch1: SID=2022 instance=bpmprod1 device type=SBT_TAPE
channel ch1: Veeam Plug-in for Oracle RMAN

allocated channel: ch2
channel ch2: SID=10 instance=bpmprod1 device type=SBT_TAPE
channel ch2: Veeam Plug-in for Oracle RMAN

allocated channel: ch3
channel ch3: SID=604 instance=bpmprod1 device type=SBT_TAPE
channel ch3: Veeam Plug-in for Oracle RMAN

allocated channel: ch4
channel ch4: SID=858 instance=bpmprod1 device type=SBT_TAPE
channel ch4: Veeam Plug-in for Oracle RMAN

Starting backup at 24-JUN-25
current log archived

backup will be obsolete on date 01-JUL-25
archived logs required to recover from this backup will be backed up
channel ch1: starting compressed incremental level 1 datafile backup set
channel ch1: specifying datafile(s) in backup set
input datafile file number=00003 name=+DG_BPMPROD/bpmprod/datafile/dev_soainfra.282.1049770611
input datafile file number=00032 name=+DG_BPMPROD/bpmprod/datafile/dev_soainfra.278.1049770511
input datafile file number=00043 name=+DG_BPMPROD/bpmprod/datafile/dev_soainfra.289.1049770719
input datafile file number=00060 name=+DG_BPMPROD/bpmprod/datafile/dev_soainfra.331.1062347901
input datafile file number=00071 name=+DG_BPMPROD/bpmprod/datafile/dev_soainfra.342.1076433771
input datafile file number=00077 name=+DG_BPMPROD/bpmprod/datafile/dev_soainfra.348.1077816593
input datafile file number=00084 name=+DG_BPMPROD/bpmprod/datafile/dev_soainfra.355.1080818017
input datafile file number=00008 name=+DG_BPMPROD/bpmprod/datafile/dev_soainfra.266.1049770169
input datafile file number=00025 name=+DG_BPMPROD/bpmprod/datafile/dev_soainfra.272.1049770345
input datafile file number=00090 name=+DG_BPMPROD/bpmprod/datafile/dev_soainfra.361.1102163103
input datafile file number=00096 name=+DG_BPMPROD/bpmprod/datafile/dev_soainfra.367.1104403307
input datafile file number=00102 name=+DG_BPMPROD/bpmprod/datafile/dev_soainfra.373.1106154679
input datafile file number=00108 name=+DG_BPMPROD/bpmprod/datafile/dev_soainfra.379.1111922515
input datafile file number=00114 name=+DG_BPMPROD/bpmprod/datafile/dev_soainfra.385.1113998247
input datafile file number=00121 name=+DG_BPMPROD/bpmprod/datafile/dev_soainfra.392.1118066009
input datafile file number=00127 name=+DG_BPMPROD/bpmprod/datafile/dev_soainfra.398.1119526149
input datafile file number=00135 name=+DG_BPMPROD/bpmprod/datafile/dev_soainfra.406.1123427521
input datafile file number=00143 name=+DG_BPMPROD/bpmprod/datafile/dev_soainfra.414.1131473315
input datafile file number=00149 name=+DG_BPMPROD/bpmprod/datafile/dev_soainfra.420.1132576255
input datafile file number=00179 name=+DG_BPMPROD/bpmprod/datafile/dev_soainfra.450.1144503405
input datafile file number=00033 name=+DG_BPMPROD/bpmprod/datafile/dev_soainfra.281.1049770567
input datafile file number=00005 name=+DG_BPMPROD/bpmprod/datafile/dev_soainfra.283.1049770613
input datafile file number=00024 name=+DG_BPMPROD/bpmprod/datafile/dev_soainfra.277.1049770455
input datafile file number=00158 name=+DG_BPMPROD/bpmprod/datafile/dev_soainfra.429.1138724211
input datafile file number=00164 name=+DG_BPMPROD/bpmprod/datafile/dev_soainfra.435.1139412757
input datafile file number=00173 name=+DG_BPMPROD/bpmprod/datafile/dev_soainfra.444.1144315011
input datafile file number=00182 name=+DG_BPMPROD/bpmprod/datafile/dev_soainfra.453.1145178987
input datafile file number=00188 name=+DG_BPMPROD/bpmprod/datafile/dev_soainfra.459.1146243651
input datafile file number=00195 name=+DG_BPMPROD/bpmprod/datafile/dev_soainfra.466.1149178029
input datafile file number=00205 name=+DG_BPMPROD/bpmprod/datafile/dev_soainfra.476.1152979823
input datafile file number=00211 name=+DG_BPMPROD/bpmprod/datafile/dev_soainfra.482.1153990705
input datafile file number=00217 name=+DG_BPMPROD/bpmprod/datafile/dev_soainfra.488.1154702627
input datafile file number=00223 name=+DG_BPMPROD/bpmprod/datafile/dev_soainfra.494.1155920139
input datafile file number=00230 name=+DG_BPMPROD/bpmprod/datafile/dev_soainfra.501.1157380621
input datafile file number=00236 name=+DG_BPMPROD/bpmprod/datafile/dev_soainfra.507.1158658089
input datafile file number=00242 name=+DG_BPMPROD/bpmprod/datafile/dev_soainfra.513.1159870583
input datafile file number=00249 name=+DG_BPMPROD/bpmprod/datafile/dev_soainfra.520.1162977673
input datafile file number=00255 name=+DG_BPMPROD/bpmprod/datafile/dev_soainfra.526.1163498001
input datafile file number=00263 name=+DG_BPMPROD/bpmprod/datafile/dev_soainfra.534.1164532637
input datafile file number=00269 name=+DG_BPMPROD/bpmprod/datafile/dev_soainfra.540.1166443257
input datafile file number=00275 name=+DG_BPMPROD/bpmprod/datafile/dev_soainfra.546.1168965725
input datafile file number=00281 name=+DG_BPMPROD/bpmprod/datafile/dev_soainfra.552.1169630773
input datafile file number=00287 name=+DG_BPMPROD/bpmprod/datafile/dev_soainfra.558.1169661921
input datafile file number=00293 name=+DG_BPMPROD/bpmprod/datafile/dev_soainfra.564.1170696047
input datafile file number=00299 name=+DG_BPMPROD/bpmprod/datafile/dev_soainfra.570.1171623659
input datafile file number=00305 name=+DG_BPMPROD/bpmprod/datafile/dev_soainfra.576.1173952539
input datafile file number=00311 name=+DG_BPMPROD/bpmprod/datafile/dev_soainfra.582.1176801245
input datafile file number=00328 name=+DG_BPMPROD/bpmprod/datafile/dev_soainfra.599.1183888491
input datafile file number=00336 name=+DG_BPMPROD/bpmprod/datafile/dev_soainfra.607.1196005039
input datafile file number=00342 name=+DG_BPMPROD/bpmprod/datafile/dev_soainfra.613.1201706517
input datafile file number=00318 name=+DG_BPMPROD/bpmprod/datafile/dev_soainfra.589.1178794427
input datafile file number=00131 name=+DG_BPMPROD/bpmprod/datafile/dev_soainfra.402.1121446825
input datafile file number=00229 name=+DG_BPMPROD/bpmprod/datafile/dev_soainfra.500.1157216479
input datafile file number=00323 name=+DG_BPMPROD/bpmprod/datafile/dev_soainfra.594.1180004555
input datafile file number=00002 name=+DG_BPMPROD/bpmprod/datafile/sysaux.307.1049771805
input datafile file number=00021 name=+DG_BPMPROD/bpmprod/datafile/sysaux.308.1049771805
input datafile file number=00007 name=+DG_BPMPROD/bpmprod/datafile/dev_mds.261.1049769735
input datafile file number=00004 name=+DG_BPMPROD/bpmprod/datafile/users.256.1049769513
input datafile file number=00006 name=+DG_BPMPROD/bpmprod/datafile/dev_ias_orasdpm.258.1049769645
input datafile file number=00019 name=+DG_BPMPROD/bpmprod/datafile/dev_ias_orasdpm.259.1049769645
input datafile file number=00038 name=+DG_BPMPROD/bpmprod/datafile/users.257.1049769513
input datafile file number=00325 name=+DG_BPMPROD/bpmprod/datafile/dev_soainfra.596.1180004601
channel ch1: starting piece 1 at 24-JUN-25
channel ch2: starting compressed incremental level 1 datafile backup set
channel ch2: specifying datafile(s) in backup set
input datafile file number=00029 name=+DG_BPMPROD/bpmprod/datafile/dev_soainfra.265.1049770113
input datafile file number=00041 name=+DG_BPMPROD/bpmprod/datafile/dev_soainfra.287.1049770683
input datafile file number=00057 name=+DG_BPMPROD/bpmprod/datafile/dev_soainfra.328.1062151141
input datafile file number=00069 name=+DG_BPMPROD/bpmprod/datafile/dev_soainfra.340.1075197919
input datafile file number=00075 name=+DG_BPMPROD/bpmprod/datafile/dev_soainfra.346.1077816571
input datafile file number=00081 name=+DG_BPMPROD/bpmprod/datafile/dev_soainfra.352.1079275455
input datafile file number=00088 name=+DG_BPMPROD/bpmprod/datafile/dev_soainfra.359.1083342183
input datafile file number=00015 name=+DG_BPMPROD/bpmprod/datafile/dev_soainfra.270.1049770279
input datafile file number=00048 name=+DG_BPMPROD/bpmprod/datafile/dev_soainfra.275.1049770401
input datafile file number=00094 name=+DG_BPMPROD/bpmprod/datafile/dev_soainfra.365.1103987593
input datafile file number=00100 name=+DG_BPMPROD/bpmprod/datafile/dev_soainfra.371.1106069051
input datafile file number=00106 name=+DG_BPMPROD/bpmprod/datafile/dev_soainfra.377.1110360673
input datafile file number=00112 name=+DG_BPMPROD/bpmprod/datafile/dev_soainfra.383.1112429471
input datafile file number=00118 name=+DG_BPMPROD/bpmprod/datafile/dev_soainfra.389.1114680133
input datafile file number=00125 name=+DG_BPMPROD/bpmprod/datafile/dev_soainfra.396.1119517527
input datafile file number=00133 name=+DG_BPMPROD/bpmprod/datafile/dev_soainfra.404.1121525975
input datafile file number=00139 name=+DG_BPMPROD/bpmprod/datafile/dev_soainfra.410.1125653213
input datafile file number=00147 name=+DG_BPMPROD/bpmprod/datafile/dev_soainfra.418.1132277337
input datafile file number=00171 name=+DG_BPMPROD/bpmprod/datafile/dev_soainfra.442.1144311631
input datafile file number=00321 name=+DG_BPMPROD/bpmprod/datafile/dev_soainfra.592.1179917243
input datafile file number=00052 name=+DG_BPMPROD/bpmprod/datafile/dev_soainfra.274.1049770401
input datafile file number=00053 name=+DG_BPMPROD/bpmprod/datafile/dev_soainfra.276.1049770455
input datafile file number=00152 name=+DG_BPMPROD/bpmprod/datafile/dev_soainfra.423.1136051015
input datafile file number=00155 name=+DG_BPMPROD/bpmprod/datafile/dev_soainfra.426.1138096773
input datafile file number=00161 name=+DG_BPMPROD/bpmprod/datafile/dev_soainfra.432.1139412139
input datafile file number=00168 name=+DG_BPMPROD/bpmprod/datafile/dev_soainfra.439.1143022439
input datafile file number=00176 name=+DG_BPMPROD/bpmprod/datafile/dev_soainfra.447.1144315545
input datafile file number=00185 name=+DG_BPMPROD/bpmprod/datafile/dev_soainfra.456.1146043435
input datafile file number=00191 name=+DG_BPMPROD/bpmprod/datafile/dev_soainfra.462.1147598247
input datafile file number=00198 name=+DG_BPMPROD/bpmprod/datafile/dev_soainfra.469.1149263787
input datafile file number=00208 name=+DG_BPMPROD/bpmprod/datafile/dev_soainfra.479.1153051959
input datafile file number=00214 name=+DG_BPMPROD/bpmprod/datafile/dev_soainfra.485.1154078419
input datafile file number=00220 name=+DG_BPMPROD/bpmprod/datafile/dev_soainfra.491.1155311655
input datafile file number=00226 name=+DG_BPMPROD/bpmprod/datafile/dev_soainfra.497.1156614903
input datafile file number=00233 name=+DG_BPMPROD/bpmprod/datafile/dev_soainfra.504.1158054439
input datafile file number=00239 name=+DG_BPMPROD/bpmprod/datafile/dev_soainfra.510.1159004285
input datafile file number=00245 name=+DG_BPMPROD/bpmprod/datafile/dev_soainfra.516.1161359517
input datafile file number=00252 name=+DG_BPMPROD/bpmprod/datafile/dev_soainfra.523.1163439923
input datafile file number=00259 name=+DG_BPMPROD/bpmprod/datafile/dev_soainfra.530.1164298381
input datafile file number=00266 name=+DG_BPMPROD/bpmprod/datafile/dev_soainfra.537.1166442097
input datafile file number=00272 name=+DG_BPMPROD/bpmprod/datafile/dev_soainfra.543.1168249561
input datafile file number=00278 name=+DG_BPMPROD/bpmprod/datafile/dev_soainfra.549.1168966291
input datafile file number=00284 name=+DG_BPMPROD/bpmprod/datafile/dev_soainfra.555.1169655485
input datafile file number=00290 name=+DG_BPMPROD/bpmprod/datafile/dev_soainfra.561.1170692587
input datafile file number=00296 name=+DG_BPMPROD/bpmprod/datafile/dev_soainfra.567.1171623377
input datafile file number=00302 name=+DG_BPMPROD/bpmprod/datafile/dev_soainfra.573.1173184931
input datafile file number=00308 name=+DG_BPMPROD/bpmprod/datafile/dev_soainfra.579.1175599265
input datafile file number=00316 name=+DG_BPMPROD/bpmprod/datafile/dev_soainfra.587.1177667375
input datafile file number=00333 name=+DG_BPMPROD/bpmprod/datafile/dev_soainfra.604.1188469983
input datafile file number=00339 name=+DG_BPMPROD/bpmprod/datafile/dev_soainfra.610.1197548381
input datafile file number=00036 name=+DG_BPMPROD/bpmprod/datafile/dev_soainfra.280.1049770567
input datafile file number=00322 name=+DG_BPMPROD/bpmprod/datafile/dev_soainfra.593.1180003917
input datafile file number=00199 name=+DG_BPMPROD/bpmprod/datafile/dev_soainfra.470.1151927449
input datafile file number=00065 name=+DG_BPMPROD/bpmprod/datafile/sysaux.336.1074071607
input datafile file number=00324 name=+DG_BPMPROD/bpmprod/datafile/dev_soainfra.595.1180004575
channel ch2: starting piece 1 at 24-JUN-25
channel ch3: starting compressed incremental level 1 datafile backup set
channel ch3: specifying datafile(s) in backup set
input datafile file number=00031 name=+DG_BPMPROD/bpmprod/datafile/dev_soainfra.284.1049770647
input datafile file number=00042 name=+DG_BPMPROD/bpmprod/datafile/dev_soainfra.288.1049770717
input datafile file number=00058 name=+DG_BPMPROD/bpmprod/datafile/dev_soainfra.329.1062151219
input datafile file number=00070 name=+DG_BPMPROD/bpmprod/datafile/dev_soainfra.341.1075198033
input datafile file number=00076 name=+DG_BPMPROD/bpmprod/datafile/dev_soainfra.347.1077816573
input datafile file number=00082 name=+DG_BPMPROD/bpmprod/datafile/dev_soainfra.353.1079275455
input datafile file number=00089 name=+DG_BPMPROD/bpmprod/datafile/dev_soainfra.360.1083342201
input datafile file number=00023 name=+DG_BPMPROD/bpmprod/datafile/dev_soainfra.271.1049770279
input datafile file number=00056 name=+DG_BPMPROD/bpmprod/datafile/dev_soainfra.322.1054390155
input datafile file number=00095 name=+DG_BPMPROD/bpmprod/datafile/dev_soainfra.366.1104394989
input datafile file number=00101 name=+DG_BPMPROD/bpmprod/datafile/dev_soainfra.372.1106134475
input datafile file number=00107 name=+DG_BPMPROD/bpmprod/datafile/dev_soainfra.378.1110639105
input datafile file number=00113 name=+DG_BPMPROD/bpmprod/datafile/dev_soainfra.384.1113998169
input datafile file number=00119 name=+DG_BPMPROD/bpmprod/datafile/dev_soainfra.390.1118064259
input datafile file number=00126 name=+DG_BPMPROD/bpmprod/datafile/dev_soainfra.397.1119517677
input datafile file number=00134 name=+DG_BPMPROD/bpmprod/datafile/dev_soainfra.405.1122825053
input datafile file number=00142 name=+DG_BPMPROD/bpmprod/datafile/dev_soainfra.413.1128959437
input datafile file number=00148 name=+DG_BPMPROD/bpmprod/datafile/dev_soainfra.419.1132277363
input datafile file number=00172 name=+DG_BPMPROD/bpmprod/datafile/dev_soainfra.443.1144311681
input datafile file number=00140 name=+DG_BPMPROD/bpmprod/datafile/dev_soainfra.411.1126875341
input datafile file number=00141 name=+DG_BPMPROD/bpmprod/datafile/dev_soainfra.412.1126875397
input datafile file number=00064 name=+DG_BPMPROD/bpmprod/datafile/dev_soainfra.335.1071825573
input datafile file number=00153 name=+DG_BPMPROD/bpmprod/datafile/dev_soainfra.424.1136051079
input datafile file number=00156 name=+DG_BPMPROD/bpmprod/datafile/dev_soainfra.427.1138096837
input datafile file number=00162 name=+DG_BPMPROD/bpmprod/datafile/dev_soainfra.433.1139412345
input datafile file number=00169 name=+DG_BPMPROD/bpmprod/datafile/dev_soainfra.440.1143039403
input datafile file number=00177 name=+DG_BPMPROD/bpmprod/datafile/dev_soainfra.448.1144315765
input datafile file number=00186 name=+DG_BPMPROD/bpmprod/datafile/dev_soainfra.457.1146240733
input datafile file number=00193 name=+DG_BPMPROD/bpmprod/datafile/dev_soainfra.464.1148204835
input datafile file number=00203 name=+DG_BPMPROD/bpmprod/datafile/dev_soainfra.474.1152874737
input datafile file number=00209 name=+DG_BPMPROD/bpmprod/datafile/dev_soainfra.480.1153990569
input datafile file number=00215 name=+DG_BPMPROD/bpmprod/datafile/dev_soainfra.486.1154699029
input datafile file number=00221 name=+DG_BPMPROD/bpmprod/datafile/dev_soainfra.492.1155311723
input datafile file number=00227 name=+DG_BPMPROD/bpmprod/datafile/dev_soainfra.498.1156614975
input datafile file number=00234 name=+DG_BPMPROD/bpmprod/datafile/dev_soainfra.505.1158054501
input datafile file number=00240 name=+DG_BPMPROD/bpmprod/datafile/dev_soainfra.511.1159607577
input datafile file number=00246 name=+DG_BPMPROD/bpmprod/datafile/dev_soainfra.517.1161361631
input datafile file number=00253 name=+DG_BPMPROD/bpmprod/datafile/dev_soainfra.524.1163439999
input datafile file number=00260 name=+DG_BPMPROD/bpmprod/datafile/dev_soainfra.531.1164298425
input datafile file number=00267 name=+DG_BPMPROD/bpmprod/datafile/dev_soainfra.538.1166443127
input datafile file number=00273 name=+DG_BPMPROD/bpmprod/datafile/dev_soainfra.544.1168963197
input datafile file number=00279 name=+DG_BPMPROD/bpmprod/datafile/dev_soainfra.550.1168966607
input datafile file number=00285 name=+DG_BPMPROD/bpmprod/datafile/dev_soainfra.556.1169655539
input datafile file number=00291 name=+DG_BPMPROD/bpmprod/datafile/dev_soainfra.562.1170695901
input datafile file number=00297 name=+DG_BPMPROD/bpmprod/datafile/dev_soainfra.568.1171623421
input datafile file number=00303 name=+DG_BPMPROD/bpmprod/datafile/dev_soainfra.574.1173184999
input datafile file number=00309 name=+DG_BPMPROD/bpmprod/datafile/dev_soainfra.580.1175599327
input datafile file number=00320 name=+DG_BPMPROD/bpmprod/datafile/dev_soainfra.591.1179480937
input datafile file number=00334 name=+DG_BPMPROD/bpmprod/datafile/dev_soainfra.605.1188470093
input datafile file number=00340 name=+DG_BPMPROD/bpmprod/datafile/dev_soainfra.611.1197548435
input datafile file number=00120 name=+DG_BPMPROD/bpmprod/datafile/dev_soainfra.391.1118064389
input datafile file number=00327 name=+DG_BPMPROD/bpmprod/datafile/dev_soainfra.598.1182593139
input datafile file number=00181 name=+DG_BPMPROD/bpmprod/datafile/dev_soainfra.452.1144936523
input datafile file number=00200 name=+DG_BPMPROD/bpmprod/datafile/dev_soainfra.471.1151927517
channel ch3: starting piece 1 at 24-JUN-25
channel ch4: starting compressed incremental level 1 datafile backup set
channel ch4: specifying datafile(s) in backup set
input datafile file number=00028 name=+DG_BPMPROD/bpmprod/datafile/dev_soainfra.264.1049770113
input datafile file number=00040 name=+DG_BPMPROD/bpmprod/datafile/dev_soainfra.296.1049770871
input datafile file number=00051 name=+DG_BPMPROD/bpmprod/datafile/dev_soainfra.295.1049770825
input datafile file number=00068 name=+DG_BPMPROD/bpmprod/datafile/dev_soainfra.339.1075197919
input datafile file number=00074 name=+DG_BPMPROD/bpmprod/datafile/dev_soainfra.345.1077816571
input datafile file number=00080 name=+DG_BPMPROD/bpmprod/datafile/dev_soainfra.351.1079275453
input datafile file number=00087 name=+DG_BPMPROD/bpmprod/datafile/dev_soainfra.358.1081338327
input datafile file number=00014 name=+DG_BPMPROD/bpmprod/datafile/dev_soainfra.269.1049770225
input datafile file number=00046 name=+DG_BPMPROD/bpmprod/datafile/dev_soainfra.321.1054390099
input datafile file number=00093 name=+DG_BPMPROD/bpmprod/datafile/dev_soainfra.364.1103987379
input datafile file number=00099 name=+DG_BPMPROD/bpmprod/datafile/dev_soainfra.370.1106069019
input datafile file number=00105 name=+DG_BPMPROD/bpmprod/datafile/dev_soainfra.376.1106388275
input datafile file number=00111 name=+DG_BPMPROD/bpmprod/datafile/dev_soainfra.382.1112429409
input datafile file number=00117 name=+DG_BPMPROD/bpmprod/datafile/dev_soainfra.388.1114680073
input datafile file number=00124 name=+DG_BPMPROD/bpmprod/datafile/dev_soainfra.395.1118652693
input datafile file number=00132 name=+DG_BPMPROD/bpmprod/datafile/dev_soainfra.403.1121446867
input datafile file number=00138 name=+DG_BPMPROD/bpmprod/datafile/dev_soainfra.409.1125653157
input datafile file number=00146 name=+DG_BPMPROD/bpmprod/datafile/dev_soainfra.417.1132078675
input datafile file number=00166 name=+DG_BPMPROD/bpmprod/datafile/dev_soainfra.437.1143015841
input datafile file number=00317 name=+DG_BPMPROD/bpmprod/datafile/dev_soainfra.588.1178405953
input datafile file number=00067 name=+DG_BPMPROD/bpmprod/datafile/dev_soainfra.338.1075192965
input datafile file number=00063 name=+DG_BPMPROD/bpmprod/datafile/dev_soainfra.334.1071825573
input datafile file number=00083 name=+DG_BPMPROD/bpmprod/datafile/dev_soainfra.354.1080225989
input datafile file number=00159 name=+DG_BPMPROD/bpmprod/datafile/dev_soainfra.430.1138724255
input datafile file number=00165 name=+DG_BPMPROD/bpmprod/datafile/dev_soainfra.436.1142165763
input datafile file number=00174 name=+DG_BPMPROD/bpmprod/datafile/dev_soainfra.445.1144315155
input datafile file number=00183 name=+DG_BPMPROD/bpmprod/datafile/dev_soainfra.454.1145785139
input datafile file number=00189 name=+DG_BPMPROD/bpmprod/datafile/dev_soainfra.460.1146993577
input datafile file number=00196 name=+DG_BPMPROD/bpmprod/datafile/dev_soainfra.467.1149178091
input datafile file number=00206 name=+DG_BPMPROD/bpmprod/datafile/dev_soainfra.477.1152980345
input datafile file number=00212 name=+DG_BPMPROD/bpmprod/datafile/dev_soainfra.483.1153990759
input datafile file number=00218 name=+DG_BPMPROD/bpmprod/datafile/dev_soainfra.489.1154776959
input datafile file number=00224 name=+DG_BPMPROD/bpmprod/datafile/dev_soainfra.495.1155920469
input datafile file number=00231 name=+DG_BPMPROD/bpmprod/datafile/dev_soainfra.502.1157380765
input datafile file number=00237 name=+DG_BPMPROD/bpmprod/datafile/dev_soainfra.508.1158658129
input datafile file number=00243 name=+DG_BPMPROD/bpmprod/datafile/dev_soainfra.514.1161341509
input datafile file number=00250 name=+DG_BPMPROD/bpmprod/datafile/dev_soainfra.521.1163324303
input datafile file number=00257 name=+DG_BPMPROD/bpmprod/datafile/dev_soainfra.528.1164297829
input datafile file number=00264 name=+DG_BPMPROD/bpmprod/datafile/dev_soainfra.535.1164532677
input datafile file number=00270 name=+DG_BPMPROD/bpmprod/datafile/dev_soainfra.541.1166443455
input datafile file number=00276 name=+DG_BPMPROD/bpmprod/datafile/dev_soainfra.547.1168965799
input datafile file number=00282 name=+DG_BPMPROD/bpmprod/datafile/dev_soainfra.553.1169655317
input datafile file number=00288 name=+DG_BPMPROD/bpmprod/datafile/dev_soainfra.559.1170678277
input datafile file number=00294 name=+DG_BPMPROD/bpmprod/datafile/dev_soainfra.565.1171532067
input datafile file number=00300 name=+DG_BPMPROD/bpmprod/datafile/dev_soainfra.571.1172393549
input datafile file number=00306 name=+DG_BPMPROD/bpmprod/datafile/dev_soainfra.577.1173952635
input datafile file number=00314 name=+DG_BPMPROD/bpmprod/datafile/dev_soainfra.585.1177667239
input datafile file number=00329 name=+DG_BPMPROD/bpmprod/datafile/dev_soainfra.600.1184490697
input datafile file number=00337 name=+DG_BPMPROD/bpmprod/datafile/dev_soainfra.608.1196005165
input datafile file number=00201 name=+DG_BPMPROD/bpmprod/datafile/dev_soainfra.472.1152838783
input datafile file number=00256 name=+DG_BPMPROD/bpmprod/datafile/dev_soainfra.527.1164274301
input datafile file number=00331 name=+DG_BPMPROD/bpmprod/datafile/dev_soainfra.602.1185121219
input datafile file number=00312 name=+DG_BPMPROD/bpmprod/datafile/dev_soainfra.583.1177002033
input datafile file number=00313 name=+DG_BPMPROD/bpmprod/datafile/dev_soainfra.584.1177002425
channel ch4: starting piece 1 at 24-JUN-25
channel ch3: finished piece 1 at 24-JUN-25
piece handle=3fc90592-511f-4200-aedc-48597064f4c8/RMAN_incr_1062634547_BPMPROD_20250624_9m3sr3k4_1_1.vab tag=FULL_BPMPROD_20062025_23H44 comment=API Version 2.0,MMS Version 12.3.0.54
channel ch3: backup set complete, elapsed time: 00:47:47
channel ch3: starting compressed incremental level 1 datafile backup set
channel ch3: specifying datafile(s) in backup set
input datafile file number=00026 name=+DG_BPMPROD/bpmprod/datafile/dev_soainfra.262.1049770057
input datafile file number=00037 name=+DG_BPMPROD/bpmprod/datafile/dev_soainfra.285.1049770647
input datafile file number=00044 name=+DG_BPMPROD/bpmprod/datafile/dev_soainfra.290.1049770753
input datafile file number=00061 name=+DG_BPMPROD/bpmprod/datafile/dev_soainfra.332.1062348867
input datafile file number=00072 name=+DG_BPMPROD/bpmprod/datafile/dev_soainfra.343.1076433837
input datafile file number=00078 name=+DG_BPMPROD/bpmprod/datafile/dev_soainfra.349.1079275425
input datafile file number=00085 name=+DG_BPMPROD/bpmprod/datafile/dev_soainfra.356.1080818017
input datafile file number=00012 name=+DG_BPMPROD/bpmprod/datafile/dev_soainfra.267.1049770169
input datafile file number=00030 name=+DG_BPMPROD/bpmprod/datafile/dev_soainfra.273.1049770345
input datafile file number=00091 name=+DG_BPMPROD/bpmprod/datafile/dev_soainfra.362.1102163153
input datafile file number=00097 name=+DG_BPMPROD/bpmprod/datafile/dev_soainfra.368.1105437259
input datafile file number=00103 name=+DG_BPMPROD/bpmprod/datafile/dev_soainfra.374.1106210039
input datafile file number=00109 name=+DG_BPMPROD/bpmprod/datafile/dev_soainfra.380.1111922579
input datafile file number=00115 name=+DG_BPMPROD/bpmprod/datafile/dev_soainfra.386.1114000629
input datafile file number=00122 name=+DG_BPMPROD/bpmprod/datafile/dev_soainfra.393.1118650135
input datafile file number=00128 name=+DG_BPMPROD/bpmprod/datafile/dev_soainfra.399.1119526191
input datafile file number=00136 name=+DG_BPMPROD/bpmprod/datafile/dev_soainfra.407.1125653123
input datafile file number=00144 name=+DG_BPMPROD/bpmprod/datafile/dev_soainfra.415.1131473361
input datafile file number=00150 name=+DG_BPMPROD/bpmprod/datafile/dev_soainfra.421.1133256631
input datafile file number=00180 name=+DG_BPMPROD/bpmprod/datafile/dev_soainfra.451.1144503593
input datafile file number=00034 name=+DG_BPMPROD/bpmprod/datafile/dev_soainfra.294.1049770825
input datafile file number=00047 name=+DG_BPMPROD/bpmprod/datafile/dev_soainfra.291.1049770753
input datafile file number=00202 name=+DG_BPMPROD/bpmprod/datafile/dev_soainfra.473.1152838865
input datafile file number=00157 name=+DG_BPMPROD/bpmprod/datafile/dev_soainfra.428.1138724169
input datafile file number=00163 name=+DG_BPMPROD/bpmprod/datafile/dev_soainfra.434.1139412489
input datafile file number=00170 name=+DG_BPMPROD/bpmprod/datafile/dev_soainfra.441.1143039491
input datafile file number=00178 name=+DG_BPMPROD/bpmprod/datafile/dev_soainfra.449.1144335065
input datafile file number=00187 name=+DG_BPMPROD/bpmprod/datafile/dev_soainfra.458.1146240805
input datafile file number=00194 name=+DG_BPMPROD/bpmprod/datafile/dev_soainfra.465.1148555903
input datafile file number=00204 name=+DG_BPMPROD/bpmprod/datafile/dev_soainfra.475.1152979773
input datafile file number=00210 name=+DG_BPMPROD/bpmprod/datafile/dev_soainfra.481.1153990619
input datafile file number=00216 name=+DG_BPMPROD/bpmprod/datafile/dev_soainfra.487.1154699081
input datafile file number=00222 name=+DG_BPMPROD/bpmprod/datafile/dev_soainfra.493.1155900889
input datafile file number=00228 name=+DG_BPMPROD/bpmprod/datafile/dev_soainfra.499.1157191173
input datafile file number=00235 name=+DG_BPMPROD/bpmprod/datafile/dev_soainfra.506.1158054547
input datafile file number=00241 name=+DG_BPMPROD/bpmprod/datafile/dev_soainfra.512.1159607679
input datafile file number=00247 name=+DG_BPMPROD/bpmprod/datafile/dev_soainfra.518.1161361761
input datafile file number=00254 name=+DG_BPMPROD/bpmprod/datafile/dev_soainfra.525.1163440059
input datafile file number=00262 name=+DG_BPMPROD/bpmprod/datafile/dev_soainfra.533.1164532577
input datafile file number=00268 name=+DG_BPMPROD/bpmprod/datafile/dev_soainfra.539.1166443191
input datafile file number=00274 name=+DG_BPMPROD/bpmprod/datafile/dev_soainfra.545.1168965563
input datafile file number=00280 name=+DG_BPMPROD/bpmprod/datafile/dev_soainfra.551.1169630373
input datafile file number=00286 name=+DG_BPMPROD/bpmprod/datafile/dev_soainfra.557.1169655593
input datafile file number=00292 name=+DG_BPMPROD/bpmprod/datafile/dev_soainfra.563.1170695951
input datafile file number=00298 name=+DG_BPMPROD/bpmprod/datafile/dev_soainfra.569.1171623543
input datafile file number=00304 name=+DG_BPMPROD/bpmprod/datafile/dev_soainfra.575.1173185107
input datafile file number=00310 name=+DG_BPMPROD/bpmprod/datafile/dev_soainfra.581.1176385417
input datafile file number=00326 name=+DG_BPMPROD/bpmprod/datafile/dev_soainfra.597.1182333439
input datafile file number=00335 name=+DG_BPMPROD/bpmprod/datafile/dev_soainfra.606.1188470221
input datafile file number=00341 name=+DG_BPMPROD/bpmprod/datafile/dev_soainfra.612.1201706417
input datafile file number=00192 name=+DG_BPMPROD/bpmprod/datafile/dev_soainfra.463.1147858177
input datafile file number=00330 name=+DG_BPMPROD/bpmprod/datafile/dev_soainfra.601.1185121105
input datafile file number=00054 name=+DG_BPMPROD/bpmprod/datafile/undotb1.303.1049771449
input datafile file number=00055 name=+DG_BPMPROD/bpmprod/datafile/undotb2.304.1049771521
input datafile file number=00016 name=+DG_BPMPROD/bpmprod/datafile/dev_mds.260.1049769735
channel ch3: starting piece 1 at 24-JUN-25
channel ch2: finished piece 1 at 24-JUN-25
piece handle=3fc90592-511f-4200-aedc-48597064f4c8/RMAN_incr_1062634547_BPMPROD_20250624_9l3sr3k3_1_1.vab tag=FULL_BPMPROD_20062025_23H44 comment=API Version 2.0,MMS Version 12.3.0.54
channel ch2: backup set complete, elapsed time: 00:48:17
channel ch2: starting compressed incremental level 1 datafile backup set
channel ch2: specifying datafile(s) in backup set
input datafile file number=00027 name=+DG_BPMPROD/bpmprod/datafile/dev_soainfra.263.1049770057
input datafile file number=00039 name=+DG_BPMPROD/bpmprod/datafile/dev_soainfra.286.1049770683
input datafile file number=00050 name=+DG_BPMPROD/bpmprod/datafile/dev_soainfra.293.1049770789
input datafile file number=00062 name=+DG_BPMPROD/bpmprod/datafile/dev_soainfra.333.1070011639
input datafile file number=00073 name=+DG_BPMPROD/bpmprod/datafile/dev_soainfra.344.1076433837
input datafile file number=00079 name=+DG_BPMPROD/bpmprod/datafile/dev_soainfra.350.1079275427
input datafile file number=00086 name=+DG_BPMPROD/bpmprod/datafile/dev_soainfra.357.1080818031
input datafile file number=00013 name=+DG_BPMPROD/bpmprod/datafile/dev_soainfra.268.1049770225
input datafile file number=00045 name=+DG_BPMPROD/bpmprod/datafile/dev_soainfra.320.1054375827
input datafile file number=00092 name=+DG_BPMPROD/bpmprod/datafile/dev_soainfra.363.1102163189
input datafile file number=00098 name=+DG_BPMPROD/bpmprod/datafile/dev_soainfra.369.1105437897
input datafile file number=00104 name=+DG_BPMPROD/bpmprod/datafile/dev_soainfra.375.1106388193
input datafile file number=00110 name=+DG_BPMPROD/bpmprod/datafile/dev_soainfra.381.1111923691
input datafile file number=00116 name=+DG_BPMPROD/bpmprod/datafile/dev_soainfra.387.1114000667
input datafile file number=00123 name=+DG_BPMPROD/bpmprod/datafile/dev_soainfra.394.1118650175
input datafile file number=00129 name=+DG_BPMPROD/bpmprod/datafile/dev_soainfra.400.1119528565
input datafile file number=00137 name=+DG_BPMPROD/bpmprod/datafile/dev_soainfra.408.1125653141
input datafile file number=00145 name=+DG_BPMPROD/bpmprod/datafile/dev_soainfra.416.1132077937
input datafile file number=00151 name=+DG_BPMPROD/bpmprod/datafile/dev_soainfra.422.1136050957
input datafile file number=00248 name=+DG_BPMPROD/bpmprod/datafile/dev_soainfra.519.1162727851
input datafile file number=00059 name=+DG_BPMPROD/bpmprod/datafile/dev_soainfra.330.1062347631
input datafile file number=00049 name=+DG_BPMPROD/bpmprod/datafile/dev_soainfra.292.1049770789
input datafile file number=00130 name=+DG_BPMPROD/bpmprod/datafile/dev_soainfra.401.1121446753
input datafile file number=00154 name=+DG_BPMPROD/bpmprod/datafile/dev_soainfra.425.1136051191
input datafile file number=00160 name=+DG_BPMPROD/bpmprod/datafile/dev_soainfra.431.1138724329
input datafile file number=00167 name=+DG_BPMPROD/bpmprod/datafile/dev_soainfra.438.1143022361
input datafile file number=00175 name=+DG_BPMPROD/bpmprod/datafile/dev_soainfra.446.1144315241
input datafile file number=00184 name=+DG_BPMPROD/bpmprod/datafile/dev_soainfra.455.1145786331
input datafile file number=00190 name=+DG_BPMPROD/bpmprod/datafile/dev_soainfra.461.1146993661
input datafile file number=00197 name=+DG_BPMPROD/bpmprod/datafile/dev_soainfra.468.1149263741
input datafile file number=00207 name=+DG_BPMPROD/bpmprod/datafile/dev_soainfra.478.1153051841
input datafile file number=00213 name=+DG_BPMPROD/bpmprod/datafile/dev_soainfra.484.1154078369
input datafile file number=00219 name=+DG_BPMPROD/bpmprod/datafile/dev_soainfra.490.1154777007
input datafile file number=00225 name=+DG_BPMPROD/bpmprod/datafile/dev_soainfra.496.1156589255
input datafile file number=00232 name=+DG_BPMPROD/bpmprod/datafile/dev_soainfra.503.1157381003
input datafile file number=00238 name=+DG_BPMPROD/bpmprod/datafile/dev_soainfra.509.1159004225
input datafile file number=00244 name=+DG_BPMPROD/bpmprod/datafile/dev_soainfra.515.1161359333
input datafile file number=00251 name=+DG_BPMPROD/bpmprod/datafile/dev_soainfra.522.1163439873
input datafile file number=00258 name=+DG_BPMPROD/bpmprod/datafile/dev_soainfra.529.1164297955
input datafile file number=00265 name=+DG_BPMPROD/bpmprod/datafile/dev_soainfra.536.1166442043
input datafile file number=00271 name=+DG_BPMPROD/bpmprod/datafile/dev_soainfra.542.1168249443
input datafile file number=00277 name=+DG_BPMPROD/bpmprod/datafile/dev_soainfra.548.1168966127
input datafile file number=00283 name=+DG_BPMPROD/bpmprod/datafile/dev_soainfra.554.1169655401
input datafile file number=00289 name=+DG_BPMPROD/bpmprod/datafile/dev_soainfra.560.1170692545
input datafile file number=00295 name=+DG_BPMPROD/bpmprod/datafile/dev_soainfra.566.1171623267
input datafile file number=00301 name=+DG_BPMPROD/bpmprod/datafile/dev_soainfra.572.1173184881
input datafile file number=00307 name=+DG_BPMPROD/bpmprod/datafile/dev_soainfra.578.1173952851
input datafile file number=00315 name=+DG_BPMPROD/bpmprod/datafile/dev_soainfra.586.1177667287
input datafile file number=00332 name=+DG_BPMPROD/bpmprod/datafile/dev_soainfra.603.1188469893
input datafile file number=00338 name=+DG_BPMPROD/bpmprod/datafile/dev_soainfra.609.1196675941
input datafile file number=00035 name=+DG_BPMPROD/bpmprod/datafile/dev_soainfra.279.1049770511
input datafile file number=00319 name=+DG_BPMPROD/bpmprod/datafile/dev_soainfra.590.1178794671
input datafile file number=00261 name=+DG_BPMPROD/bpmprod/datafile/dev_soainfra.532.1164520801
input datafile file number=00066 name=+DG_BPMPROD/bpmprod/datafile/sysaux.337.1074071697
input datafile file number=00001 name=+DG_BPMPROD/bpmprod/datafile/system.305.1049771789
input datafile file number=00022 name=+DG_BPMPROD/bpmprod/datafile/system.306.1049771789
input datafile file number=00009 name=+DG_BPMPROD/bpmprod/datafile/dev_orabam.297.1049771039
input datafile file number=00011 name=+DG_BPMPROD/bpmprod/datafile/dev_ias_opss.302.1049771183
input datafile file number=00018 name=+DG_BPMPROD/bpmprod/datafile/dev_ias_opss.301.1049771183
input datafile file number=00017 name=+DG_BPMPROD/bpmprod/datafile/dev_orabam.298.1049771039
input datafile file number=00020 name=+DG_BPMPROD/bpmprod/datafile/leasing.300.1049771109
input datafile file number=00010 name=+DG_BPMPROD/bpmprod/datafile/leasing.299.1049771109
channel ch2: starting piece 1 at 24-JUN-25
channel ch1: finished piece 1 at 24-JUN-25
piece handle=3fc90592-511f-4200-aedc-48597064f4c8/RMAN_incr_1062634547_BPMPROD_20250624_9k3sr3k0_1_1.vab tag=FULL_BPMPROD_20062025_23H44 comment=API Version 2.0,MMS Version 12.3.0.54
channel ch1: backup set complete, elapsed time: 00:48:36
channel ch1: starting compressed incremental level 1 datafile backup set
channel ch1: specifying datafile(s) in backup set
channel ch4: finished piece 1 at 24-JUN-25
piece handle=3fc90592-511f-4200-aedc-48597064f4c8/RMAN_incr_1062634547_BPMPROD_20250624_9n3sr3k6_1_1.vab tag=FULL_BPMPROD_20062025_23H44 comment=API Version 2.0,MMS Version 12.3.0.54
channel ch4: backup set complete, elapsed time: 00:48:32
including current control file in backup set
channel ch1: starting piece 1 at 24-JUN-25
channel ch1: finished piece 1 at 24-JUN-25
piece handle=3fc90592-511f-4200-aedc-48597064f4c8/RMAN_incr_1062634547_BPMPROD_20250624_9q3sr6f7_1_1.vab tag=FULL_BPMPROD_20062025_23H44 comment=API Version 2.0,MMS Version 12.3.0.54
channel ch1: backup set complete, elapsed time: 00:00:15
channel ch3: finished piece 1 at 24-JUN-25
piece handle=3fc90592-511f-4200-aedc-48597064f4c8/RMAN_incr_1062634547_BPMPROD_20250624_9o3sr6dq_1_1.vab tag=FULL_BPMPROD_20062025_23H44 comment=API Version 2.0,MMS Version 12.3.0.54
channel ch3: backup set complete, elapsed time: 00:27:45
channel ch2: finished piece 1 at 24-JUN-25
piece handle=3fc90592-511f-4200-aedc-48597064f4c8/RMAN_incr_1062634547_BPMPROD_20250624_9p3sr6em_1_1.vab tag=FULL_BPMPROD_20062025_23H44 comment=API Version 2.0,MMS Version 12.3.0.54
channel ch2: backup set complete, elapsed time: 00:27:32

backup will be obsolete on date 01-JUL-25
archived logs required to recover from this backup will be backed up
channel ch1: starting compressed full datafile backup set
channel ch1: specifying datafile(s) in backup set
including current SPFILE in backup set
channel ch1: starting piece 1 at 24-JUN-25
channel ch1: finished piece 1 at 24-JUN-25
piece handle=3fc90592-511f-4200-aedc-48597064f4c8/RMAN_incr_1062634547_BPMPROD_20250624_9r3sr82s_1_1.vab tag=FULL_BPMPROD_20062025_23H44 comment=API Version 2.0,MMS Version 12.3.0.54
channel ch1: backup set complete, elapsed time: 00:00:07

current log archived
backup will be obsolete on date 01-JUL-25
archived logs required to recover from this backup will be backed up
channel ch1: starting compressed archived log backup set
channel ch1: specifying archived log(s) in backup set
input archived log thread=1 sequence=526967 RECID=1053039 STAMP=1204653681
channel ch1: starting piece 1 at 24-JUN-25
channel ch2: starting compressed archived log backup set
channel ch2: specifying archived log(s) in backup set
input archived log thread=2 sequence=526676 RECID=1053041 STAMP=1204658278
channel ch2: starting piece 1 at 24-JUN-25
channel ch3: starting compressed archived log backup set
channel ch3: specifying archived log(s) in backup set
input archived log thread=1 sequence=526968 RECID=1053040 STAMP=1204658275
channel ch3: starting piece 1 at 24-JUN-25
channel ch2: finished piece 1 at 24-JUN-25
piece handle=3fc90592-511f-4200-aedc-48597064f4c8/RMAN_incr_1062634547_BPMPROD_20250624_9t3sr83b_1_1.vab tag=FULL_BPMPROD_20062025_23H44 comment=API Version 2.0,MMS Version 12.3.0.54
channel ch2: backup set complete, elapsed time: 00:00:15
channel ch3: finished piece 1 at 24-JUN-25
piece handle=3fc90592-511f-4200-aedc-48597064f4c8/RMAN_incr_1062634547_BPMPROD_20250624_9u3sr83b_1_1.vab tag=FULL_BPMPROD_20062025_23H44 comment=API Version 2.0,MMS Version 12.3.0.54
channel ch3: backup set complete, elapsed time: 00:00:15
channel ch1: finished piece 1 at 24-JUN-25
piece handle=3fc90592-511f-4200-aedc-48597064f4c8/RMAN_incr_1062634547_BPMPROD_20250624_9s3sr83b_1_1.vab tag=FULL_BPMPROD_20062025_23H44 comment=API Version 2.0,MMS Version 12.3.0.54
channel ch1: backup set complete, elapsed time: 00:00:25

backup will be obsolete on date 01-JUL-25
archived logs required to recover from this backup will be backed up
channel ch1: starting compressed full datafile backup set
channel ch1: specifying datafile(s) in backup set
including current control file in backup set
channel ch1: starting piece 1 at 24-JUN-25
channel ch1: finished piece 1 at 24-JUN-25
piece handle=3fc90592-511f-4200-aedc-48597064f4c8/RMAN_incr_1062634547_BPMPROD_20250624_9v3sr844_1_1.vab tag=FULL_BPMPROD_20062025_23H44 comment=API Version 2.0,MMS Version 12.3.0.54
channel ch1: backup set complete, elapsed time: 00:00:15
Finished backup at 24-JUN-25

Starting backup at 24-JUN-25
current log archived
backup will be obsolete on date 01-JUL-25
archived logs required to recover from this backup will be backed up
skipping archived logs of thread 1 from sequence 526967 to 526968; already backed up
skipping archived log of thread 2 with sequence 526676; already backed up
channel ch1: starting compressed archived log backup set
channel ch1: specifying archived log(s) in backup set
input archived log thread=1 sequence=526956 RECID=1053020 STAMP=1204453331
input archived log thread=2 sequence=526667 RECID=1053019 STAMP=1204452968
input archived log thread=2 sequence=526668 RECID=1053022 STAMP=1204491443
input archived log thread=1 sequence=526957 RECID=1053021 STAMP=1204471973
input archived log thread=1 sequence=526958 RECID=1053023 STAMP=1204491450
channel ch1: starting piece 1 at 24-JUN-25
channel ch2: starting compressed archived log backup set
channel ch2: specifying archived log(s) in backup set
input archived log thread=2 sequence=526669 RECID=1053024 STAMP=1204514761
input archived log thread=1 sequence=526959 RECID=1053025 STAMP=1204521401
input archived log thread=2 sequence=526670 RECID=1053028 STAMP=1204554376
input archived log thread=1 sequence=526960 RECID=1053026 STAMP=1204542030
input archived log thread=1 sequence=526961 RECID=1053027 STAMP=1204554374
channel ch2: starting piece 1 at 24-JUN-25
channel ch3: starting compressed archived log backup set
channel ch3: specifying archived log(s) in backup set
input archived log thread=1 sequence=526962 RECID=1053029 STAMP=1204567723
input archived log thread=2 sequence=526671 RECID=1053031 STAMP=1204582878
input archived log thread=1 sequence=526963 RECID=1053030 STAMP=1204581872
input archived log thread=1 sequence=526964 RECID=1053032 STAMP=1204588817
input archived log thread=2 sequence=526672 RECID=1053033 STAMP=1204588817
input archived log thread=1 sequence=526965 RECID=1053035 STAMP=1204625356
channel ch3: starting piece 1 at 24-JUN-25
channel ch4: starting compressed archived log backup set
channel ch4: specifying archived log(s) in backup set
input archived log thread=2 sequence=526673 RECID=1053034 STAMP=1204619829
input archived log thread=2 sequence=526674 RECID=1053037 STAMP=1204646385
input archived log thread=1 sequence=526966 RECID=1053036 STAMP=1204639707
input archived log thread=2 sequence=526675 RECID=1053038 STAMP=1204653678
input archived log thread=1 sequence=526969 RECID=1053042 STAMP=1204658337
input archived log thread=2 sequence=526677 RECID=1053043 STAMP=1204658338
channel ch4: starting piece 1 at 24-JUN-25
channel ch4: finished piece 1 at 24-JUN-25
piece handle=3fc90592-511f-4200-aedc-48597064f4c8/RMAN_incr_1062634547_BPMPROD_20250624_a33sr858_1_1.vab tag=FULL_BPMPROD_20062025_23H44 comment=API Version 2.0,MMS Version 12.3.0.54
channel ch4: backup set complete, elapsed time: 00:00:55
channel ch4: deleting archived log(s)
archived log file name=+DG_FRA/bpmprod/archivelog/2025_06_24/thread_2_seq_526673.11713.1204619829 RECID=1053034 STAMP=1204619829
RMAN-08118: WARNING: could not delete the following archived redo log
archived log file name=+DG_FRA/bpmprod/archivelog/2025_06_24/thread_2_seq_526673.11713.1204619829 thread=2 sequence=526673
error from target database: 
ORA-15028: ASM file '+DG_FRA/bpmprod/archivelog/2025_06_24/thread_2_seq_526673.11713.1204619829' not dropped; currently being accessed

archived log file name=+DG_FRA/bpmprod/archivelog/2025_06_24/thread_2_seq_526674.10991.1204646385 RECID=1053037 STAMP=1204646385
archived log file name=+DG_FRA/bpmprod/archivelog/2025_06_24/thread_1_seq_526966.12214.1204639707 RECID=1053036 STAMP=1204639707
archived log file name=+DG_FRA/bpmprod/archivelog/2025_06_24/thread_2_seq_526675.11525.1204653679 RECID=1053038 STAMP=1204653678
archived log file name=+DG_FRA/bpmprod/archivelog/2025_06_24/thread_1_seq_526969.12765.1204658337 RECID=1053042 STAMP=1204658337
archived log file name=+DG_FRA/bpmprod/archivelog/2025_06_24/thread_2_seq_526677.11237.1204658339 RECID=1053043 STAMP=1204658338
channel ch4: deleting archived log(s)
archived log file name=+DG_FRA/bpmprod/archivelog/2025_06_24/thread_1_seq_526967.11472.1204653679 RECID=1053039 STAMP=1204653681
archived log file name=+DG_FRA/bpmprod/archivelog/2025_06_24/thread_1_seq_526968.12685.1204658275 RECID=1053040 STAMP=1204658275
archived log file name=+DG_FRA/bpmprod/archivelog/2025_06_24/thread_2_seq_526676.6779.1204658277 RECID=1053041 STAMP=1204658278
channel ch3: finished piece 1 at 24-JUN-25
piece handle=3fc90592-511f-4200-aedc-48597064f4c8/RMAN_incr_1062634547_BPMPROD_20250624_a23sr858_1_1.vab tag=FULL_BPMPROD_20062025_23H44 comment=API Version 2.0,MMS Version 12.3.0.54
channel ch3: backup set complete, elapsed time: 00:01:06
channel ch3: deleting archived log(s)
archived log file name=+DG_FRA/bpmprod/archivelog/2025_06_23/thread_1_seq_526962.311.1204567723 RECID=1053029 STAMP=1204567723
archived log file name=+DG_FRA/bpmprod/archivelog/2025_06_23/thread_2_seq_526671.12706.1204582879 RECID=1053031 STAMP=1204582878
archived log file name=+DG_FRA/bpmprod/archivelog/2025_06_23/thread_1_seq_526963.11046.1204581871 RECID=1053030 STAMP=1204581872
archived log file name=+DG_FRA/bpmprod/archivelog/2025_06_24/thread_1_seq_526964.11652.1204588815 RECID=1053032 STAMP=1204588817
archived log file name=+DG_FRA/bpmprod/archivelog/2025_06_24/thread_2_seq_526672.11226.1204588815 RECID=1053033 STAMP=1204588817
archived log file name=+DG_FRA/bpmprod/archivelog/2025_06_24/thread_1_seq_526965.4862.1204625357 RECID=1053035 STAMP=1204625356
channel ch1: finished piece 1 at 24-JUN-25
piece handle=3fc90592-511f-4200-aedc-48597064f4c8/RMAN_incr_1062634547_BPMPROD_20250624_a03sr858_1_1.vab tag=FULL_BPMPROD_20062025_23H44 comment=API Version 2.0,MMS Version 12.3.0.54
channel ch1: backup set complete, elapsed time: 00:01:17
channel ch1: deleting archived log(s)
archived log file name=+DG_FRA/bpmprod/archivelog/2025_06_22/thread_1_seq_526956.12863.1204453331 RECID=1053020 STAMP=1204453331
archived log file name=+DG_FRA/bpmprod/archivelog/2025_06_22/thread_2_seq_526667.11366.1204452969 RECID=1053019 STAMP=1204452968
archived log file name=+DG_FRA/bpmprod/archivelog/2025_06_22/thread_2_seq_526668.12913.1204491443 RECID=1053022 STAMP=1204491443
archived log file name=+DG_FRA/bpmprod/archivelog/2025_06_22/thread_1_seq_526957.12964.1204471973 RECID=1053021 STAMP=1204471973
archived log file name=+DG_FRA/bpmprod/archivelog/2025_06_22/thread_1_seq_526958.10617.1204491449 RECID=1053023 STAMP=1204491450
channel ch2: finished piece 1 at 24-JUN-25
piece handle=3fc90592-511f-4200-aedc-48597064f4c8/RMAN_incr_1062634547_BPMPROD_20250624_a13sr858_1_1.vab tag=FULL_BPMPROD_20062025_23H44 comment=API Version 2.0,MMS Version 12.3.0.54
channel ch2: backup set complete, elapsed time: 00:01:18
channel ch2: deleting archived log(s)
archived log file name=+DG_FRA/bpmprod/archivelog/2025_06_23/thread_2_seq_526669.11844.1204514761 RECID=1053024 STAMP=1204514761
archived log file name=+DG_FRA/bpmprod/archivelog/2025_06_23/thread_1_seq_526959.12678.1204521401 RECID=1053025 STAMP=1204521401
archived log file name=+DG_FRA/bpmprod/archivelog/2025_06_23/thread_2_seq_526670.10112.1204554377 RECID=1053028 STAMP=1204554376
archived log file name=+DG_FRA/bpmprod/archivelog/2025_06_23/thread_1_seq_526960.12404.1204542029 RECID=1053026 STAMP=1204542030
archived log file name=+DG_FRA/bpmprod/archivelog/2025_06_23/thread_1_seq_526961.12311.1204554375 RECID=1053027 STAMP=1204554374
Finished backup at 24-JUN-25

released channel: ch1

released channel: ch2

released channel: ch3

released channel: ch4

RMAN retention policy will be applied to the command
RMAN retention policy is set to redundancy 1
allocated channel: ORA_DISK_1
channel ORA_DISK_1: SID=2022 instance=bpmprod1 device type=DISK
allocated channel: ORA_DISK_2
channel ORA_DISK_2: SID=10 instance=bpmprod1 device type=DISK
allocated channel: ORA_SBT_TAPE_1
channel ORA_SBT_TAPE_1: SID=604 instance=bpmprod1 device type=SBT_TAPE
channel ORA_SBT_TAPE_1: Veeam Plug-in for Oracle RMAN
allocated channel: ORA_SBT_TAPE_2
channel ORA_SBT_TAPE_2: SID=858 instance=bpmprod1 device type=SBT_TAPE
channel ORA_SBT_TAPE_2: Veeam Plug-in for Oracle RMAN
allocated channel: ORA_SBT_TAPE_3
channel ORA_SBT_TAPE_3: SID=290 instance=bpmprod1 device type=SBT_TAPE
channel ORA_SBT_TAPE_3: Veeam Plug-in for Oracle RMAN
allocated channel: ORA_SBT_TAPE_4
channel ORA_SBT_TAPE_4: SID=2014 instance=bpmprod1 device type=SBT_TAPE
channel ORA_SBT_TAPE_4: Veeam Plug-in for Oracle RMAN
Deleting the following obsolete backups and copies:
Type                 Key    Completion Time    Filename/Handle
-------------------- ------ ------------------ --------------------
Backup Set           49345  23-MAY-25         
  Backup Piece       85774  23-MAY-25          3fc90592-511f-4200-aedc-48597064f4c8/RMAN_full_1062634547_BPMPROD_20250523_qr3q75jq_2_1.vab
Backup Set           49345  23-MAY-25         
  Backup Piece       85770  23-MAY-25          3fc90592-511f-4200-aedc-48597064f4c8/RMAN_full_1062634547_BPMPROD_20250523_qr3q75jq_1_1.vab
Backup Set           49349  23-MAY-25         
  Backup Piece       85775  23-MAY-25          3fc90592-511f-4200-aedc-48597064f4c8/RMAN_full_1062634547_BPMPROD_20250523_qs3q75jq_2_1.vab
Backup Set           49349  23-MAY-25         
  Backup Piece       85776  23-MAY-25          3fc90592-511f-4200-aedc-48597064f4c8/RMAN_full_1062634547_BPMPROD_20250523_qs3q75jq_1_1.vab
Backup Set           49348  23-MAY-25         
  Backup Piece       85778  23-MAY-25          3fc90592-511f-4200-aedc-48597064f4c8/RMAN_full_1062634547_BPMPROD_20250523_qt3q75jq_2_1.vab
Backup Set           49348  23-MAY-25         
  Backup Piece       85773  23-MAY-25          3fc90592-511f-4200-aedc-48597064f4c8/RMAN_full_1062634547_BPMPROD_20250523_qt3q75jq_1_1.vab
Backup Set           49350  23-MAY-25         
  Backup Piece       85779  23-MAY-25          3fc90592-511f-4200-aedc-48597064f4c8/RMAN_full_1062634547_BPMPROD_20250523_qu3q75jq_2_1.vab
Backup Set           49350  23-MAY-25         
  Backup Piece       85777  23-MAY-25          3fc90592-511f-4200-aedc-48597064f4c8/RMAN_full_1062634547_BPMPROD_20250523_qu3q75jq_1_1.vab
Backup Set           49347  23-MAY-25         
  Backup Piece       85781  23-MAY-25          3fc90592-511f-4200-aedc-48597064f4c8/RMAN_full_1062634547_BPMPROD_20250523_qv3q75jq_2_1.vab
Backup Set           49347  23-MAY-25         
  Backup Piece       85772  23-MAY-25          3fc90592-511f-4200-aedc-48597064f4c8/RMAN_full_1062634547_BPMPROD_20250523_qv3q75jq_1_1.vab
Backup Set           49346  23-MAY-25         
  Backup Piece       85780  23-MAY-25          3fc90592-511f-4200-aedc-48597064f4c8/RMAN_full_1062634547_BPMPROD_20250523_r03q75jr_2_1.vab
Backup Set           49346  23-MAY-25         
  Backup Piece       85771  23-MAY-25          3fc90592-511f-4200-aedc-48597064f4c8/RMAN_full_1062634547_BPMPROD_20250523_r03q75jr_1_1.vab
Backup Set           49352  23-MAY-25         
  Backup Piece       85783  23-MAY-25          3fc90592-511f-4200-aedc-48597064f4c8/RMAN_full_1062634547_BPMPROD_20250523_r73q77v3_2_1.vab
Backup Set           49352  23-MAY-25         
  Backup Piece       85788  23-MAY-25          3fc90592-511f-4200-aedc-48597064f4c8/RMAN_full_1062634547_BPMPROD_20250523_r73q77v3_1_1.vab
Backup Set           49351  23-MAY-25         
  Backup Piece       85782  23-MAY-25          3fc90592-511f-4200-aedc-48597064f4c8/RMAN_full_1062634547_BPMPROD_20250523_r93q78a2_2_1.vab
Backup Set           49351  23-MAY-25         
  Backup Piece       85785  23-MAY-25          3fc90592-511f-4200-aedc-48597064f4c8/RMAN_full_1062634547_BPMPROD_20250523_r93q78a2_1_1.vab
Backup Set           49353  23-MAY-25         
  Backup Piece       85784  23-MAY-25          3fc90592-511f-4200-aedc-48597064f4c8/RMAN_full_1062634547_BPMPROD_20250523_rb3q78e0_2_1.vab
Backup Set           49353  23-MAY-25         
  Backup Piece       85786  23-MAY-25          3fc90592-511f-4200-aedc-48597064f4c8/RMAN_full_1062634547_BPMPROD_20250523_rb3q78e0_1_1.vab
Backup Set           49354  23-MAY-25         
  Backup Piece       85787  23-MAY-25          3fc90592-511f-4200-aedc-48597064f4c8/RMAN_full_1062634547_BPMPROD_20250523_rd3q78ut_2_1.vab
Backup Set           49354  23-MAY-25         
  Backup Piece       85789  23-MAY-25          3fc90592-511f-4200-aedc-48597064f4c8/RMAN_full_1062634547_BPMPROD_20250523_rd3q78ut_1_1.vab
Backup Set           49355  23-MAY-25         
  Backup Piece       85790  23-MAY-25          3fc90592-511f-4200-aedc-48597064f4c8/RMAN_full_1062634547_BPMPROD_20250523_rf3q79gq_2_1.vab
Backup Set           49355  23-MAY-25         
  Backup Piece       85796  23-MAY-25          3fc90592-511f-4200-aedc-48597064f4c8/RMAN_full_1062634547_BPMPROD_20250523_rf3q79gq_1_1.vab
Backup Set           49356  23-MAY-25         
  Backup Piece       85791  23-MAY-25          3fc90592-511f-4200-aedc-48597064f4c8/RMAN_full_1062634547_BPMPROD_20250523_rh3q79o0_2_1.vab
Backup Set           49356  23-MAY-25         
  Backup Piece       85793  23-MAY-25          3fc90592-511f-4200-aedc-48597064f4c8/RMAN_full_1062634547_BPMPROD_20250523_rh3q79o0_1_1.vab
Backup Set           49357  23-MAY-25         
  Backup Piece       85792  23-MAY-25          3fc90592-511f-4200-aedc-48597064f4c8/RMAN_full_1062634547_BPMPROD_20250523_rj3q7a63_2_1.vab
Backup Set           49357  23-MAY-25         
  Backup Piece       85798  23-MAY-25          3fc90592-511f-4200-aedc-48597064f4c8/RMAN_full_1062634547_BPMPROD_20250523_rj3q7a63_1_1.vab
Backup Set           49358  23-MAY-25         
  Backup Piece       85794  23-MAY-25          3fc90592-511f-4200-aedc-48597064f4c8/RMAN_full_1062634547_BPMPROD_20250523_rl3q7a9i_2_1.vab
Backup Set           49358  23-MAY-25         
  Backup Piece       85795  23-MAY-25          3fc90592-511f-4200-aedc-48597064f4c8/RMAN_full_1062634547_BPMPROD_20250523_rl3q7a9i_1_1.vab
Backup Set           49359  23-MAY-25         
  Backup Piece       85797  23-MAY-25          3fc90592-511f-4200-aedc-48597064f4c8/RMAN_full_1062634547_BPMPROD_20250523_rn3q7asl_2_1.vab
Backup Set           49359  23-MAY-25         
  Backup Piece       85799  23-MAY-25          3fc90592-511f-4200-aedc-48597064f4c8/RMAN_full_1062634547_BPMPROD_20250523_rn3q7asl_1_1.vab
Backup Set           49360  23-MAY-25         
  Backup Piece       85800  23-MAY-25          3fc90592-511f-4200-aedc-48597064f4c8/RMAN_full_1062634547_BPMPROD_20250523_rp3q7b5n_2_1.vab
Backup Set           49360  23-MAY-25         
  Backup Piece       85804  23-MAY-25          3fc90592-511f-4200-aedc-48597064f4c8/RMAN_full_1062634547_BPMPROD_20250523_rp3q7b5n_1_1.vab
Backup Set           49361  23-MAY-25         
  Backup Piece       85801  23-MAY-25          3fc90592-511f-4200-aedc-48597064f4c8/RMAN_full_1062634547_BPMPROD_20250523_rr3q7b9q_2_1.vab
Backup Set           49361  23-MAY-25         
  Backup Piece       85803  23-MAY-25          3fc90592-511f-4200-aedc-48597064f4c8/RMAN_full_1062634547_BPMPROD_20250523_rr3q7b9q_1_1.vab
Backup Set           49362  23-MAY-25         
  Backup Piece       85802  23-MAY-25          3fc90592-511f-4200-aedc-48597064f4c8/RMAN_full_1062634547_BPMPROD_20250523_rt3q7bl3_2_1.vab
Backup Set           49362  23-MAY-25         
  Backup Piece       85806  23-MAY-25          3fc90592-511f-4200-aedc-48597064f4c8/RMAN_full_1062634547_BPMPROD_20250523_rt3q7bl3_1_1.vab
Backup Set           49363  23-MAY-25         
  Backup Piece       85807  23-MAY-25          3fc90592-511f-4200-aedc-48597064f4c8/RMAN_full_1062634547_BPMPROD_20250523_rv3q7bpf_2_1.vab
Backup Set           49363  23-MAY-25         
  Backup Piece       85805  23-MAY-25          3fc90592-511f-4200-aedc-48597064f4c8/RMAN_full_1062634547_BPMPROD_20250523_rv3q7bpf_1_1.vab
Backup Set           49364  24-MAY-25         
  Backup Piece       85809  24-MAY-25          3fc90592-511f-4200-aedc-48597064f4c8/RMAN_full_1062634547_BPMPROD_20250523_s13q7c4e_2_1.vab
Backup Set           49364  24-MAY-25         
  Backup Piece       85808  24-MAY-25          3fc90592-511f-4200-aedc-48597064f4c8/RMAN_full_1062634547_BPMPROD_20250523_s13q7c4e_1_1.vab
Backup Set           49365  24-MAY-25         
  Backup Piece       85810  24-MAY-25          3fc90592-511f-4200-aedc-48597064f4c8/RMAN_full_1062634547_BPMPROD_20250523_s33q7cac_2_1.vab
Backup Set           49365  24-MAY-25         
  Backup Piece       85813  24-MAY-25          3fc90592-511f-4200-aedc-48597064f4c8/RMAN_full_1062634547_BPMPROD_20250523_s33q7cac_1_1.vab
Backup Set           49366  24-MAY-25         
  Backup Piece       85811  24-MAY-25          3fc90592-511f-4200-aedc-48597064f4c8/RMAN_full_1062634547_BPMPROD_20250523_s53q7cgl_2_1.vab
Backup Set           49366  24-MAY-25         
  Backup Piece       85817  24-MAY-25          3fc90592-511f-4200-aedc-48597064f4c8/RMAN_full_1062634547_BPMPROD_20250523_s53q7cgl_1_1.vab
Backup Set           49368  24-MAY-25         
  Backup Piece       85814  24-MAY-25          3fc90592-511f-4200-aedc-48597064f4c8/RMAN_full_1062634547_BPMPROD_20250524_s73q7cue_2_1.vab
Backup Set           49368  24-MAY-25         
  Backup Piece       85815  24-MAY-25          3fc90592-511f-4200-aedc-48597064f4c8/RMAN_full_1062634547_BPMPROD_20250524_s73q7cue_1_1.vab
Backup Set           49367  24-MAY-25         
  Backup Piece       85812  24-MAY-25          3fc90592-511f-4200-aedc-48597064f4c8/RMAN_full_1062634547_BPMPROD_20250524_s93q7d9c_2_1.vab
Backup Set           49367  24-MAY-25         
  Backup Piece       85816  24-MAY-25          3fc90592-511f-4200-aedc-48597064f4c8/RMAN_full_1062634547_BPMPROD_20250524_s93q7d9c_1_1.vab
Backup Set           49370  24-MAY-25         
  Backup Piece       85819  24-MAY-25          3fc90592-511f-4200-aedc-48597064f4c8/RMAN_full_1062634547_BPMPROD_20250524_sb3q7e49_2_1.vab
Backup Set           49370  24-MAY-25         
  Backup Piece       85820  24-MAY-25          3fc90592-511f-4200-aedc-48597064f4c8/RMAN_full_1062634547_BPMPROD_20250524_sb3q7e49_1_1.vab
Backup Set           49369  24-MAY-25         
  Backup Piece       85818  24-MAY-25          3fc90592-511f-4200-aedc-48597064f4c8/RMAN_full_1062634547_BPMPROD_20250524_sd3q7eco_2_1.vab
Backup Set           49369  24-MAY-25         
  Backup Piece       85823  24-MAY-25          3fc90592-511f-4200-aedc-48597064f4c8/RMAN_full_1062634547_BPMPROD_20250524_sd3q7eco_1_1.vab
Backup Set           49371  24-MAY-25         
  Backup Piece       85821  24-MAY-25          3fc90592-511f-4200-aedc-48597064f4c8/RMAN_full_1062634547_BPMPROD_20250524_sf3q7ek8_2_1.vab
Backup Set           49371  24-MAY-25         
  Backup Piece       85822  24-MAY-25          3fc90592-511f-4200-aedc-48597064f4c8/RMAN_full_1062634547_BPMPROD_20250524_sf3q7ek8_1_1.vab
Backup Set           49372  24-MAY-25         
  Backup Piece       85824  24-MAY-25          3fc90592-511f-4200-aedc-48597064f4c8/RMAN_full_1062634547_BPMPROD_20250524_sh3q7f7l_2_1.vab
Backup Set           49372  24-MAY-25         
  Backup Piece       85825  24-MAY-25          3fc90592-511f-4200-aedc-48597064f4c8/RMAN_full_1062634547_BPMPROD_20250524_sh3q7f7l_1_1.vab
Backup Set           49373  24-MAY-25         
  Backup Piece       85827  24-MAY-25          3fc90592-511f-4200-aedc-48597064f4c8/RMAN_full_1062634547_BPMPROD_20250524_sj3q7fa8_2_1.vab
Backup Set           49373  24-MAY-25         
  Backup Piece       85826  24-MAY-25          3fc90592-511f-4200-aedc-48597064f4c8/RMAN_full_1062634547_BPMPROD_20250524_sj3q7fa8_1_1.vab
Backup Set           49374  24-MAY-25         
  Backup Piece       85828  24-MAY-25          3fc90592-511f-4200-aedc-48597064f4c8/RMAN_full_1062634547_BPMPROD_20250524_sl3q7fol_2_1.vab
Backup Set           49374  24-MAY-25         
  Backup Piece       85829  24-MAY-25          3fc90592-511f-4200-aedc-48597064f4c8/RMAN_full_1062634547_BPMPROD_20250524_sl3q7fol_1_1.vab
Backup Set           49375  24-MAY-25         
  Backup Piece       85830  24-MAY-25          3fc90592-511f-4200-aedc-48597064f4c8/RMAN_full_1062634547_BPMPROD_20250524_sn3q7fvj_2_1.vab
Backup Set           49375  24-MAY-25         
  Backup Piece       85835  24-MAY-25          3fc90592-511f-4200-aedc-48597064f4c8/RMAN_full_1062634547_BPMPROD_20250524_sn3q7fvj_1_1.vab
Backup Set           49376  24-MAY-25         
  Backup Piece       85831  24-MAY-25          3fc90592-511f-4200-aedc-48597064f4c8/RMAN_full_1062634547_BPMPROD_20250524_sp3q7ggg_2_1.vab
Backup Set           49376  24-MAY-25         
  Backup Piece       85833  24-MAY-25          3fc90592-511f-4200-aedc-48597064f4c8/RMAN_full_1062634547_BPMPROD_20250524_sp3q7ggg_1_1.vab
Backup Set           49377  24-MAY-25         
  Backup Piece       85832  24-MAY-25          3fc90592-511f-4200-aedc-48597064f4c8/RMAN_full_1062634547_BPMPROD_20250524_sr3q7h0p_2_1.vab
Backup Set           49377  24-MAY-25         
  Backup Piece       85839  24-MAY-25          3fc90592-511f-4200-aedc-48597064f4c8/RMAN_full_1062634547_BPMPROD_20250524_sr3q7h0p_1_1.vab
Backup Set           49378  24-MAY-25         
  Backup Piece       85834  24-MAY-25          3fc90592-511f-4200-aedc-48597064f4c8/RMAN_full_1062634547_BPMPROD_20250524_st3q7h3j_2_1.vab
Backup Set           49378  24-MAY-25         
  Backup Piece       85837  24-MAY-25          3fc90592-511f-4200-aedc-48597064f4c8/RMAN_full_1062634547_BPMPROD_20250524_st3q7h3j_1_1.vab
Backup Set           49379  24-MAY-25         
  Backup Piece       85836  24-MAY-25          3fc90592-511f-4200-aedc-48597064f4c8/RMAN_full_1062634547_BPMPROD_20250524_sv3q7hj8_2_1.vab
Backup Set           49379  24-MAY-25         
  Backup Piece       85838  24-MAY-25          3fc90592-511f-4200-aedc-48597064f4c8/RMAN_full_1062634547_BPMPROD_20250524_sv3q7hj8_1_1.vab
Backup Set           49380  24-MAY-25         
  Backup Piece       85840  24-MAY-25          3fc90592-511f-4200-aedc-48597064f4c8/RMAN_full_1062634547_BPMPROD_20250524_t13q7hrk_2_1.vab
Backup Set           49380  24-MAY-25         
  Backup Piece       85844  24-MAY-25          3fc90592-511f-4200-aedc-48597064f4c8/RMAN_full_1062634547_BPMPROD_20250524_t13q7hrk_1_1.vab
Backup Set           49381  24-MAY-25         
  Backup Piece       85841  24-MAY-25          3fc90592-511f-4200-aedc-48597064f4c8/RMAN_full_1062634547_BPMPROD_20250524_t33q7i5l_2_1.vab
Backup Set           49381  24-MAY-25         
  Backup Piece       85842  24-MAY-25          3fc90592-511f-4200-aedc-48597064f4c8/RMAN_full_1062634547_BPMPROD_20250524_t33q7i5l_1_1.vab
Backup Set           49383  24-MAY-25         
  Backup Piece       85845  24-MAY-25          3fc90592-511f-4200-aedc-48597064f4c8/RMAN_full_1062634547_BPMPROD_20250524_t53q7iiq_2_1.vab
Backup Set           49383  24-MAY-25         
  Backup Piece       85846  24-MAY-25          3fc90592-511f-4200-aedc-48597064f4c8/RMAN_full_1062634547_BPMPROD_20250524_t53q7iiq_1_1.vab
Backup Set           49382  24-MAY-25         
  Backup Piece       85843  24-MAY-25          3fc90592-511f-4200-aedc-48597064f4c8/RMAN_full_1062634547_BPMPROD_20250524_t73q7ikc_2_1.vab
Backup Set           49382  24-MAY-25         
  Backup Piece       85849  24-MAY-25          3fc90592-511f-4200-aedc-48597064f4c8/RMAN_full_1062634547_BPMPROD_20250524_t73q7ikc_1_1.vab
Backup Set           49384  24-MAY-25         
  Backup Piece       85847  24-MAY-25          3fc90592-511f-4200-aedc-48597064f4c8/RMAN_full_1062634547_BPMPROD_20250524_t93q7j2p_2_1.vab
Backup Set           49384  24-MAY-25         
  Backup Piece       85850  24-MAY-25          3fc90592-511f-4200-aedc-48597064f4c8/RMAN_full_1062634547_BPMPROD_20250524_t93q7j2p_1_1.vab
Backup Set           49385  24-MAY-25         
  Backup Piece       85848  24-MAY-25          3fc90592-511f-4200-aedc-48597064f4c8/RMAN_full_1062634547_BPMPROD_20250524_tb3q7j8o_2_1.vab
Backup Set           49385  24-MAY-25         
  Backup Piece       85852  24-MAY-25          3fc90592-511f-4200-aedc-48597064f4c8/RMAN_full_1062634547_BPMPROD_20250524_tb3q7j8o_1_1.vab
Backup Set           49386  24-MAY-25         
  Backup Piece       85853  24-MAY-25          3fc90592-511f-4200-aedc-48597064f4c8/RMAN_full_1062634547_BPMPROD_20250524_td3q7jcg_2_1.vab
Backup Set           49386  24-MAY-25         
  Backup Piece       85851  24-MAY-25          3fc90592-511f-4200-aedc-48597064f4c8/RMAN_full_1062634547_BPMPROD_20250524_td3q7jcg_1_1.vab
Backup Set           49389  24-MAY-25         
  Backup Piece       85858  24-MAY-25          3fc90592-511f-4200-aedc-48597064f4c8/RMAN_full_1062634547_BPMPROD_20250524_tf3q7jqj_2_1.vab
Backup Set           49389  24-MAY-25         
  Backup Piece       85857  24-MAY-25          3fc90592-511f-4200-aedc-48597064f4c8/RMAN_full_1062634547_BPMPROD_20250524_tf3q7jqj_1_1.vab
Backup Set           49387  24-MAY-25         
  Backup Piece       85854  24-MAY-25          3fc90592-511f-4200-aedc-48597064f4c8/RMAN_full_1062634547_BPMPROD_20250524_th3q7k3m_2_1.vab
Backup Set           49387  24-MAY-25         
  Backup Piece       85856  24-MAY-25          3fc90592-511f-4200-aedc-48597064f4c8/RMAN_full_1062634547_BPMPROD_20250524_th3q7k3m_1_1.vab
Backup Set           49388  24-MAY-25         
  Backup Piece       85855  24-MAY-25          3fc90592-511f-4200-aedc-48597064f4c8/RMAN_full_1062634547_BPMPROD_20250524_tj3q7kat_2_1.vab
Backup Set           49388  24-MAY-25         
  Backup Piece       85860  24-MAY-25          3fc90592-511f-4200-aedc-48597064f4c8/RMAN_full_1062634547_BPMPROD_20250524_tj3q7kat_1_1.vab
Backup Set           49391  24-MAY-25         
  Backup Piece       85862  24-MAY-25          3fc90592-511f-4200-aedc-48597064f4c8/RMAN_full_1062634547_BPMPROD_20250524_tl3q7l8k_2_1.vab
Backup Set           49391  24-MAY-25         
  Backup Piece       85861  24-MAY-25          3fc90592-511f-4200-aedc-48597064f4c8/RMAN_full_1062634547_BPMPROD_20250524_tl3q7l8k_1_1.vab
Backup Set           49390  24-MAY-25         
  Backup Piece       85859  24-MAY-25          3fc90592-511f-4200-aedc-48597064f4c8/RMAN_full_1062634547_BPMPROD_20250524_tn3q7lnv_2_1.vab
Backup Set           49390  24-MAY-25         
  Backup Piece       85864  24-MAY-25          3fc90592-511f-4200-aedc-48597064f4c8/RMAN_full_1062634547_BPMPROD_20250524_tn3q7lnv_1_1.vab
Backup Set           49392  24-MAY-25         
  Backup Piece       85863  24-MAY-25          3fc90592-511f-4200-aedc-48597064f4c8/RMAN_full_1062634547_BPMPROD_20250524_tp3q7lt0_2_1.vab
Backup Set           49392  24-MAY-25         
  Backup Piece       85870  24-MAY-25          3fc90592-511f-4200-aedc-48597064f4c8/RMAN_full_1062634547_BPMPROD_20250524_tp3q7lt0_1_1.vab
Backup Set           49393  24-MAY-25         
  Backup Piece       85865  24-MAY-25          3fc90592-511f-4200-aedc-48597064f4c8/RMAN_full_1062634547_BPMPROD_20250524_tr3q7mkp_2_1.vab
Backup Set           49393  24-MAY-25         
  Backup Piece       85871  24-MAY-25          3fc90592-511f-4200-aedc-48597064f4c8/RMAN_full_1062634547_BPMPROD_20250524_tr3q7mkp_1_1.vab
Backup Set           49395  24-MAY-25         
  Backup Piece       85872  24-MAY-25          3fc90592-511f-4200-aedc-48597064f4c8/RMAN_full_1062634547_BPMPROD_20250524_tt3q7mrv_2_1.vab
Backup Set           49395  24-MAY-25         
  Backup Piece       85868  24-MAY-25          3fc90592-511f-4200-aedc-48597064f4c8/RMAN_full_1062634547_BPMPROD_20250524_tt3q7mrv_1_1.vab
Backup Set           49394  24-MAY-25         
  Backup Piece       85867  24-MAY-25          3fc90592-511f-4200-aedc-48597064f4c8/RMAN_full_1062634547_BPMPROD_20250524_tv3q7ncs_2_1.vab
Backup Set           49394  24-MAY-25         
  Backup Piece       85866  24-MAY-25          3fc90592-511f-4200-aedc-48597064f4c8/RMAN_full_1062634547_BPMPROD_20250524_tv3q7ncs_1_1.vab
Backup Set           49396  24-MAY-25         
  Backup Piece       85869  24-MAY-25          3fc90592-511f-4200-aedc-48597064f4c8/RMAN_full_1062634547_BPMPROD_20250524_u13q7o34_2_1.vab
Backup Set           49396  24-MAY-25         
  Backup Piece       85873  24-MAY-25          3fc90592-511f-4200-aedc-48597064f4c8/RMAN_full_1062634547_BPMPROD_20250524_u13q7o34_1_1.vab
Backup Set           49397  24-MAY-25         
  Backup Piece       85874  24-MAY-25          3fc90592-511f-4200-aedc-48597064f4c8/RMAN_full_1062634547_BPMPROD_20250524_u33q7ofg_2_1.vab
Backup Set           49397  24-MAY-25         
  Backup Piece       85877  24-MAY-25          3fc90592-511f-4200-aedc-48597064f4c8/RMAN_full_1062634547_BPMPROD_20250524_u33q7ofg_1_1.vab
Backup Set           49399  24-MAY-25         
  Backup Piece       85876  24-MAY-25          3fc90592-511f-4200-aedc-48597064f4c8/RMAN_full_1062634547_BPMPROD_20250524_u53q7ojj_2_1.vab
Backup Set           49399  24-MAY-25         
  Backup Piece       85878  24-MAY-25          3fc90592-511f-4200-aedc-48597064f4c8/RMAN_full_1062634547_BPMPROD_20250524_u53q7ojj_1_1.vab
Backup Set           49398  24-MAY-25         
  Backup Piece       85875  24-MAY-25          3fc90592-511f-4200-aedc-48597064f4c8/RMAN_full_1062634547_BPMPROD_20250524_u73q7ola_2_1.vab
Backup Set           49398  24-MAY-25         
  Backup Piece       85880  24-MAY-25          3fc90592-511f-4200-aedc-48597064f4c8/RMAN_full_1062634547_BPMPROD_20250524_u73q7ola_1_1.vab
Backup Set           49400  24-MAY-25         
  Backup Piece       85879  24-MAY-25          3fc90592-511f-4200-aedc-48597064f4c8/RMAN_full_1062634547_BPMPROD_20250524_u93q7p3n_2_1.vab
Backup Set           49400  24-MAY-25         
  Backup Piece       85882  24-MAY-25          3fc90592-511f-4200-aedc-48597064f4c8/RMAN_full_1062634547_BPMPROD_20250524_u93q7p3n_1_1.vab
Backup Set           49401  24-MAY-25         
  Backup Piece       85881  24-MAY-25          3fc90592-511f-4200-aedc-48597064f4c8/RMAN_full_1062634547_BPMPROD_20250524_ub3q7p9b_2_1.vab
Backup Set           49401  24-MAY-25         
  Backup Piece       85885  24-MAY-25          3fc90592-511f-4200-aedc-48597064f4c8/RMAN_full_1062634547_BPMPROD_20250524_ub3q7p9b_1_1.vab
Backup Set           49402  24-MAY-25         
  Backup Piece       85883  24-MAY-25          3fc90592-511f-4200-aedc-48597064f4c8/RMAN_full_1062634547_BPMPROD_20250524_ud3q7pi4_2_1.vab
Backup Set           49402  24-MAY-25         
  Backup Piece       85886  24-MAY-25          3fc90592-511f-4200-aedc-48597064f4c8/RMAN_full_1062634547_BPMPROD_20250524_ud3q7pi4_1_1.vab
Backup Set           49403  24-MAY-25         
  Backup Piece       85884  24-MAY-25          3fc90592-511f-4200-aedc-48597064f4c8/RMAN_full_1062634547_BPMPROD_20250524_uf3q7pnp_2_1.vab
Backup Set           49403  24-MAY-25         
  Backup Piece       85889  24-MAY-25          3fc90592-511f-4200-aedc-48597064f4c8/RMAN_full_1062634547_BPMPROD_20250524_uf3q7pnp_1_1.vab
Backup Set           49404  24-MAY-25         
  Backup Piece       85887  24-MAY-25          3fc90592-511f-4200-aedc-48597064f4c8/RMAN_full_1062634547_BPMPROD_20250524_uh3q7pt3_2_1.vab
Backup Set           49404  24-MAY-25         
  Backup Piece       85888  24-MAY-25          3fc90592-511f-4200-aedc-48597064f4c8/RMAN_full_1062634547_BPMPROD_20250524_uh3q7pt3_1_1.vab
Backup Set           49405  24-MAY-25         
  Backup Piece       85890  24-MAY-25          3fc90592-511f-4200-aedc-48597064f4c8/RMAN_full_1062634547_BPMPROD_20250524_uj3q7qa8_2_1.vab
Backup Set           49405  24-MAY-25         
  Backup Piece       85892  24-MAY-25          3fc90592-511f-4200-aedc-48597064f4c8/RMAN_full_1062634547_BPMPROD_20250524_uj3q7qa8_1_1.vab
Backup Set           49406  24-MAY-25         
  Backup Piece       85891  24-MAY-25          3fc90592-511f-4200-aedc-48597064f4c8/RMAN_full_1062634547_BPMPROD_20250524_ul3q7qhf_2_1.vab
Backup Set           49406  24-MAY-25         
  Backup Piece       85896  24-MAY-25          3fc90592-511f-4200-aedc-48597064f4c8/RMAN_full_1062634547_BPMPROD_20250524_ul3q7qhf_1_1.vab
Backup Set           49407  24-MAY-25         
  Backup Piece       85893  24-MAY-25          3fc90592-511f-4200-aedc-48597064f4c8/RMAN_full_1062634547_BPMPROD_20250524_un3q7qm5_2_1.vab
Backup Set           49407  24-MAY-25         
  Backup Piece       85894  24-MAY-25          3fc90592-511f-4200-aedc-48597064f4c8/RMAN_full_1062634547_BPMPROD_20250524_un3q7qm5_1_1.vab
Backup Set           49408  24-MAY-25         
  Backup Piece       85895  24-MAY-25          3fc90592-511f-4200-aedc-48597064f4c8/RMAN_full_1062634547_BPMPROD_20250524_up3q7r22_2_1.vab
Backup Set           49408  24-MAY-25         
  Backup Piece       85900  24-MAY-25          3fc90592-511f-4200-aedc-48597064f4c8/RMAN_full_1062634547_BPMPROD_20250524_up3q7r22_1_1.vab
Backup Set           49409  24-MAY-25         
  Backup Piece       85899  24-MAY-25          3fc90592-511f-4200-aedc-48597064f4c8/RMAN_full_1062634547_BPMPROD_20250524_ur3q7r2l_2_1.vab
Backup Set           49409  24-MAY-25         
  Backup Piece       85897  24-MAY-25          3fc90592-511f-4200-aedc-48597064f4c8/RMAN_full_1062634547_BPMPROD_20250524_ur3q7r2l_1_1.vab
Backup Set           49410  24-MAY-25         
  Backup Piece       85898  24-MAY-25          3fc90592-511f-4200-aedc-48597064f4c8/RMAN_full_1062634547_BPMPROD_20250524_ut3q7riu_2_1.vab
Backup Set           49410  24-MAY-25         
  Backup Piece       85901  24-MAY-25          3fc90592-511f-4200-aedc-48597064f4c8/RMAN_full_1062634547_BPMPROD_20250524_ut3q7riu_1_1.vab
Backup Set           49411  24-MAY-25         
  Backup Piece       85902  24-MAY-25          3fc90592-511f-4200-aedc-48597064f4c8/RMAN_full_1062634547_BPMPROD_20250524_uv3q7rmc_2_1.vab
Backup Set           49411  24-MAY-25         
  Backup Piece       85904  24-MAY-25          3fc90592-511f-4200-aedc-48597064f4c8/RMAN_full_1062634547_BPMPROD_20250524_uv3q7rmc_1_1.vab
Backup Set           49412  24-MAY-25         
  Backup Piece       85903  24-MAY-25          3fc90592-511f-4200-aedc-48597064f4c8/RMAN_full_1062634547_BPMPROD_20250524_v13q7s37_2_1.vab
Backup Set           49412  24-MAY-25         
  Backup Piece       85906  24-MAY-25          3fc90592-511f-4200-aedc-48597064f4c8/RMAN_full_1062634547_BPMPROD_20250524_v13q7s37_1_1.vab
Backup Set           49413  24-MAY-25         
  Backup Piece       85905  24-MAY-25          3fc90592-511f-4200-aedc-48597064f4c8/RMAN_full_1062634547_BPMPROD_20250524_v33q7s8f_2_1.vab
Backup Set           49413  24-MAY-25         
  Backup Piece       85909  24-MAY-25          3fc90592-511f-4200-aedc-48597064f4c8/RMAN_full_1062634547_BPMPROD_20250524_v33q7s8f_1_1.vab
Backup Set           49415  24-MAY-25         
  Backup Piece       85908  24-MAY-25          3fc90592-511f-4200-aedc-48597064f4c8/RMAN_full_1062634547_BPMPROD_20250524_v53q7si6_2_1.vab
Backup Set           49415  24-MAY-25         
  Backup Piece       85910  24-MAY-25          3fc90592-511f-4200-aedc-48597064f4c8/RMAN_full_1062634547_BPMPROD_20250524_v53q7si6_1_1.vab
Backup Set           49414  24-MAY-25         
  Backup Piece       85907  24-MAY-25          3fc90592-511f-4200-aedc-48597064f4c8/RMAN_full_1062634547_BPMPROD_20250524_v73q7sr9_2_1.vab
Backup Set           49414  24-MAY-25         
  Backup Piece       85913  24-MAY-25          3fc90592-511f-4200-aedc-48597064f4c8/RMAN_full_1062634547_BPMPROD_20250524_v73q7sr9_1_1.vab
Backup Set           49416  24-MAY-25         
  Backup Piece       85911  24-MAY-25          3fc90592-511f-4200-aedc-48597064f4c8/RMAN_full_1062634547_BPMPROD_20250524_v93q7sun_2_1.vab
Backup Set           49416  24-MAY-25         
  Backup Piece       85912  24-MAY-25          3fc90592-511f-4200-aedc-48597064f4c8/RMAN_full_1062634547_BPMPROD_20250524_v93q7sun_1_1.vab
Backup Set           49417  24-MAY-25         
  Backup Piece       85914  24-MAY-25          3fc90592-511f-4200-aedc-48597064f4c8/RMAN_full_1062634547_BPMPROD_20250524_vb3q7td4_2_1.vab
Backup Set           49417  24-MAY-25         
  Backup Piece       85918  24-MAY-25          3fc90592-511f-4200-aedc-48597064f4c8/RMAN_full_1062634547_BPMPROD_20250524_vb3q7td4_1_1.vab
Backup Set           49418  24-MAY-25         
  Backup Piece       85915  24-MAY-25          3fc90592-511f-4200-aedc-48597064f4c8/RMAN_full_1062634547_BPMPROD_20250524_vd3q7tf6_2_1.vab
Backup Set           49418  24-MAY-25         
  Backup Piece       85916  24-MAY-25          3fc90592-511f-4200-aedc-48597064f4c8/RMAN_full_1062634547_BPMPROD_20250524_vd3q7tf6_1_1.vab
Backup Set           49419  24-MAY-25         
  Backup Piece       85917  24-MAY-25          3fc90592-511f-4200-aedc-48597064f4c8/RMAN_full_1062634547_BPMPROD_20250524_vf3q7tqp_2_1.vab
Backup Set           49419  24-MAY-25         
  Backup Piece       85921  24-MAY-25          3fc90592-511f-4200-aedc-48597064f4c8/RMAN_full_1062634547_BPMPROD_20250524_vf3q7tqp_1_1.vab
Backup Set           49420  24-MAY-25         
  Backup Piece       85919  24-MAY-25          3fc90592-511f-4200-aedc-48597064f4c8/RMAN_full_1062634547_BPMPROD_20250524_vh3q7u3m_2_1.vab
Backup Set           49420  24-MAY-25         
  Backup Piece       85925  24-MAY-25          3fc90592-511f-4200-aedc-48597064f4c8/RMAN_full_1062634547_BPMPROD_20250524_vh3q7u3m_1_1.vab
Backup Set           49421  24-MAY-25         
  Backup Piece       85920  24-MAY-25          3fc90592-511f-4200-aedc-48597064f4c8/RMAN_full_1062634547_BPMPROD_20250524_vj3q7uaj_2_1.vab
Backup Set           49421  24-MAY-25         
  Backup Piece       85922  24-MAY-25          3fc90592-511f-4200-aedc-48597064f4c8/RMAN_full_1062634547_BPMPROD_20250524_vj3q7uaj_1_1.vab
Backup Set           49422  24-MAY-25         
  Backup Piece       85924  24-MAY-25          3fc90592-511f-4200-aedc-48597064f4c8/RMAN_full_1062634547_BPMPROD_20250524_vl3q7udd_2_1.vab
Backup Set           49422  24-MAY-25         
  Backup Piece       85923  24-MAY-25          3fc90592-511f-4200-aedc-48597064f4c8/RMAN_full_1062634547_BPMPROD_20250524_vl3q7udd_1_1.vab
Backup Set           49423  24-MAY-25         
  Backup Piece       85926  24-MAY-25          3fc90592-511f-4200-aedc-48597064f4c8/RMAN_full_1062634547_BPMPROD_20250524_vn3q7uul_2_1.vab
Backup Set           49423  24-MAY-25         
  Backup Piece       85930  24-MAY-25          3fc90592-511f-4200-aedc-48597064f4c8/RMAN_full_1062634547_BPMPROD_20250524_vn3q7uul_1_1.vab
Backup Set           49424  24-MAY-25         
  Backup Piece       85927  24-MAY-25          3fc90592-511f-4200-aedc-48597064f4c8/RMAN_full_1062634547_BPMPROD_20250524_vp3q7v9p_2_1.vab
Backup Set           49424  24-MAY-25         
  Backup Piece       85928  24-MAY-25          3fc90592-511f-4200-aedc-48597064f4c8/RMAN_full_1062634547_BPMPROD_20250524_vp3q7v9p_1_1.vab
Backup Set           49425  24-MAY-25         
  Backup Piece       85931  24-MAY-25          3fc90592-511f-4200-aedc-48597064f4c8/RMAN_full_1062634547_BPMPROD_20250524_vr3q7vcl_2_1.vab
Backup Set           49425  24-MAY-25         
  Backup Piece       85929  24-MAY-25          3fc90592-511f-4200-aedc-48597064f4c8/RMAN_full_1062634547_BPMPROD_20250524_vr3q7vcl_1_1.vab
Backup Set           49426  24-MAY-25         
  Backup Piece       85935  24-MAY-25          3fc90592-511f-4200-aedc-48597064f4c8/RMAN_full_1062634547_BPMPROD_20250524_vt3q7vfp_2_1.vab
Backup Set           49426  24-MAY-25         
  Backup Piece       85932  24-MAY-25          3fc90592-511f-4200-aedc-48597064f4c8/RMAN_full_1062634547_BPMPROD_20250524_vt3q7vfp_1_1.vab
Backup Set           49427  24-MAY-25         
  Backup Piece       85933  24-MAY-25          3fc90592-511f-4200-aedc-48597064f4c8/RMAN_full_1062634547_BPMPROD_20250524_vv3q806b_2_1.vab
Backup Set           49427  24-MAY-25         
  Backup Piece       85936  24-MAY-25          3fc90592-511f-4200-aedc-48597064f4c8/RMAN_full_1062634547_BPMPROD_20250524_vv3q806b_1_1.vab
Backup Set           49428  24-MAY-25         
  Backup Piece       85934  24-MAY-25          3fc90592-511f-4200-aedc-48597064f4c8/RMAN_full_1062634547_BPMPROD_20250524_013q807j_2_1.vab
Backup Set           49428  24-MAY-25         
  Backup Piece       85938  24-MAY-25          3fc90592-511f-4200-aedc-48597064f4c8/RMAN_full_1062634547_BPMPROD_20250524_013q807j_1_1.vab
Backup Set           49429  24-MAY-25         
  Backup Piece       85939  24-MAY-25          3fc90592-511f-4200-aedc-48597064f4c8/RMAN_full_1062634547_BPMPROD_20250524_033q80bc_2_1.vab
Backup Set           49429  24-MAY-25         
  Backup Piece       85937  24-MAY-25          3fc90592-511f-4200-aedc-48597064f4c8/RMAN_full_1062634547_BPMPROD_20250524_033q80bc_1_1.vab
Backup Set           49431  24-MAY-25         
  Backup Piece       85941  24-MAY-25          3fc90592-511f-4200-aedc-48597064f4c8/RMAN_full_1062634547_BPMPROD_20250524_053q80qc_2_1.vab
Backup Set           49431  24-MAY-25         
  Backup Piece       85943  24-MAY-25          3fc90592-511f-4200-aedc-48597064f4c8/RMAN_full_1062634547_BPMPROD_20250524_053q80qc_1_1.vab
Backup Set           49430  24-MAY-25         
  Backup Piece       85940  24-MAY-25          3fc90592-511f-4200-aedc-48597064f4c8/RMAN_full_1062634547_BPMPROD_20250524_073q8151_2_1.vab
Backup Set           49430  24-MAY-25         
  Backup Piece       85944  24-MAY-25          3fc90592-511f-4200-aedc-48597064f4c8/RMAN_full_1062634547_BPMPROD_20250524_073q8151_1_1.vab
Backup Set           49432  24-MAY-25         
  Backup Piece       85942  24-MAY-25          3fc90592-511f-4200-aedc-48597064f4c8/RMAN_full_1062634547_BPMPROD_20250524_093q819e_2_1.vab
Backup Set           49432  24-MAY-25         
  Backup Piece       85946  24-MAY-25          3fc90592-511f-4200-aedc-48597064f4c8/RMAN_full_1062634547_BPMPROD_20250524_093q819e_1_1.vab
Backup Set           49433  24-MAY-25         
  Backup Piece       85945  24-MAY-25          3fc90592-511f-4200-aedc-48597064f4c8/RMAN_full_1062634547_BPMPROD_20250524_0b3q81nr_2_1.vab
Backup Set           49433  24-MAY-25         
  Backup Piece       85950  24-MAY-25          3fc90592-511f-4200-aedc-48597064f4c8/RMAN_full_1062634547_BPMPROD_20250524_0b3q81nr_1_1.vab
Backup Set           49434  24-MAY-25         
  Backup Piece       85948  24-MAY-25          3fc90592-511f-4200-aedc-48597064f4c8/RMAN_full_1062634547_BPMPROD_20250524_0d3q81s2_2_1.vab
Backup Set           49434  24-MAY-25         
  Backup Piece       85947  24-MAY-25          3fc90592-511f-4200-aedc-48597064f4c8/RMAN_full_1062634547_BPMPROD_20250524_0d3q81s2_1_1.vab
Backup Set           49435  24-MAY-25         
  Backup Piece       85949  24-MAY-25          3fc90592-511f-4200-aedc-48597064f4c8/RMAN_full_1062634547_BPMPROD_20250524_0f3q827v_2_1.vab
Backup Set           49435  24-MAY-25         
  Backup Piece       85951  24-MAY-25          3fc90592-511f-4200-aedc-48597064f4c8/RMAN_full_1062634547_BPMPROD_20250524_0f3q827v_1_1.vab
Backup Set           49436  24-MAY-25         
  Backup Piece       85952  24-MAY-25          3fc90592-511f-4200-aedc-48597064f4c8/RMAN_full_1062634547_BPMPROD_20250524_0h3q82mc_2_1.vab
Backup Set           49436  24-MAY-25         
  Backup Piece       85958  24-MAY-25          3fc90592-511f-4200-aedc-48597064f4c8/RMAN_full_1062634547_BPMPROD_20250524_0h3q82mc_1_1.vab
Backup Set           49437  24-MAY-25         
  Backup Piece       85953  24-MAY-25          3fc90592-511f-4200-aedc-48597064f4c8/RMAN_full_1062634547_BPMPROD_20250524_0j3q82ve_2_1.vab
Backup Set           49437  24-MAY-25         
  Backup Piece       85956  24-MAY-25          3fc90592-511f-4200-aedc-48597064f4c8/RMAN_full_1062634547_BPMPROD_20250524_0j3q82ve_1_1.vab
Backup Set           49438  24-MAY-25         
  Backup Piece       85954  24-MAY-25          3fc90592-511f-4200-aedc-48597064f4c8/RMAN_full_1062634547_BPMPROD_20250524_0l3q8387_2_1.vab
Backup Set           49438  24-MAY-25         
  Backup Piece       85959  24-MAY-25          3fc90592-511f-4200-aedc-48597064f4c8/RMAN_full_1062634547_BPMPROD_20250524_0l3q8387_1_1.vab
Backup Set           49439  24-MAY-25         
  Backup Piece       85955  24-MAY-25          3fc90592-511f-4200-aedc-48597064f4c8/RMAN_full_1062634547_BPMPROD_20250524_0n3q83cs_2_1.vab
Backup Set           49439  24-MAY-25         
  Backup Piece       85957  24-MAY-25          3fc90592-511f-4200-aedc-48597064f4c8/RMAN_full_1062634547_BPMPROD_20250524_0n3q83cs_1_1.vab
Backup Set           49440  24-MAY-25         
  Backup Piece       85960  24-MAY-25          3fc90592-511f-4200-aedc-48597064f4c8/RMAN_full_1062634547_BPMPROD_20250524_0p3q83p2_2_1.vab
Backup Set           49440  24-MAY-25         
  Backup Piece       85961  24-MAY-25          3fc90592-511f-4200-aedc-48597064f4c8/RMAN_full_1062634547_BPMPROD_20250524_0p3q83p2_1_1.vab
Backup Set           49441  24-MAY-25         
  Backup Piece       85962  24-MAY-25          3fc90592-511f-4200-aedc-48597064f4c8/RMAN_full_1062634547_BPMPROD_20250524_0r3q843n_2_1.vab
Backup Set           49441  24-MAY-25         
  Backup Piece       85964  24-MAY-25          3fc90592-511f-4200-aedc-48597064f4c8/RMAN_full_1062634547_BPMPROD_20250524_0r3q843n_1_1.vab
Backup Set           49443  24-MAY-25         
  Backup Piece       85965  24-MAY-25          3fc90592-511f-4200-aedc-48597064f4c8/RMAN_full_1062634547_BPMPROD_20250524_0t3q849v_2_1.vab
Backup Set           49443  24-MAY-25         
  Backup Piece       85967  24-MAY-25          3fc90592-511f-4200-aedc-48597064f4c8/RMAN_full_1062634547_BPMPROD_20250524_0t3q849v_1_1.vab
Backup Set           49442  24-MAY-25         
  Backup Piece       85963  24-MAY-25          3fc90592-511f-4200-aedc-48597064f4c8/RMAN_full_1062634547_BPMPROD_20250524_0v3q84ms_2_1.vab
Backup Set           49442  24-MAY-25         
  Backup Piece       85966  24-MAY-25          3fc90592-511f-4200-aedc-48597064f4c8/RMAN_full_1062634547_BPMPROD_20250524_0v3q84ms_1_1.vab
Backup Set           49444  24-MAY-25         
  Backup Piece       85969  24-MAY-25          3fc90592-511f-4200-aedc-48597064f4c8/RMAN_full_1062634547_BPMPROD_20250524_113q84rj_2_1.vab
Backup Set           49444  24-MAY-25         
  Backup Piece       85968  24-MAY-25          3fc90592-511f-4200-aedc-48597064f4c8/RMAN_full_1062634547_BPMPROD_20250524_113q84rj_1_1.vab
Backup Set           49445  24-MAY-25         
  Backup Piece       85970  24-MAY-25          3fc90592-511f-4200-aedc-48597064f4c8/RMAN_full_1062634547_BPMPROD_20250524_133q85e2_2_1.vab
Backup Set           49445  24-MAY-25         
  Backup Piece       85974  24-MAY-25          3fc90592-511f-4200-aedc-48597064f4c8/RMAN_full_1062634547_BPMPROD_20250524_133q85e2_1_1.vab
Backup Set           49447  24-MAY-25         
  Backup Piece       85972  24-MAY-25          3fc90592-511f-4200-aedc-48597064f4c8/RMAN_full_1062634547_BPMPROD_20250524_153q85j2_2_1.vab
Backup Set           49447  24-MAY-25         
  Backup Piece       85973  24-MAY-25          3fc90592-511f-4200-aedc-48597064f4c8/RMAN_full_1062634547_BPMPROD_20250524_153q85j2_1_1.vab
Backup Set           49446  24-MAY-25         
  Backup Piece       85971  24-MAY-25          3fc90592-511f-4200-aedc-48597064f4c8/RMAN_full_1062634547_BPMPROD_20250524_173q85on_2_1.vab
Backup Set           49446  24-MAY-25         
  Backup Piece       85975  24-MAY-25          3fc90592-511f-4200-aedc-48597064f4c8/RMAN_full_1062634547_BPMPROD_20250524_173q85on_1_1.vab
Backup Set           49448  24-MAY-25         
  Backup Piece       85976  24-MAY-25          3fc90592-511f-4200-aedc-48597064f4c8/RMAN_full_1062634547_BPMPROD_20250524_193q865s_2_1.vab
Backup Set           49448  24-MAY-25         
  Backup Piece       85978  24-MAY-25          3fc90592-511f-4200-aedc-48597064f4c8/RMAN_full_1062634547_BPMPROD_20250524_193q865s_1_1.vab
Backup Set           49449  24-MAY-25         
  Backup Piece       85977  24-MAY-25          3fc90592-511f-4200-aedc-48597064f4c8/RMAN_full_1062634547_BPMPROD_20250524_1b3q86du_2_1.vab
Backup Set           49449  24-MAY-25         
  Backup Piece       85982  24-MAY-25          3fc90592-511f-4200-aedc-48597064f4c8/RMAN_full_1062634547_BPMPROD_20250524_1b3q86du_1_1.vab
Backup Set           49450  24-MAY-25         
  Backup Piece       85979  24-MAY-25          3fc90592-511f-4200-aedc-48597064f4c8/RMAN_full_1062634547_BPMPROD_20250524_1d3q86n1_2_1.vab
Backup Set           49450  24-MAY-25         
  Backup Piece       85984  24-MAY-25          3fc90592-511f-4200-aedc-48597064f4c8/RMAN_full_1062634547_BPMPROD_20250524_1d3q86n1_1_1.vab
Backup Set           49451  24-MAY-25         
  Backup Piece       85980  24-MAY-25          3fc90592-511f-4200-aedc-48597064f4c8/RMAN_full_1062634547_BPMPROD_20250524_1f3q86ui_2_1.vab
Backup Set           49451  24-MAY-25         
  Backup Piece       85983  24-MAY-25          3fc90592-511f-4200-aedc-48597064f4c8/RMAN_full_1062634547_BPMPROD_20250524_1f3q86ui_1_1.vab
Backup Set           49452  24-MAY-25         
  Backup Piece       85981  24-MAY-25          3fc90592-511f-4200-aedc-48597064f4c8/RMAN_full_1062634547_BPMPROD_20250524_1h3q8797_2_1.vab
Backup Set           49452  24-MAY-25         
  Backup Piece       85988  24-MAY-25          3fc90592-511f-4200-aedc-48597064f4c8/RMAN_full_1062634547_BPMPROD_20250524_1h3q8797_1_1.vab
Backup Set           49453  24-MAY-25         
  Backup Piece       85985  24-MAY-25          3fc90592-511f-4200-aedc-48597064f4c8/RMAN_full_1062634547_BPMPROD_20250524_1j3q87j5_2_1.vab
Backup Set           49453  24-MAY-25         
  Backup Piece       85987  24-MAY-25          3fc90592-511f-4200-aedc-48597064f4c8/RMAN_full_1062634547_BPMPROD_20250524_1j3q87j5_1_1.vab
Backup Set           49454  24-MAY-25         
  Backup Piece       85986  24-MAY-25          3fc90592-511f-4200-aedc-48597064f4c8/RMAN_full_1062634547_BPMPROD_20250524_1l3q87tg_2_1.vab
Backup Set           49454  24-MAY-25         
  Backup Piece       85991  24-MAY-25          3fc90592-511f-4200-aedc-48597064f4c8/RMAN_full_1062634547_BPMPROD_20250524_1l3q87tg_1_1.vab
Backup Set           49455  24-MAY-25         
  Backup Piece       85989  24-MAY-25          3fc90592-511f-4200-aedc-48597064f4c8/RMAN_full_1062634547_BPMPROD_20250524_1n3q883o_2_1.vab
Backup Set           49455  24-MAY-25         
  Backup Piece       85992  24-MAY-25          3fc90592-511f-4200-aedc-48597064f4c8/RMAN_full_1062634547_BPMPROD_20250524_1n3q883o_1_1.vab
Backup Set           49456  24-MAY-25         
  Backup Piece       85990  24-MAY-25          3fc90592-511f-4200-aedc-48597064f4c8/RMAN_full_1062634547_BPMPROD_20250524_1p3q88f1_2_1.vab
Backup Set           49456  24-MAY-25         
  Backup Piece       85993  24-MAY-25          3fc90592-511f-4200-aedc-48597064f4c8/RMAN_full_1062634547_BPMPROD_20250524_1p3q88f1_1_1.vab
Backup Set           49457  24-MAY-25         
  Backup Piece       85994  24-MAY-25          3fc90592-511f-4200-aedc-48597064f4c8/RMAN_full_1062634547_BPMPROD_20250524_1r3q88nq_2_1.vab
Backup Set           49457  24-MAY-25         
  Backup Piece       85998  24-MAY-25          3fc90592-511f-4200-aedc-48597064f4c8/RMAN_full_1062634547_BPMPROD_20250524_1r3q88nq_1_1.vab
Backup Set           49458  24-MAY-25         
  Backup Piece       85995  24-MAY-25          3fc90592-511f-4200-aedc-48597064f4c8/RMAN_full_1062634547_BPMPROD_20250524_1t3q88ud_2_1.vab
Backup Set           49458  24-MAY-25         
  Backup Piece       85997  24-MAY-25          3fc90592-511f-4200-aedc-48597064f4c8/RMAN_full_1062634547_BPMPROD_20250524_1t3q88ud_1_1.vab
Backup Set           49459  24-MAY-25         
  Backup Piece       85996  24-MAY-25          3fc90592-511f-4200-aedc-48597064f4c8/RMAN_full_1062634547_BPMPROD_20250524_1v3q895k_2_1.vab
Backup Set           49459  24-MAY-25         
  Backup Piece       86001  24-MAY-25          3fc90592-511f-4200-aedc-48597064f4c8/RMAN_full_1062634547_BPMPROD_20250524_1v3q895k_1_1.vab
Backup Set           49460  24-MAY-25         
  Backup Piece       86004  24-MAY-25          3fc90592-511f-4200-aedc-48597064f4c8/RMAN_full_1062634547_BPMPROD_20250524_213q899m_2_1.vab
Backup Set           49460  24-MAY-25         
  Backup Piece       85999  24-MAY-25          3fc90592-511f-4200-aedc-48597064f4c8/RMAN_full_1062634547_BPMPROD_20250524_213q899m_1_1.vab
Backup Set           49463  24-MAY-25         
  Backup Piece       86003  24-MAY-25          3fc90592-511f-4200-aedc-48597064f4c8/RMAN_full_1062634547_BPMPROD_20250524_233q89nf_2_1.vab
Backup Set           49463  24-MAY-25         
  Backup Piece       86005  24-MAY-25          3fc90592-511f-4200-aedc-48597064f4c8/RMAN_full_1062634547_BPMPROD_20250524_233q89nf_1_1.vab
Backup Set           49461  24-MAY-25         
  Backup Piece       86000  24-MAY-25          3fc90592-511f-4200-aedc-48597064f4c8/RMAN_full_1062634547_BPMPROD_20250524_253q89sa_2_1.vab
Backup Set           49461  24-MAY-25         
  Backup Piece       86010  24-MAY-25          3fc90592-511f-4200-aedc-48597064f4c8/RMAN_full_1062634547_BPMPROD_20250524_253q89sa_1_1.vab
Backup Set           49462  24-MAY-25         
  Backup Piece       86002  24-MAY-25          3fc90592-511f-4200-aedc-48597064f4c8/RMAN_full_1062634547_BPMPROD_20250524_273q8a4p_2_1.vab
Backup Set           49462  24-MAY-25         
  Backup Piece       86007  24-MAY-25          3fc90592-511f-4200-aedc-48597064f4c8/RMAN_full_1062634547_BPMPROD_20250524_273q8a4p_1_1.vab
Backup Set           49464  24-MAY-25         
  Backup Piece       86006  24-MAY-25          3fc90592-511f-4200-aedc-48597064f4c8/RMAN_full_1062634547_BPMPROD_20250524_293q8a88_2_1.vab
Backup Set           49464  24-MAY-25         
  Backup Piece       86008  24-MAY-25          3fc90592-511f-4200-aedc-48597064f4c8/RMAN_full_1062634547_BPMPROD_20250524_293q8a88_1_1.vab
Backup Set           49465  24-MAY-25         
  Backup Piece       86009  24-MAY-25          3fc90592-511f-4200-aedc-48597064f4c8/RMAN_full_1062634547_BPMPROD_20250524_2b3q8a8b_2_1.vab
Backup Set           49465  24-MAY-25         
  Backup Piece       86011  24-MAY-25          3fc90592-511f-4200-aedc-48597064f4c8/RMAN_full_1062634547_BPMPROD_20250524_2b3q8a8b_1_1.vab
Backup Set           49466  24-MAY-25         
  Backup Piece       86012  24-MAY-25          3fc90592-511f-4200-aedc-48597064f4c8/RMAN_full_1062634547_BPMPROD_20250524_2d3q8aqq_2_1.vab
Backup Set           49466  24-MAY-25         
  Backup Piece       86015  24-MAY-25          3fc90592-511f-4200-aedc-48597064f4c8/RMAN_full_1062634547_BPMPROD_20250524_2d3q8aqq_1_1.vab
Backup Set           49467  24-MAY-25         
  Backup Piece       86013  24-MAY-25          3fc90592-511f-4200-aedc-48597064f4c8/RMAN_full_1062634547_BPMPROD_20250524_2f3q8b63_2_1.vab
Backup Set           49467  24-MAY-25         
  Backup Piece       86020  24-MAY-25          3fc90592-511f-4200-aedc-48597064f4c8/RMAN_full_1062634547_BPMPROD_20250524_2f3q8b63_1_1.vab
Backup Set           49468  24-MAY-25         
  Backup Piece       86014  24-MAY-25          3fc90592-511f-4200-aedc-48597064f4c8/RMAN_full_1062634547_BPMPROD_20250524_2h3q8bc7_2_1.vab
Backup Set           49468  24-MAY-25         
  Backup Piece       86017  24-MAY-25          3fc90592-511f-4200-aedc-48597064f4c8/RMAN_full_1062634547_BPMPROD_20250524_2h3q8bc7_1_1.vab
Backup Set           49469  24-MAY-25         
  Backup Piece       86016  24-MAY-25          3fc90592-511f-4200-aedc-48597064f4c8/RMAN_full_1062634547_BPMPROD_20250524_2j3q8bjn_2_1.vab
Backup Set           49469  24-MAY-25         
  Backup Piece       86018  24-MAY-25          3fc90592-511f-4200-aedc-48597064f4c8/RMAN_full_1062634547_BPMPROD_20250524_2j3q8bjn_1_1.vab
Backup Set           49470  24-MAY-25         
  Backup Piece       86019  24-MAY-25          3fc90592-511f-4200-aedc-48597064f4c8/RMAN_full_1062634547_BPMPROD_20250524_2l3q8c8d_2_1.vab
Backup Set           49470  24-MAY-25         
  Backup Piece       86023  24-MAY-25          3fc90592-511f-4200-aedc-48597064f4c8/RMAN_full_1062634547_BPMPROD_20250524_2l3q8c8d_1_1.vab
Backup Set           49471  24-MAY-25         
  Backup Piece       86021  24-MAY-25          3fc90592-511f-4200-aedc-48597064f4c8/RMAN_full_1062634547_BPMPROD_20250524_2n3q8ceb_2_1.vab
Backup Set           49471  24-MAY-25         
  Backup Piece       86022  24-MAY-25          3fc90592-511f-4200-aedc-48597064f4c8/RMAN_full_1062634547_BPMPROD_20250524_2n3q8ceb_1_1.vab
Backup Set           49472  24-MAY-25         
  Backup Piece       86024  24-MAY-25          3fc90592-511f-4200-aedc-48597064f4c8/RMAN_full_1062634547_BPMPROD_20250524_2p3q8co2_2_1.vab
Backup Set           49472  24-MAY-25         
  Backup Piece       86025  24-MAY-25          3fc90592-511f-4200-aedc-48597064f4c8/RMAN_full_1062634547_BPMPROD_20250524_2p3q8co2_1_1.vab
Backup Set           49473  24-MAY-25         
  Backup Piece       86026  24-MAY-25          3fc90592-511f-4200-aedc-48597064f4c8/RMAN_full_1062634547_BPMPROD_20250524_2r3q8d50_2_1.vab
Backup Set           49473  24-MAY-25         
  Backup Piece       86031  24-MAY-25          3fc90592-511f-4200-aedc-48597064f4c8/RMAN_full_1062634547_BPMPROD_20250524_2r3q8d50_1_1.vab
Backup Set           49475  24-MAY-25         
  Backup Piece       86030  24-MAY-25          3fc90592-511f-4200-aedc-48597064f4c8/RMAN_full_1062634547_BPMPROD_20250524_2t3q8dac_2_1.vab
Backup Set           49475  24-MAY-25         
  Backup Piece       86029  24-MAY-25          3fc90592-511f-4200-aedc-48597064f4c8/RMAN_full_1062634547_BPMPROD_20250524_2t3q8dac_1_1.vab
Backup Set           49474  24-MAY-25         
  Backup Piece       86028  24-MAY-25          3fc90592-511f-4200-aedc-48597064f4c8/RMAN_full_1062634547_BPMPROD_20250524_2v3q8ddp_2_1.vab
Backup Set           49474  24-MAY-25         
  Backup Piece       86027  24-MAY-25          3fc90592-511f-4200-aedc-48597064f4c8/RMAN_full_1062634547_BPMPROD_20250524_2v3q8ddp_1_1.vab
Backup Set           49477  24-MAY-25         
  Backup Piece       86033  24-MAY-25          3fc90592-511f-4200-aedc-48597064f4c8/RMAN_full_1062634547_BPMPROD_20250524_313q8e16_2_1.vab
Backup Set           49477  24-MAY-25         
  Backup Piece       86034  24-MAY-25          3fc90592-511f-4200-aedc-48597064f4c8/RMAN_full_1062634547_BPMPROD_20250524_313q8e16_1_1.vab
Backup Set           49476  24-MAY-25         
  Backup Piece       86032  24-MAY-25          3fc90592-511f-4200-aedc-48597064f4c8/RMAN_full_1062634547_BPMPROD_20250524_333q8e5s_2_1.vab
Backup Set           49476  24-MAY-25         
  Backup Piece       86035  24-MAY-25          3fc90592-511f-4200-aedc-48597064f4c8/RMAN_full_1062634547_BPMPROD_20250524_333q8e5s_1_1.vab
Backup Set           49480  24-MAY-25         
  Backup Piece       86038  24-MAY-25          3fc90592-511f-4200-aedc-48597064f4c8/RMAN_full_1062634547_BPMPROD_20250524_353q8e8f_2_1.vab
Backup Set           49480  24-MAY-25         
  Backup Piece       86039  24-MAY-25          3fc90592-511f-4200-aedc-48597064f4c8/RMAN_full_1062634547_BPMPROD_20250524_353q8e8f_1_1.vab
Backup Set           49478  24-MAY-25         
  Backup Piece       86036  24-MAY-25          3fc90592-511f-4200-aedc-48597064f4c8/RMAN_full_1062634547_BPMPROD_20250524_373q8emp_2_1.vab
Backup Set           49478  24-MAY-25         
  Backup Piece       86040  24-MAY-25          3fc90592-511f-4200-aedc-48597064f4c8/RMAN_full_1062634547_BPMPROD_20250524_373q8emp_1_1.vab
Backup Set           49479  24-MAY-25         
  Backup Piece       86037  24-MAY-25          3fc90592-511f-4200-aedc-48597064f4c8/RMAN_full_1062634547_BPMPROD_20250524_393q8euk_2_1.vab
Backup Set           49479  24-MAY-25         
  Backup Piece       86044  24-MAY-25          3fc90592-511f-4200-aedc-48597064f4c8/RMAN_full_1062634547_BPMPROD_20250524_393q8euk_1_1.vab
Backup Set           49481  24-MAY-25         
  Backup Piece       86041  24-MAY-25          3fc90592-511f-4200-aedc-48597064f4c8/RMAN_full_1062634547_BPMPROD_20250524_3b3q8f73_2_1.vab
Backup Set           49481  24-MAY-25         
  Backup Piece       86043  24-MAY-25          3fc90592-511f-4200-aedc-48597064f4c8/RMAN_full_1062634547_BPMPROD_20250524_3b3q8f73_1_1.vab
Backup Set           49482  24-MAY-25         
  Backup Piece       86042  24-MAY-25          3fc90592-511f-4200-aedc-48597064f4c8/RMAN_full_1062634547_BPMPROD_20250524_3d3q8fdr_2_1.vab
Backup Set           49482  24-MAY-25         
  Backup Piece       86048  24-MAY-25          3fc90592-511f-4200-aedc-48597064f4c8/RMAN_full_1062634547_BPMPROD_20250524_3d3q8fdr_1_1.vab
Backup Set           49483  24-MAY-25         
  Backup Piece       86045  24-MAY-25          3fc90592-511f-4200-aedc-48597064f4c8/RMAN_full_1062634547_BPMPROD_20250524_3f3q8fj6_2_1.vab
Backup Set           49483  24-MAY-25         
  Backup Piece       86046  24-MAY-25          3fc90592-511f-4200-aedc-48597064f4c8/RMAN_full_1062634547_BPMPROD_20250524_3f3q8fj6_1_1.vab
Backup Set           49484  24-MAY-25         
  Backup Piece       86047  24-MAY-25          3fc90592-511f-4200-aedc-48597064f4c8/RMAN_full_1062634547_BPMPROD_20250524_3h3q8g3p_2_1.vab
Backup Set           49484  24-MAY-25         
  Backup Piece       86051  24-MAY-25          3fc90592-511f-4200-aedc-48597064f4c8/RMAN_full_1062634547_BPMPROD_20250524_3h3q8g3p_1_1.vab
Backup Set           49485  24-MAY-25         
  Backup Piece       86049  24-MAY-25          3fc90592-511f-4200-aedc-48597064f4c8/RMAN_full_1062634547_BPMPROD_20250524_3j3q8g69_2_1.vab
Backup Set           49485  24-MAY-25         
  Backup Piece       86052  24-MAY-25          3fc90592-511f-4200-aedc-48597064f4c8/RMAN_full_1062634547_BPMPROD_20250524_3j3q8g69_1_1.vab
Backup Set           49486  24-MAY-25         
  Backup Piece       86050  24-MAY-25          3fc90592-511f-4200-aedc-48597064f4c8/RMAN_full_1062634547_BPMPROD_20250524_3l3q8gfm_2_1.vab
Backup Set           49486  24-MAY-25         
  Backup Piece       86054  24-MAY-25          3fc90592-511f-4200-aedc-48597064f4c8/RMAN_full_1062634547_BPMPROD_20250524_3l3q8gfm_1_1.vab
Backup Set           49487  24-MAY-25         
  Backup Piece       86053  24-MAY-25          3fc90592-511f-4200-aedc-48597064f4c8/RMAN_full_1062634547_BPMPROD_20250524_3n3q8gla_2_1.vab
Backup Set           49487  24-MAY-25         
  Backup Piece       86057  24-MAY-25          3fc90592-511f-4200-aedc-48597064f4c8/RMAN_full_1062634547_BPMPROD_20250524_3n3q8gla_1_1.vab
Backup Set           49488  24-MAY-25         
  Backup Piece       86058  24-MAY-25          3fc90592-511f-4200-aedc-48597064f4c8/RMAN_full_1062634547_BPMPROD_20250524_3p3q8gvl_2_1.vab
Backup Set           49488  24-MAY-25         
  Backup Piece       86055  24-MAY-25          3fc90592-511f-4200-aedc-48597064f4c8/RMAN_full_1062634547_BPMPROD_20250524_3p3q8gvl_1_1.vab
Backup Set           49489  24-MAY-25         
  Backup Piece       86056  24-MAY-25          3fc90592-511f-4200-aedc-48597064f4c8/RMAN_full_1062634547_BPMPROD_20250524_3r3q8hb8_2_1.vab
Backup Set           49489  24-MAY-25         
  Backup Piece       86061  24-MAY-25          3fc90592-511f-4200-aedc-48597064f4c8/RMAN_full_1062634547_BPMPROD_20250524_3r3q8hb8_1_1.vab
Backup Set           49490  24-MAY-25         
  Backup Piece       86059  24-MAY-25          3fc90592-511f-4200-aedc-48597064f4c8/RMAN_full_1062634547_BPMPROD_20250524_3t3q8hcb_2_1.vab
Backup Set           49490  24-MAY-25         
  Backup Piece       86060  24-MAY-25          3fc90592-511f-4200-aedc-48597064f4c8/RMAN_full_1062634547_BPMPROD_20250524_3t3q8hcb_1_1.vab
Backup Set           49491  24-MAY-25         
  Backup Piece       86062  24-MAY-25          3fc90592-511f-4200-aedc-48597064f4c8/RMAN_full_1062634547_BPMPROD_20250524_3v3q8hr2_2_1.vab
Backup Set           49491  24-MAY-25         
  Backup Piece       86064  24-MAY-25          3fc90592-511f-4200-aedc-48597064f4c8/RMAN_full_1062634547_BPMPROD_20250524_3v3q8hr2_1_1.vab
Backup Set           49492  24-MAY-25         
  Backup Piece       86063  24-MAY-25          3fc90592-511f-4200-aedc-48597064f4c8/RMAN_full_1062634547_BPMPROD_20250524_413q8htd_2_1.vab
Backup Set           49492  24-MAY-25         
  Backup Piece       86065  24-MAY-25          3fc90592-511f-4200-aedc-48597064f4c8/RMAN_full_1062634547_BPMPROD_20250524_413q8htd_1_1.vab
Backup Set           49493  24-MAY-25         
  Backup Piece       86066  24-MAY-25          3fc90592-511f-4200-aedc-48597064f4c8/RMAN_full_1062634547_BPMPROD_20250524_433q8i82_2_1.vab
Backup Set           49493  24-MAY-25         
  Backup Piece       86068  24-MAY-25          3fc90592-511f-4200-aedc-48597064f4c8/RMAN_full_1062634547_BPMPROD_20250524_433q8i82_1_1.vab
Backup Set           49494  24-MAY-25         
  Backup Piece       86067  24-MAY-25          3fc90592-511f-4200-aedc-48597064f4c8/RMAN_full_1062634547_BPMPROD_20250524_453q8iid_2_1.vab
Backup Set           49494  24-MAY-25         
  Backup Piece       86070  24-MAY-25          3fc90592-511f-4200-aedc-48597064f4c8/RMAN_full_1062634547_BPMPROD_20250524_453q8iid_1_1.vab
Backup Set           49496  24-MAY-25         
  Backup Piece       86072  24-MAY-25          3fc90592-511f-4200-aedc-48597064f4c8/RMAN_full_1062634547_BPMPROD_20250524_473q8imp_2_1.vab
Backup Set           49496  24-MAY-25         
  Backup Piece       86071  24-MAY-25          3fc90592-511f-4200-aedc-48597064f4c8/RMAN_full_1062634547_BPMPROD_20250524_473q8imp_1_1.vab
Backup Set           49495  24-MAY-25         
  Backup Piece       86069  24-MAY-25          3fc90592-511f-4200-aedc-48597064f4c8/RMAN_full_1062634547_BPMPROD_20250524_493q8iuk_2_1.vab
Backup Set           49495  24-MAY-25         
  Backup Piece       86076  24-MAY-25          3fc90592-511f-4200-aedc-48597064f4c8/RMAN_full_1062634547_BPMPROD_20250524_493q8iuk_1_1.vab
Backup Set           49497  24-MAY-25         
  Backup Piece       86074  24-MAY-25          3fc90592-511f-4200-aedc-48597064f4c8/RMAN_full_1062634547_BPMPROD_20250524_4b3q8j2c_2_1.vab
Backup Set           49497  24-MAY-25         
  Backup Piece       86073  24-MAY-25          3fc90592-511f-4200-aedc-48597064f4c8/RMAN_full_1062634547_BPMPROD_20250524_4b3q8j2c_1_1.vab
Backup Set           49498  24-MAY-25         
  Backup Piece       86075  24-MAY-25          3fc90592-511f-4200-aedc-48597064f4c8/RMAN_full_1062634547_BPMPROD_20250524_4d3q8jf7_2_1.vab
Backup Set           49498  24-MAY-25         
  Backup Piece       86079  24-MAY-25          3fc90592-511f-4200-aedc-48597064f4c8/RMAN_full_1062634547_BPMPROD_20250524_4d3q8jf7_1_1.vab
Backup Set           49499  24-MAY-25         
  Backup Piece       86077  24-MAY-25          3fc90592-511f-4200-aedc-48597064f4c8/RMAN_full_1062634547_BPMPROD_20250524_4f3q8jja_2_1.vab
Backup Set           49499  24-MAY-25         
  Backup Piece       86081  24-MAY-25          3fc90592-511f-4200-aedc-48597064f4c8/RMAN_full_1062634547_BPMPROD_20250524_4f3q8jja_1_1.vab
Backup Set           49500  24-MAY-25         
  Backup Piece       86078  24-MAY-25          3fc90592-511f-4200-aedc-48597064f4c8/RMAN_full_1062634547_BPMPROD_20250524_4h3q8jt0_2_1.vab
Backup Set           49500  24-MAY-25         
  Backup Piece       86080  24-MAY-25          3fc90592-511f-4200-aedc-48597064f4c8/RMAN_full_1062634547_BPMPROD_20250524_4h3q8jt0_1_1.vab
Backup Set           49501  24-MAY-25         
  Backup Piece       86082  24-MAY-25          3fc90592-511f-4200-aedc-48597064f4c8/RMAN_full_1062634547_BPMPROD_20250524_4j3q8k21_2_1.vab
Backup Set           49501  24-MAY-25         
  Backup Piece       86083  24-MAY-25          3fc90592-511f-4200-aedc-48597064f4c8/RMAN_full_1062634547_BPMPROD_20250524_4j3q8k21_1_1.vab
Backup Set           49502  24-MAY-25         
  Backup Piece       86084  24-MAY-25          3fc90592-511f-4200-aedc-48597064f4c8/RMAN_full_1062634547_BPMPROD_20250524_4l3q8kd0_2_1.vab
Backup Set           49502  24-MAY-25         
  Backup Piece       86085  24-MAY-25          3fc90592-511f-4200-aedc-48597064f4c8/RMAN_full_1062634547_BPMPROD_20250524_4l3q8kd0_1_1.vab
Backup Set           49503  24-MAY-25         
  Backup Piece       86086  24-MAY-25          3fc90592-511f-4200-aedc-48597064f4c8/RMAN_full_1062634547_BPMPROD_20250524_4n3q8kjs_2_1.vab
Backup Set           49503  24-MAY-25         
  Backup Piece       86087  24-MAY-25          3fc90592-511f-4200-aedc-48597064f4c8/RMAN_full_1062634547_BPMPROD_20250524_4n3q8kjs_1_1.vab
Backup Set           49505  24-MAY-25         
  Backup Piece       86091  24-MAY-25          3fc90592-511f-4200-aedc-48597064f4c8/RMAN_full_1062634547_BPMPROD_20250524_4p3q8kqf_2_1.vab
Backup Set           49505  24-MAY-25         
  Backup Piece       86089  24-MAY-25          3fc90592-511f-4200-aedc-48597064f4c8/RMAN_full_1062634547_BPMPROD_20250524_4p3q8kqf_1_1.vab
Backup Set           49504  24-MAY-25         
  Backup Piece       86088  24-MAY-25          3fc90592-511f-4200-aedc-48597064f4c8/RMAN_full_1062634547_BPMPROD_20250524_4r3q8l5d_2_1.vab
Backup Set           49504  24-MAY-25         
  Backup Piece       86094  24-MAY-25          3fc90592-511f-4200-aedc-48597064f4c8/RMAN_full_1062634547_BPMPROD_20250524_4r3q8l5d_1_1.vab
Backup Set           49506  24-MAY-25         
  Backup Piece       86090  24-MAY-25          3fc90592-511f-4200-aedc-48597064f4c8/RMAN_full_1062634547_BPMPROD_20250524_4t3q8l7a_2_1.vab
Backup Set           49506  24-MAY-25         
  Backup Piece       86092  24-MAY-25          3fc90592-511f-4200-aedc-48597064f4c8/RMAN_full_1062634547_BPMPROD_20250524_4t3q8l7a_1_1.vab
Backup Set           49507  24-MAY-25         
  Backup Piece       86093  24-MAY-25          3fc90592-511f-4200-aedc-48597064f4c8/RMAN_full_1062634547_BPMPROD_20250524_4v3q8lkf_2_1.vab
Backup Set           49507  24-MAY-25         
  Backup Piece       86095  24-MAY-25          3fc90592-511f-4200-aedc-48597064f4c8/RMAN_full_1062634547_BPMPROD_20250524_4v3q8lkf_1_1.vab
Backup Set           49508  24-MAY-25         
  Backup Piece       86096  24-MAY-25          3fc90592-511f-4200-aedc-48597064f4c8/RMAN_full_1062634547_BPMPROD_20250524_513q8lor_2_1.vab
Backup Set           49508  24-MAY-25         
  Backup Piece       86097  24-MAY-25          3fc90592-511f-4200-aedc-48597064f4c8/RMAN_full_1062634547_BPMPROD_20250524_513q8lor_1_1.vab
Backup Set           49509  24-MAY-25         
  Backup Piece       86098  24-MAY-25          3fc90592-511f-4200-aedc-48597064f4c8/RMAN_full_1062634547_BPMPROD_20250524_533q8m38_2_1.vab
Backup Set           49509  24-MAY-25         
  Backup Piece       86101  24-MAY-25          3fc90592-511f-4200-aedc-48597064f4c8/RMAN_full_1062634547_BPMPROD_20250524_533q8m38_1_1.vab
Backup Set           49510  24-MAY-25         
  Backup Piece       86099  24-MAY-25          3fc90592-511f-4200-aedc-48597064f4c8/RMAN_full_1062634547_BPMPROD_20250524_553q8ma4_2_1.vab
Backup Set           49510  24-MAY-25         
  Backup Piece       86104  24-MAY-25          3fc90592-511f-4200-aedc-48597064f4c8/RMAN_full_1062634547_BPMPROD_20250524_553q8ma4_1_1.vab
Backup Set           49511  24-MAY-25         
  Backup Piece       86100  24-MAY-25          3fc90592-511f-4200-aedc-48597064f4c8/RMAN_full_1062634547_BPMPROD_20250524_573q8mdj_2_1.vab
Backup Set           49511  24-MAY-25         
  Backup Piece       86105  24-MAY-25          3fc90592-511f-4200-aedc-48597064f4c8/RMAN_full_1062634547_BPMPROD_20250524_573q8mdj_1_1.vab
Backup Set           49512  24-MAY-25         
  Backup Piece       86102  24-MAY-25          3fc90592-511f-4200-aedc-48597064f4c8/RMAN_full_1062634547_BPMPROD_20250524_593q8ml4_2_1.vab
Backup Set           49512  24-MAY-25         
  Backup Piece       86103  24-MAY-25          3fc90592-511f-4200-aedc-48597064f4c8/RMAN_full_1062634547_BPMPROD_20250524_593q8ml4_1_1.vab
Backup Set           49513  24-MAY-25         
  Backup Piece       86107  24-MAY-25          3fc90592-511f-4200-aedc-48597064f4c8/RMAN_full_1062634547_BPMPROD_20250524_5b3q8mts_2_1.vab
Backup Set           49513  24-MAY-25         
  Backup Piece       86106  24-MAY-25          3fc90592-511f-4200-aedc-48597064f4c8/RMAN_full_1062634547_BPMPROD_20250524_5b3q8mts_1_1.vab
Backup Set           49514  24-MAY-25         
  Backup Piece       86108  24-MAY-25          3fc90592-511f-4200-aedc-48597064f4c8/RMAN_full_1062634547_BPMPROD_20250524_5d3q8nbl_2_1.vab
Backup Set           49514  24-MAY-25         
  Backup Piece       86110  24-MAY-25          3fc90592-511f-4200-aedc-48597064f4c8/RMAN_full_1062634547_BPMPROD_20250524_5d3q8nbl_1_1.vab
Backup Set           49515  24-MAY-25         
  Backup Piece       86109  24-MAY-25          3fc90592-511f-4200-aedc-48597064f4c8/RMAN_full_1062634547_BPMPROD_20250524_5f3q8ndm_2_1.vab
Backup Set           49515  24-MAY-25         
  Backup Piece       86111  24-MAY-25          3fc90592-511f-4200-aedc-48597064f4c8/RMAN_full_1062634547_BPMPROD_20250524_5f3q8ndm_1_1.vab
Backup Set           49516  24-MAY-25         
  Backup Piece       86112  24-MAY-25          3fc90592-511f-4200-aedc-48597064f4c8/RMAN_full_1062634547_BPMPROD_20250524_5h3q8nmf_2_1.vab
Backup Set           49516  24-MAY-25         
  Backup Piece       86113  24-MAY-25          3fc90592-511f-4200-aedc-48597064f4c8/RMAN_full_1062634547_BPMPROD_20250524_5h3q8nmf_1_1.vab
Backup Set           49517  24-MAY-25         
  Backup Piece       86114  24-MAY-25          3fc90592-511f-4200-aedc-48597064f4c8/RMAN_full_1062634547_BPMPROD_20250524_5j3q8nuk_2_1.vab
Backup Set           49517  24-MAY-25         
  Backup Piece       86118  24-MAY-25          3fc90592-511f-4200-aedc-48597064f4c8/RMAN_full_1062634547_BPMPROD_20250524_5j3q8nuk_1_1.vab
Backup Set           49518  24-MAY-25         
  Backup Piece       86115  24-MAY-25          3fc90592-511f-4200-aedc-48597064f4c8/RMAN_full_1062634547_BPMPROD_20250524_5l3q8o5g_2_1.vab
Backup Set           49518  24-MAY-25         
  Backup Piece       86117  24-MAY-25          3fc90592-511f-4200-aedc-48597064f4c8/RMAN_full_1062634547_BPMPROD_20250524_5l3q8o5g_1_1.vab
Backup Set           49519  24-MAY-25         
  Backup Piece       86116  24-MAY-25          3fc90592-511f-4200-aedc-48597064f4c8/RMAN_full_1062634547_BPMPROD_20250524_5n3q8odl_2_1.vab
Backup Set           49519  24-MAY-25         
  Backup Piece       86121  24-MAY-25          3fc90592-511f-4200-aedc-48597064f4c8/RMAN_full_1062634547_BPMPROD_20250524_5n3q8odl_1_1.vab
Backup Set           49520  24-MAY-25         
  Backup Piece       86119  24-MAY-25          3fc90592-511f-4200-aedc-48597064f4c8/RMAN_full_1062634547_BPMPROD_20250524_5p3q8okh_2_1.vab
Backup Set           49520  24-MAY-25         
  Backup Piece       86124  24-MAY-25          3fc90592-511f-4200-aedc-48597064f4c8/RMAN_full_1062634547_BPMPROD_20250524_5p3q8okh_1_1.vab
Backup Set           49521  24-MAY-25         
  Backup Piece       86120  24-MAY-25          3fc90592-511f-4200-aedc-48597064f4c8/RMAN_full_1062634547_BPMPROD_20250524_5r3q8otu_2_1.vab
Backup Set           49521  24-MAY-25         
  Backup Piece       86123  24-MAY-25          3fc90592-511f-4200-aedc-48597064f4c8/RMAN_full_1062634547_BPMPROD_20250524_5r3q8otu_1_1.vab
Backup Set           49522  24-MAY-25         
  Backup Piece       86122  24-MAY-25          3fc90592-511f-4200-aedc-48597064f4c8/RMAN_full_1062634547_BPMPROD_20250524_5t3q8p3t_2_1.vab
Backup Set           49522  24-MAY-25         
  Backup Piece       86127  24-MAY-25          3fc90592-511f-4200-aedc-48597064f4c8/RMAN_full_1062634547_BPMPROD_20250524_5t3q8p3t_1_1.vab
Backup Set           49524  24-MAY-25         
  Backup Piece       86126  24-MAY-25          3fc90592-511f-4200-aedc-48597064f4c8/RMAN_full_1062634547_BPMPROD_20250524_5v3q8pgn_2_1.vab
Backup Set           49524  24-MAY-25         
  Backup Piece       86128  24-MAY-25          3fc90592-511f-4200-aedc-48597064f4c8/RMAN_full_1062634547_BPMPROD_20250524_5v3q8pgn_1_1.vab
Backup Set           49523  24-MAY-25         
  Backup Piece       86125  24-MAY-25          3fc90592-511f-4200-aedc-48597064f4c8/RMAN_full_1062634547_BPMPROD_20250524_613q8plg_2_1.vab
Backup Set           49523  24-MAY-25         
  Backup Piece       86129  24-MAY-25          3fc90592-511f-4200-aedc-48597064f4c8/RMAN_full_1062634547_BPMPROD_20250524_613q8plg_1_1.vab
Backup Set           49525  24-MAY-25         
  Backup Piece       86130  24-MAY-25          3fc90592-511f-4200-aedc-48597064f4c8/RMAN_full_1062634547_BPMPROD_20250524_633q8poa_2_1.vab
Backup Set           49525  24-MAY-25         
  Backup Piece       86131  24-MAY-25          3fc90592-511f-4200-aedc-48597064f4c8/RMAN_full_1062634547_BPMPROD_20250524_633q8poa_1_1.vab
Backup Set           49526  24-MAY-25         
  Backup Piece       86132  24-MAY-25          3fc90592-511f-4200-aedc-48597064f4c8/RMAN_full_1062634547_BPMPROD_20250524_653q8q5f_2_1.vab
Backup Set           49526  24-MAY-25         
  Backup Piece       86134  24-MAY-25          3fc90592-511f-4200-aedc-48597064f4c8/RMAN_full_1062634547_BPMPROD_20250524_653q8q5f_1_1.vab
Backup Set           49527  24-MAY-25         
  Backup Piece       86133  24-MAY-25          3fc90592-511f-4200-aedc-48597064f4c8/RMAN_full_1062634547_BPMPROD_20250524_673q8qda_2_1.vab
Backup Set           49527  24-MAY-25         
  Backup Piece       86135  24-MAY-25          3fc90592-511f-4200-aedc-48597064f4c8/RMAN_full_1062634547_BPMPROD_20250524_673q8qda_1_1.vab
Backup Set           49529  24-MAY-25         
  Backup Piece       86138  24-MAY-25          3fc90592-511f-4200-aedc-48597064f4c8/RMAN_full_1062634547_BPMPROD_20250524_693q8qjs_2_1.vab
Backup Set           49529  24-MAY-25         
  Backup Piece       86137  24-MAY-25          3fc90592-511f-4200-aedc-48597064f4c8/RMAN_full_1062634547_BPMPROD_20250524_693q8qjs_1_1.vab
Backup Set           49528  24-MAY-25         
  Backup Piece       86136  24-MAY-25          3fc90592-511f-4200-aedc-48597064f4c8/RMAN_full_1062634547_BPMPROD_20250524_6b3q8qt4_2_1.vab
Backup Set           49528  24-MAY-25         
  Backup Piece       86141  24-MAY-25          3fc90592-511f-4200-aedc-48597064f4c8/RMAN_full_1062634547_BPMPROD_20250524_6b3q8qt4_1_1.vab
Backup Set           49530  24-MAY-25         
  Backup Piece       86139  24-MAY-25          3fc90592-511f-4200-aedc-48597064f4c8/RMAN_full_1062634547_BPMPROD_20250524_6d3q8r9k_2_1.vab
Backup Set           49530  24-MAY-25         
  Backup Piece       86144  24-MAY-25          3fc90592-511f-4200-aedc-48597064f4c8/RMAN_full_1062634547_BPMPROD_20250524_6d3q8r9k_1_1.vab
Backup Set           49531  24-MAY-25         
  Backup Piece       86140  24-MAY-25          3fc90592-511f-4200-aedc-48597064f4c8/RMAN_full_1062634547_BPMPROD_20250524_6f3q8re1_2_1.vab
Backup Set           49531  24-MAY-25         
  Backup Piece       86143  24-MAY-25          3fc90592-511f-4200-aedc-48597064f4c8/RMAN_full_1062634547_BPMPROD_20250524_6f3q8re1_1_1.vab
Backup Set           49532  24-MAY-25         
  Backup Piece       86142  24-MAY-25          3fc90592-511f-4200-aedc-48597064f4c8/RMAN_full_1062634547_BPMPROD_20250524_6h3q8rid_2_1.vab
Backup Set           49532  24-MAY-25         
  Backup Piece       86146  24-MAY-25          3fc90592-511f-4200-aedc-48597064f4c8/RMAN_full_1062634547_BPMPROD_20250524_6h3q8rid_1_1.vab
Backup Set           49533  24-MAY-25         
  Backup Piece       86145  24-MAY-25          3fc90592-511f-4200-aedc-48597064f4c8/RMAN_full_1062634547_BPMPROD_20250524_6j3q8rv8_2_1.vab
Backup Set           49533  24-MAY-25         
  Backup Piece       86147  24-MAY-25          3fc90592-511f-4200-aedc-48597064f4c8/RMAN_full_1062634547_BPMPROD_20250524_6j3q8rv8_1_1.vab
Backup Set           49534  24-MAY-25         
  Backup Piece       86148  24-MAY-25          3fc90592-511f-4200-aedc-48597064f4c8/RMAN_full_1062634547_BPMPROD_20250524_6l3q8s9t_2_1.vab
Backup Set           49534  24-MAY-25         
  Backup Piece       86149  24-MAY-25          3fc90592-511f-4200-aedc-48597064f4c8/RMAN_full_1062634547_BPMPROD_20250524_6l3q8s9t_1_1.vab
Backup Set           49536  24-MAY-25         
  Backup Piece       86151  24-MAY-25          3fc90592-511f-4200-aedc-48597064f4c8/RMAN_full_1062634547_BPMPROD_20250524_6n3q8sg5_2_1.vab
Backup Set           49536  24-MAY-25         
  Backup Piece       86152  24-MAY-25          3fc90592-511f-4200-aedc-48597064f4c8/RMAN_full_1062634547_BPMPROD_20250524_6n3q8sg5_1_1.vab
Backup Set           49535  24-MAY-25         
  Backup Piece       86150  24-MAY-25          3fc90592-511f-4200-aedc-48597064f4c8/RMAN_full_1062634547_BPMPROD_20250524_6p3q8soi_2_1.vab
Backup Set           49535  24-MAY-25         
  Backup Piece       86155  24-MAY-25          3fc90592-511f-4200-aedc-48597064f4c8/RMAN_full_1062634547_BPMPROD_20250524_6p3q8soi_1_1.vab
Backup Set           49537  24-MAY-25         
  Backup Piece       86154  24-MAY-25          3fc90592-511f-4200-aedc-48597064f4c8/RMAN_full_1062634547_BPMPROD_20250524_6r3q8sr3_2_1.vab
Backup Set           49537  24-MAY-25         
  Backup Piece       86153  24-MAY-25          3fc90592-511f-4200-aedc-48597064f4c8/RMAN_full_1062634547_BPMPROD_20250524_6r3q8sr3_1_1.vab
Backup Set           49538  24-MAY-25         
  Backup Piece       86156  24-MAY-25          3fc90592-511f-4200-aedc-48597064f4c8/RMAN_full_1062634547_BPMPROD_20250524_6t3q8t7t_2_1.vab
Backup Set           49538  24-MAY-25         
  Backup Piece       86157  24-MAY-25          3fc90592-511f-4200-aedc-48597064f4c8/RMAN_full_1062634547_BPMPROD_20250524_6t3q8t7t_1_1.vab
Backup Set           49539  24-MAY-25         
  Backup Piece       86158  24-MAY-25          3fc90592-511f-4200-aedc-48597064f4c8/RMAN_full_1062634547_BPMPROD_20250524_6v3q8tmk_2_1.vab
Backup Set           49539  24-MAY-25         
  Backup Piece       86162  24-MAY-25          3fc90592-511f-4200-aedc-48597064f4c8/RMAN_full_1062634547_BPMPROD_20250524_6v3q8tmk_1_1.vab
Backup Set           49541  24-MAY-25         
  Backup Piece       86161  24-MAY-25          3fc90592-511f-4200-aedc-48597064f4c8/RMAN_full_1062634547_BPMPROD_20250524_713q8tmo_2_1.vab
Backup Set           49541  24-MAY-25         
  Backup Piece       86160  24-MAY-25          3fc90592-511f-4200-aedc-48597064f4c8/RMAN_full_1062634547_BPMPROD_20250524_713q8tmo_1_1.vab
Backup Set           49540  24-MAY-25         
  Backup Piece       86159  24-MAY-25          3fc90592-511f-4200-aedc-48597064f4c8/RMAN_full_1062634547_BPMPROD_20250524_733q8tvc_2_1.vab
Backup Set           49540  24-MAY-25         
  Backup Piece       86165  24-MAY-25          3fc90592-511f-4200-aedc-48597064f4c8/RMAN_full_1062634547_BPMPROD_20250524_733q8tvc_1_1.vab
Backup Set           49542  24-MAY-25         
  Backup Piece       86164  24-MAY-25          3fc90592-511f-4200-aedc-48597064f4c8/RMAN_full_1062634547_BPMPROD_20250524_753q8u6j_2_1.vab
Backup Set           49542  24-MAY-25         
  Backup Piece       86163  24-MAY-25          3fc90592-511f-4200-aedc-48597064f4c8/RMAN_full_1062634547_BPMPROD_20250524_753q8u6j_1_1.vab
Backup Set           49543  24-MAY-25         
  Backup Piece       86166  24-MAY-25          3fc90592-511f-4200-aedc-48597064f4c8/RMAN_full_1062634547_BPMPROD_20250524_773q8uk1_2_1.vab
Backup Set           49543  24-MAY-25         
  Backup Piece       86168  24-MAY-25          3fc90592-511f-4200-aedc-48597064f4c8/RMAN_full_1062634547_BPMPROD_20250524_773q8uk1_1_1.vab
Backup Set           49544  24-MAY-25         
  Backup Piece       86167  24-MAY-25          3fc90592-511f-4200-aedc-48597064f4c8/RMAN_full_1062634547_BPMPROD_20250524_793q8us6_2_1.vab
Backup Set           49544  24-MAY-25         
  Backup Piece       86169  24-MAY-25          3fc90592-511f-4200-aedc-48597064f4c8/RMAN_full_1062634547_BPMPROD_20250524_793q8us6_1_1.vab
Backup Set           49545  24-MAY-25         
  Backup Piece       86170  24-MAY-25          3fc90592-511f-4200-aedc-48597064f4c8/RMAN_full_1062634547_BPMPROD_20250524_7b3q8v24_2_1.vab
Backup Set           49545  24-MAY-25         
  Backup Piece       86171  24-MAY-25          3fc90592-511f-4200-aedc-48597064f4c8/RMAN_full_1062634547_BPMPROD_20250524_7b3q8v24_1_1.vab
Backup Set           49546  24-MAY-25         
  Backup Piece       86172  24-MAY-25          3fc90592-511f-4200-aedc-48597064f4c8/RMAN_full_1062634547_BPMPROD_20250524_7d3q8vcf_2_1.vab
Backup Set           49546  24-MAY-25         
  Backup Piece       86176  24-MAY-25          3fc90592-511f-4200-aedc-48597064f4c8/RMAN_full_1062634547_BPMPROD_20250524_7d3q8vcf_1_1.vab
Backup Set           49548  24-MAY-25         
  Backup Piece       86175  24-MAY-25          3fc90592-511f-4200-aedc-48597064f4c8/RMAN_full_1062634547_BPMPROD_20250524_7f3q8vie_2_1.vab
Backup Set           49548  24-MAY-25         
  Backup Piece       86174  24-MAY-25          3fc90592-511f-4200-aedc-48597064f4c8/RMAN_full_1062634547_BPMPROD_20250524_7f3q8vie_1_1.vab
Backup Set           49547  24-MAY-25         
  Backup Piece       86173  24-MAY-25          3fc90592-511f-4200-aedc-48597064f4c8/RMAN_full_1062634547_BPMPROD_20250524_7h3q8vsf_2_1.vab
Backup Set           49547  24-MAY-25         
  Backup Piece       86179  24-MAY-25          3fc90592-511f-4200-aedc-48597064f4c8/RMAN_full_1062634547_BPMPROD_20250524_7h3q8vsf_1_1.vab
Backup Set           49549  24-MAY-25         
  Backup Piece       86177  24-MAY-25          3fc90592-511f-4200-aedc-48597064f4c8/RMAN_full_1062634547_BPMPROD_20250524_7j3q8vv9_2_1.vab
Backup Set           49549  24-MAY-25         
  Backup Piece       86178  24-MAY-25          3fc90592-511f-4200-aedc-48597064f4c8/RMAN_full_1062634547_BPMPROD_20250524_7j3q8vv9_1_1.vab
Backup Set           49550  24-MAY-25         
  Backup Piece       86180  24-MAY-25          3fc90592-511f-4200-aedc-48597064f4c8/RMAN_full_1062634547_BPMPROD_20250524_7l3q90ea_2_1.vab
Backup Set           49550  24-MAY-25         
  Backup Piece       86181  24-MAY-25          3fc90592-511f-4200-aedc-48597064f4c8/RMAN_full_1062634547_BPMPROD_20250524_7l3q90ea_1_1.vab
Backup Set           49551  24-MAY-25         
  Backup Piece       86182  24-MAY-25          3fc90592-511f-4200-aedc-48597064f4c8/RMAN_full_1062634547_BPMPROD_20250524_7n3q90ja_2_1.vab
Backup Set           49551  24-MAY-25         
  Backup Piece       86186  24-MAY-25          3fc90592-511f-4200-aedc-48597064f4c8/RMAN_full_1062634547_BPMPROD_20250524_7n3q90ja_1_1.vab
Backup Set           49552  24-MAY-25         
  Backup Piece       86183  24-MAY-25          3fc90592-511f-4200-aedc-48597064f4c8/RMAN_full_1062634547_BPMPROD_20250524_7p3q90s3_2_1.vab
Backup Set           49552  24-MAY-25         
  Backup Piece       86184  24-MAY-25          3fc90592-511f-4200-aedc-48597064f4c8/RMAN_full_1062634547_BPMPROD_20250524_7p3q90s3_1_1.vab
Backup Set           49553  24-MAY-25         
  Backup Piece       86185  24-MAY-25          3fc90592-511f-4200-aedc-48597064f4c8/RMAN_full_1062634547_BPMPROD_20250524_7r3q9130_2_1.vab
Backup Set           49553  24-MAY-25         
  Backup Piece       86189  24-MAY-25          3fc90592-511f-4200-aedc-48597064f4c8/RMAN_full_1062634547_BPMPROD_20250524_7r3q9130_1_1.vab
Backup Set           49554  24-MAY-25         
  Backup Piece       86190  24-MAY-25          3fc90592-511f-4200-aedc-48597064f4c8/RMAN_full_1062634547_BPMPROD_20250524_7t3q919s_2_1.vab
Backup Set           49554  24-MAY-25         
  Backup Piece       86187  24-MAY-25          3fc90592-511f-4200-aedc-48597064f4c8/RMAN_full_1062634547_BPMPROD_20250524_7t3q919s_1_1.vab
Backup Set           49555  24-MAY-25         
  Backup Piece       86188  24-MAY-25          3fc90592-511f-4200-aedc-48597064f4c8/RMAN_full_1062634547_BPMPROD_20250524_7v3q91nv_2_1.vab
Backup Set           49555  24-MAY-25         
  Backup Piece       86191  24-MAY-25          3fc90592-511f-4200-aedc-48597064f4c8/RMAN_full_1062634547_BPMPROD_20250524_7v3q91nv_1_1.vab
Backup Set           49556  24-MAY-25         
  Backup Piece       86192  24-MAY-25          3fc90592-511f-4200-aedc-48597064f4c8/RMAN_full_1062634547_BPMPROD_20250524_813q91ph_2_1.vab
Backup Set           49556  24-MAY-25         
  Backup Piece       86194  24-MAY-25          3fc90592-511f-4200-aedc-48597064f4c8/RMAN_full_1062634547_BPMPROD_20250524_813q91ph_1_1.vab
Backup Set           49557  24-MAY-25         
  Backup Piece       86193  24-MAY-25          3fc90592-511f-4200-aedc-48597064f4c8/RMAN_full_1062634547_BPMPROD_20250524_833q9288_2_1.vab
Backup Set           49557  24-MAY-25         
  Backup Piece       86196  24-MAY-25          3fc90592-511f-4200-aedc-48597064f4c8/RMAN_full_1062634547_BPMPROD_20250524_833q9288_1_1.vab
Backup Set           49558  24-MAY-25         
  Backup Piece       86195  24-MAY-25          3fc90592-511f-4200-aedc-48597064f4c8/RMAN_full_1062634547_BPMPROD_20250524_853q929p_2_1.vab
Backup Set           49558  24-MAY-25         
  Backup Piece       86198  24-MAY-25          3fc90592-511f-4200-aedc-48597064f4c8/RMAN_full_1062634547_BPMPROD_20250524_853q929p_1_1.vab
Backup Set           49559  24-MAY-25         
  Backup Piece       86200  24-MAY-25          3fc90592-511f-4200-aedc-48597064f4c8/RMAN_full_1062634547_BPMPROD_20250524_873q92j1_2_1.vab
Backup Set           49559  24-MAY-25         
  Backup Piece       86197  24-MAY-25          3fc90592-511f-4200-aedc-48597064f4c8/RMAN_full_1062634547_BPMPROD_20250524_873q92j1_1_1.vab
Backup Set           49560  24-MAY-25         
  Backup Piece       86199  24-MAY-25          3fc90592-511f-4200-aedc-48597064f4c8/RMAN_full_1062634547_BPMPROD_20250524_893q92v7_2_1.vab
Backup Set           49560  24-MAY-25         
  Backup Piece       86202  24-MAY-25          3fc90592-511f-4200-aedc-48597064f4c8/RMAN_full_1062634547_BPMPROD_20250524_893q92v7_1_1.vab
Backup Set           49561  24-MAY-25         
  Backup Piece       86203  24-MAY-25          3fc90592-511f-4200-aedc-48597064f4c8/RMAN_full_1062634547_BPMPROD_20250524_8b3q933a_2_1.vab
Backup Set           49561  24-MAY-25         
  Backup Piece       86201  24-MAY-25          3fc90592-511f-4200-aedc-48597064f4c8/RMAN_full_1062634547_BPMPROD_20250524_8b3q933a_1_1.vab
Backup Set           49562  24-MAY-25         
  Backup Piece       86204  24-MAY-25          3fc90592-511f-4200-aedc-48597064f4c8/RMAN_full_1062634547_BPMPROD_20250524_8d3q93f7_2_1.vab
Backup Set           49562  24-MAY-25         
  Backup Piece       86207  24-MAY-25          3fc90592-511f-4200-aedc-48597064f4c8/RMAN_full_1062634547_BPMPROD_20250524_8d3q93f7_1_1.vab
Backup Set           49563  24-MAY-25         
  Backup Piece       86205  24-MAY-25          3fc90592-511f-4200-aedc-48597064f4c8/RMAN_full_1062634547_BPMPROD_20250524_8f3q93k7_2_1.vab
Backup Set           49563  24-MAY-25         
  Backup Piece       86208  24-MAY-25          3fc90592-511f-4200-aedc-48597064f4c8/RMAN_full_1062634547_BPMPROD_20250524_8f3q93k7_1_1.vab
Backup Set           49564  24-MAY-25         
  Backup Piece       86206  24-MAY-25          3fc90592-511f-4200-aedc-48597064f4c8/RMAN_full_1062634547_BPMPROD_20250524_8h3q93u8_2_1.vab
Backup Set           49564  24-MAY-25         
  Backup Piece       86211  24-MAY-25          3fc90592-511f-4200-aedc-48597064f4c8/RMAN_full_1062634547_BPMPROD_20250524_8h3q93u8_1_1.vab
Backup Set           49565  24-MAY-25         
  Backup Piece       86210  24-MAY-25          3fc90592-511f-4200-aedc-48597064f4c8/RMAN_full_1062634547_BPMPROD_20250524_8j3q941n_2_1.vab
Backup Set           49565  24-MAY-25         
  Backup Piece       86209  24-MAY-25          3fc90592-511f-4200-aedc-48597064f4c8/RMAN_full_1062634547_BPMPROD_20250524_8j3q941n_1_1.vab
Backup Set           49566  24-MAY-25         
  Backup Piece       86214  24-MAY-25          3fc90592-511f-4200-aedc-48597064f4c8/RMAN_full_1062634547_BPMPROD_20250524_8l3q94eh_2_1.vab
Backup Set           49566  24-MAY-25         
  Backup Piece       86212  24-MAY-25          3fc90592-511f-4200-aedc-48597064f4c8/RMAN_full_1062634547_BPMPROD_20250524_8l3q94eh_1_1.vab
Backup Set           49567  24-MAY-25         
  Backup Piece       86213  24-MAY-25          3fc90592-511f-4200-aedc-48597064f4c8/RMAN_full_1062634547_BPMPROD_20250524_8n3q94r2_2_1.vab
Backup Set           49567  24-MAY-25         
  Backup Piece       86218  24-MAY-25          3fc90592-511f-4200-aedc-48597064f4c8/RMAN_full_1062634547_BPMPROD_20250524_8n3q94r2_1_1.vab
Backup Set           49568  24-MAY-25         
  Backup Piece       86215  24-MAY-25          3fc90592-511f-4200-aedc-48597064f4c8/RMAN_full_1062634547_BPMPROD_20250524_8p3q94u7_2_1.vab
Backup Set           49568  24-MAY-25         
  Backup Piece       86216  24-MAY-25          3fc90592-511f-4200-aedc-48597064f4c8/RMAN_full_1062634547_BPMPROD_20250524_8p3q94u7_1_1.vab
Backup Set           49569  24-MAY-25         
  Backup Piece       86217  24-MAY-25          3fc90592-511f-4200-aedc-48597064f4c8/RMAN_full_1062634547_BPMPROD_20250524_8r3q9587_2_1.vab
Backup Set           49569  24-MAY-25         
  Backup Piece       86219  24-MAY-25          3fc90592-511f-4200-aedc-48597064f4c8/RMAN_full_1062634547_BPMPROD_20250524_8r3q9587_1_1.vab
Backup Set           49571  24-MAY-25         
  Backup Piece       86221  24-MAY-25          3fc90592-511f-4200-aedc-48597064f4c8/RMAN_full_1062634547_BPMPROD_20250524_8t3q95c0_2_1.vab
Backup Set           49571  24-MAY-25         
  Backup Piece       86222  24-MAY-25          3fc90592-511f-4200-aedc-48597064f4c8/RMAN_full_1062634547_BPMPROD_20250524_8t3q95c0_1_1.vab
Backup Set           49570  24-MAY-25         
  Backup Piece       86220  24-MAY-25          3fc90592-511f-4200-aedc-48597064f4c8/RMAN_full_1062634547_BPMPROD_20250524_8v3q95oh_2_1.vab
Backup Set           49570  24-MAY-25         
  Backup Piece       86224  24-MAY-25          3fc90592-511f-4200-aedc-48597064f4c8/RMAN_full_1062634547_BPMPROD_20250524_8v3q95oh_1_1.vab
Backup Set           49572  24-MAY-25         
  Backup Piece       86223  24-MAY-25          3fc90592-511f-4200-aedc-48597064f4c8/RMAN_full_1062634547_BPMPROD_20250524_913q960l_2_1.vab
Backup Set           49572  24-MAY-25         
  Backup Piece       86227  24-MAY-25          3fc90592-511f-4200-aedc-48597064f4c8/RMAN_full_1062634547_BPMPROD_20250524_913q960l_1_1.vab
Backup Set           49573  24-MAY-25         
  Backup Piece       86225  24-MAY-25          3fc90592-511f-4200-aedc-48597064f4c8/RMAN_full_1062634547_BPMPROD_20250524_933q96b0_2_1.vab
Backup Set           49573  24-MAY-25         
  Backup Piece       86228  24-MAY-25          3fc90592-511f-4200-aedc-48597064f4c8/RMAN_full_1062634547_BPMPROD_20250524_933q96b0_1_1.vab
Backup Set           49574  24-MAY-25         
  Backup Piece       86226  24-MAY-25          3fc90592-511f-4200-aedc-48597064f4c8/RMAN_full_1062634547_BPMPROD_20250524_953q96gb_2_1.vab
Backup Set           49574  24-MAY-25         
  Backup Piece       86230  24-MAY-25          3fc90592-511f-4200-aedc-48597064f4c8/RMAN_full_1062634547_BPMPROD_20250524_953q96gb_1_1.vab
Backup Set           49575  24-MAY-25         
  Backup Piece       86231  24-MAY-25          3fc90592-511f-4200-aedc-48597064f4c8/RMAN_full_1062634547_BPMPROD_20250524_973q96l1_2_1.vab
Backup Set           49575  24-MAY-25         
  Backup Piece       86229  24-MAY-25          3fc90592-511f-4200-aedc-48597064f4c8/RMAN_full_1062634547_BPMPROD_20250524_973q96l1_1_1.vab
Backup Set           49576  24-MAY-25         
  Backup Piece       86232  24-MAY-25          3fc90592-511f-4200-aedc-48597064f4c8/RMAN_full_1062634547_BPMPROD_20250524_993q972g_2_1.vab
Backup Set           49576  24-MAY-25         
  Backup Piece       86233  24-MAY-25          3fc90592-511f-4200-aedc-48597064f4c8/RMAN_full_1062634547_BPMPROD_20250524_993q972g_1_1.vab
Backup Set           49577  24-MAY-25         
  Backup Piece       86234  24-MAY-25          3fc90592-511f-4200-aedc-48597064f4c8/RMAN_full_1062634547_BPMPROD_20250524_9b3q975v_2_1.vab
Backup Set           49577  24-MAY-25         
  Backup Piece       86235  24-MAY-25          3fc90592-511f-4200-aedc-48597064f4c8/RMAN_full_1062634547_BPMPROD_20250524_9b3q975v_1_1.vab
Backup Set           49578  24-MAY-25         
  Backup Piece       86236  24-MAY-25          3fc90592-511f-4200-aedc-48597064f4c8/RMAN_full_1062634547_BPMPROD_20250524_9d3q97lk_2_1.vab
Backup Set           49578  24-MAY-25         
  Backup Piece       86239  24-MAY-25          3fc90592-511f-4200-aedc-48597064f4c8/RMAN_full_1062634547_BPMPROD_20250524_9d3q97lk_1_1.vab
Backup Set           49579  24-MAY-25         
  Backup Piece       86237  24-MAY-25          3fc90592-511f-4200-aedc-48597064f4c8/RMAN_full_1062634547_BPMPROD_20250524_9f3q97qk_2_1.vab
Backup Set           49579  24-MAY-25         
  Backup Piece       86242  24-MAY-25          3fc90592-511f-4200-aedc-48597064f4c8/RMAN_full_1062634547_BPMPROD_20250524_9f3q97qk_1_1.vab
Backup Set           49580  24-MAY-25         
  Backup Piece       86238  24-MAY-25          3fc90592-511f-4200-aedc-48597064f4c8/RMAN_full_1062634547_BPMPROD_20250524_9h3q982p_2_1.vab
Backup Set           49580  24-MAY-25         
  Backup Piece       86241  24-MAY-25          3fc90592-511f-4200-aedc-48597064f4c8/RMAN_full_1062634547_BPMPROD_20250524_9h3q982p_1_1.vab
Backup Set           49581  24-MAY-25         
  Backup Piece       86240  24-MAY-25          3fc90592-511f-4200-aedc-48597064f4c8/RMAN_full_1062634547_BPMPROD_20250524_9j3q98dv_2_1.vab
Backup Set           49581  24-MAY-25         
  Backup Piece       86244  24-MAY-25          3fc90592-511f-4200-aedc-48597064f4c8/RMAN_full_1062634547_BPMPROD_20250524_9j3q98dv_1_1.vab
Backup Set           49583  24-MAY-25         
  Backup Piece       86245  24-MAY-25          3fc90592-511f-4200-aedc-48597064f4c8/RMAN_full_1062634547_BPMPROD_20250524_9l3q98ki_2_1.vab
Backup Set           49583  24-MAY-25         
  Backup Piece       86246  24-MAY-25          3fc90592-511f-4200-aedc-48597064f4c8/RMAN_full_1062634547_BPMPROD_20250524_9l3q98ki_1_1.vab
Backup Set           49582  24-MAY-25         
  Backup Piece       86243  24-MAY-25          3fc90592-511f-4200-aedc-48597064f4c8/RMAN_full_1062634547_BPMPROD_20250524_9n3q98ut_2_1.vab
Backup Set           49582  24-MAY-25         
  Backup Piece       86247  24-MAY-25          3fc90592-511f-4200-aedc-48597064f4c8/RMAN_full_1062634547_BPMPROD_20250524_9n3q98ut_1_1.vab
Backup Set           49584  24-MAY-25         
  Backup Piece       86248  24-MAY-25          3fc90592-511f-4200-aedc-48597064f4c8/RMAN_full_1062634547_BPMPROD_20250524_9p3q992q_2_1.vab
Backup Set           49584  24-MAY-25         
  Backup Piece       86251  24-MAY-25          3fc90592-511f-4200-aedc-48597064f4c8/RMAN_full_1062634547_BPMPROD_20250524_9p3q992q_1_1.vab
Backup Set           49585  24-MAY-25         
  Backup Piece       86250  24-MAY-25          3fc90592-511f-4200-aedc-48597064f4c8/RMAN_full_1062634547_BPMPROD_20250524_9r3q99dk_2_1.vab
Backup Set           49585  24-MAY-25         
  Backup Piece       86249  24-MAY-25          3fc90592-511f-4200-aedc-48597064f4c8/RMAN_full_1062634547_BPMPROD_20250524_9r3q99dk_1_1.vab
Backup Set           49586  24-MAY-25         
  Backup Piece       86252  24-MAY-25          3fc90592-511f-4200-aedc-48597064f4c8/RMAN_full_1062634547_BPMPROD_20250524_9t3q99kr_2_1.vab
Backup Set           49586  24-MAY-25         
  Backup Piece       86253  24-MAY-25          3fc90592-511f-4200-aedc-48597064f4c8/RMAN_full_1062634547_BPMPROD_20250524_9t3q99kr_1_1.vab
Backup Set           49587  24-MAY-25         
  Backup Piece       86254  24-MAY-25          3fc90592-511f-4200-aedc-48597064f4c8/RMAN_full_1062634547_BPMPROD_20250524_9v3q9a1v_2_1.vab
Backup Set           49587  24-MAY-25         
  Backup Piece       86256  24-MAY-25          3fc90592-511f-4200-aedc-48597064f4c8/RMAN_full_1062634547_BPMPROD_20250524_9v3q9a1v_1_1.vab
Backup Set           49589  24-MAY-25         
  Backup Piece       86257  24-MAY-25          3fc90592-511f-4200-aedc-48597064f4c8/RMAN_full_1062634547_BPMPROD_20250524_a13q9aa2_2_1.vab
Backup Set           49589  24-MAY-25         
  Backup Piece       86260  24-MAY-25          3fc90592-511f-4200-aedc-48597064f4c8/RMAN_full_1062634547_BPMPROD_20250524_a13q9aa2_1_1.vab
Backup Set           49588  24-MAY-25         
  Backup Piece       86255  24-MAY-25          3fc90592-511f-4200-aedc-48597064f4c8/RMAN_full_1062634547_BPMPROD_20250524_a33q9adh_2_1.vab
Backup Set           49588  24-MAY-25         
  Backup Piece       86258  24-MAY-25          3fc90592-511f-4200-aedc-48597064f4c8/RMAN_full_1062634547_BPMPROD_20250524_a33q9adh_1_1.vab
Backup Set           49590  24-MAY-25         
  Backup Piece       86262  24-MAY-25          3fc90592-511f-4200-aedc-48597064f4c8/RMAN_full_1062634547_BPMPROD_20250524_a53q9aop_2_1.vab
Backup Set           49590  24-MAY-25         
  Backup Piece       86259  24-MAY-25          3fc90592-511f-4200-aedc-48597064f4c8/RMAN_full_1062634547_BPMPROD_20250524_a53q9aop_1_1.vab
Backup Set           49591  24-MAY-25         
  Backup Piece       86261  24-MAY-25          3fc90592-511f-4200-aedc-48597064f4c8/RMAN_full_1062634547_BPMPROD_20250524_a73q9b2b_2_1.vab
Backup Set           49591  24-MAY-25         
  Backup Piece       86263  24-MAY-25          3fc90592-511f-4200-aedc-48597064f4c8/RMAN_full_1062634547_BPMPROD_20250524_a73q9b2b_1_1.vab
Backup Set           49592  24-MAY-25         
  Backup Piece       86264  24-MAY-25          3fc90592-511f-4200-aedc-48597064f4c8/RMAN_full_1062634547_BPMPROD_20250524_a93q9baq_2_1.vab
Backup Set           49592  24-MAY-25         
  Backup Piece       86265  24-MAY-25          3fc90592-511f-4200-aedc-48597064f4c8/RMAN_full_1062634547_BPMPROD_20250524_a93q9baq_1_1.vab
Backup Set           49593  24-MAY-25         
  Backup Piece       86266  24-MAY-25          3fc90592-511f-4200-aedc-48597064f4c8/RMAN_full_1062634547_BPMPROD_20250524_ab3q9bkg_2_1.vab
Backup Set           49593  24-MAY-25         
  Backup Piece       86269  24-MAY-25          3fc90592-511f-4200-aedc-48597064f4c8/RMAN_full_1062634547_BPMPROD_20250524_ab3q9bkg_1_1.vab
Backup Set           49594  24-MAY-25         
  Backup Piece       86267  24-MAY-25          3fc90592-511f-4200-aedc-48597064f4c8/RMAN_full_1062634547_BPMPROD_20250524_ad3q9bot_2_1.vab
Backup Set           49594  24-MAY-25         
  Backup Piece       86271  24-MAY-25          3fc90592-511f-4200-aedc-48597064f4c8/RMAN_full_1062634547_BPMPROD_20250524_ad3q9bot_1_1.vab
Backup Set           49595  24-MAY-25         
  Backup Piece       86268  24-MAY-25          3fc90592-511f-4200-aedc-48597064f4c8/RMAN_full_1062634547_BPMPROD_20250524_af3q9c38_2_1.vab
Backup Set           49595  24-MAY-25         
  Backup Piece       86270  24-MAY-25          3fc90592-511f-4200-aedc-48597064f4c8/RMAN_full_1062634547_BPMPROD_20250524_af3q9c38_1_1.vab
Backup Set           49596  24-MAY-25         
  Backup Piece       86272  24-MAY-25          3fc90592-511f-4200-aedc-48597064f4c8/RMAN_full_1062634547_BPMPROD_20250524_ah3q9cb2_2_1.vab
Backup Set           49596  24-MAY-25         
  Backup Piece       86274  24-MAY-25          3fc90592-511f-4200-aedc-48597064f4c8/RMAN_full_1062634547_BPMPROD_20250524_ah3q9cb2_1_1.vab
Backup Set           49597  24-MAY-25         
  Backup Piece       86273  24-MAY-25          3fc90592-511f-4200-aedc-48597064f4c8/RMAN_full_1062634547_BPMPROD_20250524_aj3q9cq3_2_1.vab
Backup Set           49597  24-MAY-25         
  Backup Piece       86275  24-MAY-25          3fc90592-511f-4200-aedc-48597064f4c8/RMAN_full_1062634547_BPMPROD_20250524_aj3q9cq3_1_1.vab
Backup Set           49598  24-MAY-25         
  Backup Piece       86276  24-MAY-25          3fc90592-511f-4200-aedc-48597064f4c8/RMAN_full_1062634547_BPMPROD_20250524_al3q9cv4_2_1.vab
Backup Set           49598  24-MAY-25         
  Backup Piece       86277  24-MAY-25          3fc90592-511f-4200-aedc-48597064f4c8/RMAN_full_1062634547_BPMPROD_20250524_al3q9cv4_1_1.vab
Backup Set           49599  24-MAY-25         
  Backup Piece       86279  24-MAY-25          3fc90592-511f-4200-aedc-48597064f4c8/RMAN_full_1062634547_BPMPROD_20250524_an3q9d7i_2_1.vab
Backup Set           49599  24-MAY-25         
  Backup Piece       86278  24-MAY-25          3fc90592-511f-4200-aedc-48597064f4c8/RMAN_full_1062634547_BPMPROD_20250524_an3q9d7i_1_1.vab
Backup Set           49601  24-MAY-25         
  Backup Piece       86281  24-MAY-25          3fc90592-511f-4200-aedc-48597064f4c8/RMAN_full_1062634547_BPMPROD_20250524_ap3q9djp_2_1.vab
Backup Set           49601  24-MAY-25         
  Backup Piece       86283  24-MAY-25          3fc90592-511f-4200-aedc-48597064f4c8/RMAN_full_1062634547_BPMPROD_20250524_ap3q9djp_1_1.vab
Backup Set           49600  24-MAY-25         
  Backup Piece       86280  24-MAY-25          3fc90592-511f-4200-aedc-48597064f4c8/RMAN_full_1062634547_BPMPROD_20250524_ar3q9dmf_2_1.vab
Backup Set           49600  24-MAY-25         
  Backup Piece       86282  24-MAY-25          3fc90592-511f-4200-aedc-48597064f4c8/RMAN_full_1062634547_BPMPROD_20250524_ar3q9dmf_1_1.vab
Backup Set           49602  24-MAY-25         
  Backup Piece       86285  24-MAY-25          3fc90592-511f-4200-aedc-48597064f4c8/RMAN_full_1062634547_BPMPROD_20250524_at3q9e21_2_1.vab
Backup Set           49602  24-MAY-25         
  Backup Piece       86284  24-MAY-25          3fc90592-511f-4200-aedc-48597064f4c8/RMAN_full_1062634547_BPMPROD_20250524_at3q9e21_1_1.vab
Backup Set           49603  24-MAY-25         
  Backup Piece       86286  24-MAY-25          3fc90592-511f-4200-aedc-48597064f4c8/RMAN_full_1062634547_BPMPROD_20250524_av3q9eda_2_1.vab
Backup Set           49603  24-MAY-25         
  Backup Piece       86287  24-MAY-25          3fc90592-511f-4200-aedc-48597064f4c8/RMAN_full_1062634547_BPMPROD_20250524_av3q9eda_1_1.vab
Backup Set           49604  24-MAY-25         
  Backup Piece       86289  24-MAY-25          3fc90592-511f-4200-aedc-48597064f4c8/RMAN_full_1062634547_BPMPROD_20250524_b13q9eh3_2_1.vab
Backup Set           49604  24-MAY-25         
  Backup Piece       86288  24-MAY-25          3fc90592-511f-4200-aedc-48597064f4c8/RMAN_full_1062634547_BPMPROD_20250524_b13q9eh3_1_1.vab
Backup Set           49606  24-MAY-25         
  Backup Piece       86292  24-MAY-25          3fc90592-511f-4200-aedc-48597064f4c8/RMAN_full_1062634547_BPMPROD_20250524_b33q9f0o_2_1.vab
Backup Set           49606  24-MAY-25         
  Backup Piece       86291  24-MAY-25          3fc90592-511f-4200-aedc-48597064f4c8/RMAN_full_1062634547_BPMPROD_20250524_b33q9f0o_1_1.vab
Backup Set           49605  24-MAY-25         
  Backup Piece       86290  24-MAY-25          3fc90592-511f-4200-aedc-48597064f4c8/RMAN_full_1062634547_BPMPROD_20250524_b53q9fae_2_1.vab
Backup Set           49605  24-MAY-25         
  Backup Piece       86296  24-MAY-25          3fc90592-511f-4200-aedc-48597064f4c8/RMAN_full_1062634547_BPMPROD_20250524_b53q9fae_1_1.vab
Backup Set           49607  24-MAY-25         
  Backup Piece       86294  24-MAY-25          3fc90592-511f-4200-aedc-48597064f4c8/RMAN_full_1062634547_BPMPROD_20250524_b73q9feh_2_1.vab
Backup Set           49607  24-MAY-25         
  Backup Piece       86293  24-MAY-25          3fc90592-511f-4200-aedc-48597064f4c8/RMAN_full_1062634547_BPMPROD_20250524_b73q9feh_1_1.vab
Backup Set           49608  24-MAY-25         
  Backup Piece       86295  24-MAY-25          3fc90592-511f-4200-aedc-48597064f4c8/RMAN_full_1062634547_BPMPROD_20250524_b93q9fu6_2_1.vab
Backup Set           49608  24-MAY-25         
  Backup Piece       86297  24-MAY-25          3fc90592-511f-4200-aedc-48597064f4c8/RMAN_full_1062634547_BPMPROD_20250524_b93q9fu6_1_1.vab
Backup Set           49609  24-MAY-25         
  Backup Piece       86298  24-MAY-25          3fc90592-511f-4200-aedc-48597064f4c8/RMAN_full_1062634547_BPMPROD_20250524_bb3q9g10_2_1.vab
Backup Set           49609  24-MAY-25         
  Backup Piece       86300  24-MAY-25          3fc90592-511f-4200-aedc-48597064f4c8/RMAN_full_1062634547_BPMPROD_20250524_bb3q9g10_1_1.vab
Backup Set           49610  24-MAY-25         
  Backup Piece       86299  24-MAY-25          3fc90592-511f-4200-aedc-48597064f4c8/RMAN_full_1062634547_BPMPROD_20250524_bd3q9gfd_2_1.vab
Backup Set           49610  24-MAY-25         
  Backup Piece       86302  24-MAY-25          3fc90592-511f-4200-aedc-48597064f4c8/RMAN_full_1062634547_BPMPROD_20250524_bd3q9gfd_1_1.vab
Backup Set           49611  24-MAY-25         
  Backup Piece       86301  24-MAY-25          3fc90592-511f-4200-aedc-48597064f4c8/RMAN_full_1062634547_BPMPROD_20250524_bf3q9giq_2_1.vab
Backup Set           49611  24-MAY-25         
  Backup Piece       86304  24-MAY-25          3fc90592-511f-4200-aedc-48597064f4c8/RMAN_full_1062634547_BPMPROD_20250524_bf3q9giq_1_1.vab
Backup Set           49612  24-MAY-25         
  Backup Piece       86303  24-MAY-25          3fc90592-511f-4200-aedc-48597064f4c8/RMAN_full_1062634547_BPMPROD_20250524_bh3q9h25_2_1.vab
Backup Set           49612  24-MAY-25         
  Backup Piece       86305  24-MAY-25          3fc90592-511f-4200-aedc-48597064f4c8/RMAN_full_1062634547_BPMPROD_20250524_bh3q9h25_1_1.vab
Backup Set           49613  24-MAY-25         
  Backup Piece       86306  24-MAY-25          3fc90592-511f-4200-aedc-48597064f4c8/RMAN_full_1062634547_BPMPROD_20250524_bj3q9hcp_2_1.vab
Backup Set           49613  24-MAY-25         
  Backup Piece       86309  24-MAY-25          3fc90592-511f-4200-aedc-48597064f4c8/RMAN_full_1062634547_BPMPROD_20250524_bj3q9hcp_1_1.vab
Backup Set           49614  24-MAY-25         
  Backup Piece       86307  24-MAY-25          3fc90592-511f-4200-aedc-48597064f4c8/RMAN_full_1062634547_BPMPROD_20250524_bl3q9hqs_2_1.vab
Backup Set           49614  24-MAY-25         
  Backup Piece       86312  24-MAY-25          3fc90592-511f-4200-aedc-48597064f4c8/RMAN_full_1062634547_BPMPROD_20250524_bl3q9hqs_1_1.vab
Backup Set           49615  24-MAY-25         
  Backup Piece       86308  24-MAY-25          3fc90592-511f-4200-aedc-48597064f4c8/RMAN_full_1062634547_BPMPROD_20250524_bn3q9huj_2_1.vab
Backup Set           49615  24-MAY-25         
  Backup Piece       86313  24-MAY-25          3fc90592-511f-4200-aedc-48597064f4c8/RMAN_full_1062634547_BPMPROD_20250524_bn3q9huj_1_1.vab
Backup Set           49616  24-MAY-25         
  Backup Piece       86310  24-MAY-25          3fc90592-511f-4200-aedc-48597064f4c8/RMAN_full_1062634547_BPMPROD_20250524_bp3q9i4r_2_1.vab
Backup Set           49616  24-MAY-25         
  Backup Piece       86311  24-MAY-25          3fc90592-511f-4200-aedc-48597064f4c8/RMAN_full_1062634547_BPMPROD_20250524_bp3q9i4r_1_1.vab
Backup Set           49617  24-MAY-25         
  Backup Piece       86314  24-MAY-25          3fc90592-511f-4200-aedc-48597064f4c8/RMAN_full_1062634547_BPMPROD_20250524_br3q9ijs_2_1.vab
Backup Set           49617  24-MAY-25         
  Backup Piece       86315  24-MAY-25          3fc90592-511f-4200-aedc-48597064f4c8/RMAN_full_1062634547_BPMPROD_20250524_br3q9ijs_1_1.vab
Backup Set           49618  24-MAY-25         
  Backup Piece       86316  24-MAY-25          3fc90592-511f-4200-aedc-48597064f4c8/RMAN_full_1062634547_BPMPROD_20250524_bt3q9j11_2_1.vab
Backup Set           49618  24-MAY-25         
  Backup Piece       86318  24-MAY-25          3fc90592-511f-4200-aedc-48597064f4c8/RMAN_full_1062634547_BPMPROD_20250524_bt3q9j11_1_1.vab
Backup Set           49619  24-MAY-25         
  Backup Piece       86317  24-MAY-25          3fc90592-511f-4200-aedc-48597064f4c8/RMAN_full_1062634547_BPMPROD_20250524_bv3q9j9f_2_1.vab
Backup Set           49619  24-MAY-25         
  Backup Piece       86323  24-MAY-25          3fc90592-511f-4200-aedc-48597064f4c8/RMAN_full_1062634547_BPMPROD_20250524_bv3q9j9f_1_1.vab
Backup Set           49620  24-MAY-25         
  Backup Piece       86319  24-MAY-25          3fc90592-511f-4200-aedc-48597064f4c8/RMAN_full_1062634547_BPMPROD_20250524_c13q9jgc_2_1.vab
Backup Set           49620  24-MAY-25         
  Backup Piece       86324  24-MAY-25          3fc90592-511f-4200-aedc-48597064f4c8/RMAN_full_1062634547_BPMPROD_20250524_c13q9jgc_1_1.vab
Backup Set           49622  24-MAY-25         
  Backup Piece       86321  24-MAY-25          3fc90592-511f-4200-aedc-48597064f4c8/RMAN_full_1062634547_BPMPROD_20250524_c33q9jo7_2_1.vab
Backup Set           49622  24-MAY-25         
  Backup Piece       86322  24-MAY-25          3fc90592-511f-4200-aedc-48597064f4c8/RMAN_full_1062634547_BPMPROD_20250524_c33q9jo7_1_1.vab
Backup Set           49621  24-MAY-25         
  Backup Piece       86320  24-MAY-25          3fc90592-511f-4200-aedc-48597064f4c8/RMAN_full_1062634547_BPMPROD_20250524_c53q9k5c_2_1.vab
Backup Set           49621  24-MAY-25         
  Backup Piece       86326  24-MAY-25          3fc90592-511f-4200-aedc-48597064f4c8/RMAN_full_1062634547_BPMPROD_20250524_c53q9k5c_1_1.vab
Backup Set           49623  24-MAY-25         
  Backup Piece       86325  24-MAY-25          3fc90592-511f-4200-aedc-48597064f4c8/RMAN_full_1062634547_BPMPROD_20250524_c73q9kmt_2_1.vab
Backup Set           49623  24-MAY-25         
  Backup Piece       86330  24-MAY-25          3fc90592-511f-4200-aedc-48597064f4c8/RMAN_full_1062634547_BPMPROD_20250524_c73q9kmt_1_1.vab
Backup Set           49624  24-MAY-25         
  Backup Piece       86327  24-MAY-25          3fc90592-511f-4200-aedc-48597064f4c8/RMAN_full_1062634547_BPMPROD_20250524_c93q9krt_2_1.vab
Backup Set           49624  24-MAY-25         
  Backup Piece       86332  24-MAY-25          3fc90592-511f-4200-aedc-48597064f4c8/RMAN_full_1062634547_BPMPROD_20250524_c93q9krt_1_1.vab
Backup Set           49626  24-MAY-25         
  Backup Piece       86329  24-MAY-25          3fc90592-511f-4200-aedc-48597064f4c8/RMAN_full_1062634547_BPMPROD_20250524_cb3q9l42_2_1.vab
Backup Set           49626  24-MAY-25         
  Backup Piece       86339  24-MAY-25          3fc90592-511f-4200-aedc-48597064f4c8/RMAN_full_1062634547_BPMPROD_20250524_cb3q9l42_1_1.vab
Backup Set           49625  24-MAY-25         
  Backup Piece       86328  24-MAY-25          3fc90592-511f-4200-aedc-48597064f4c8/RMAN_full_1062634547_BPMPROD_20250524_cd3q9lag_2_1.vab
Backup Set           49625  24-MAY-25         
  Backup Piece       86335  24-MAY-25          3fc90592-511f-4200-aedc-48597064f4c8/RMAN_full_1062634547_BPMPROD_20250524_cd3q9lag_1_1.vab
Backup Set           49627  24-MAY-25         
  Backup Piece       86331  24-MAY-25          3fc90592-511f-4200-aedc-48597064f4c8/RMAN_full_1062634547_BPMPROD_20250524_cf3q9lh2_2_1.vab
Backup Set           49627  24-MAY-25         
  Backup Piece       86343  24-MAY-25          3fc90592-511f-4200-aedc-48597064f4c8/RMAN_full_1062634547_BPMPROD_20250524_cf3q9lh2_1_1.vab
Backup Set           49628  24-MAY-25         
  Backup Piece       86333  24-MAY-25          3fc90592-511f-4200-aedc-48597064f4c8/RMAN_full_1062634547_BPMPROD_20250524_ch3q9lrn_2_1.vab
Backup Set           49628  24-MAY-25         
  Backup Piece       86345  24-MAY-25          3fc90592-511f-4200-aedc-48597064f4c8/RMAN_full_1062634547_BPMPROD_20250524_ch3q9lrn_1_1.vab
Backup Set           49629  24-MAY-25         
  Backup Piece       86334  24-MAY-25          3fc90592-511f-4200-aedc-48597064f4c8/RMAN_full_1062634547_BPMPROD_20250524_cj3q9lui_2_1.vab
Backup Set           49629  24-MAY-25         
  Backup Piece       86336  24-MAY-25          3fc90592-511f-4200-aedc-48597064f4c8/RMAN_full_1062634547_BPMPROD_20250524_cj3q9lui_1_1.vab
Backup Set           49630  24-MAY-25         
  Backup Piece       86337  24-MAY-25          3fc90592-511f-4200-aedc-48597064f4c8/RMAN_full_1062634547_BPMPROD_20250524_cl3q9m38_2_1.vab
Backup Set           49630  24-MAY-25         
  Backup Piece       86338  24-MAY-25          3fc90592-511f-4200-aedc-48597064f4c8/RMAN_full_1062634547_BPMPROD_20250524_cl3q9m38_1_1.vab
Backup Set           49631  24-MAY-25         
  Backup Piece       86340  24-MAY-25          3fc90592-511f-4200-aedc-48597064f4c8/RMAN_full_1062634547_BPMPROD_20250524_cn3q9msh_2_1.vab
Backup Set           49631  24-MAY-25         
  Backup Piece       86350  24-MAY-25          3fc90592-511f-4200-aedc-48597064f4c8/RMAN_full_1062634547_BPMPROD_20250524_cn3q9msh_1_1.vab
Backup Set           49632  24-MAY-25         
  Backup Piece       86341  24-MAY-25          3fc90592-511f-4200-aedc-48597064f4c8/RMAN_full_1062634547_BPMPROD_20250524_cp3q9mtp_2_1.vab
Backup Set           49632  24-MAY-25         
  Backup Piece       86361  24-MAY-25          3fc90592-511f-4200-aedc-48597064f4c8/RMAN_full_1062634547_BPMPROD_20250524_cp3q9mtp_1_1.vab
Backup Set           49633  24-MAY-25         
  Backup Piece       86342  24-MAY-25          3fc90592-511f-4200-aedc-48597064f4c8/RMAN_full_1062634547_BPMPROD_20250524_cr3q9mtq_2_1.vab
Backup Set           49633  24-MAY-25         
  Backup Piece       86347  24-MAY-25          3fc90592-511f-4200-aedc-48597064f4c8/RMAN_full_1062634547_BPMPROD_20250524_cr3q9mtq_1_1.vab
Backup Set           49634  24-MAY-25         
  Backup Piece       86344  24-MAY-25          3fc90592-511f-4200-aedc-48597064f4c8/RMAN_full_1062634547_BPMPROD_20250524_ct3q9mvc_2_1.vab
Backup Set           49634  24-MAY-25         
  Backup Piece       86353  24-MAY-25          3fc90592-511f-4200-aedc-48597064f4c8/RMAN_full_1062634547_BPMPROD_20250524_ct3q9mvc_1_1.vab
Backup Set           49635  24-MAY-25         
  Backup Piece       86346  24-MAY-25          3fc90592-511f-4200-aedc-48597064f4c8/RMAN_full_1062634547_BPMPROD_20250524_cv3q9n9n_2_1.vab
Backup Set           49635  24-MAY-25         
  Backup Piece       86367  24-MAY-25          3fc90592-511f-4200-aedc-48597064f4c8/RMAN_full_1062634547_BPMPROD_20250524_cv3q9n9n_1_1.vab
Backup Set           49636  24-MAY-25         
  Backup Piece       86348  24-MAY-25          3fc90592-511f-4200-aedc-48597064f4c8/RMAN_full_1062634547_BPMPROD_20250524_d13q9nd6_2_1.vab
Backup Set           49636  24-MAY-25         
  Backup Piece       86366  24-MAY-25          3fc90592-511f-4200-aedc-48597064f4c8/RMAN_full_1062634547_BPMPROD_20250524_d13q9nd6_1_1.vab
Backup Set           49637  24-MAY-25         
  Backup Piece       86351  24-MAY-25          3fc90592-511f-4200-aedc-48597064f4c8/RMAN_full_1062634547_BPMPROD_20250524_d33q9ndv_2_1.vab
Backup Set           49637  24-MAY-25         
  Backup Piece       86349  24-MAY-25          3fc90592-511f-4200-aedc-48597064f4c8/RMAN_full_1062634547_BPMPROD_20250524_d33q9ndv_1_1.vab
Backup Set           49638  24-MAY-25         
  Backup Piece       86352  24-MAY-25          3fc90592-511f-4200-aedc-48597064f4c8/RMAN_full_1062634547_BPMPROD_20250524_d53q9ni1_2_1.vab
Backup Set           49638  24-MAY-25         
  Backup Piece       86356  24-MAY-25          3fc90592-511f-4200-aedc-48597064f4c8/RMAN_full_1062634547_BPMPROD_20250524_d53q9ni1_1_1.vab
Backup Set           49639  24-MAY-25         
  Backup Piece       86354  24-MAY-25          3fc90592-511f-4200-aedc-48597064f4c8/RMAN_full_1062634547_BPMPROD_20250524_d73q9nih_2_1.vab
Backup Set           49639  24-MAY-25         
  Backup Piece       86355  24-MAY-25          3fc90592-511f-4200-aedc-48597064f4c8/RMAN_full_1062634547_BPMPROD_20250524_d73q9nih_1_1.vab
Backup Set           49640  24-MAY-25         
  Backup Piece       86357  24-MAY-25          3fc90592-511f-4200-aedc-48597064f4c8/RMAN_full_1062634547_BPMPROD_20250524_d93q9nk3_2_1.vab
Backup Set           49640  24-MAY-25         
  Backup Piece       86359  24-MAY-25          3fc90592-511f-4200-aedc-48597064f4c8/RMAN_full_1062634547_BPMPROD_20250524_d93q9nk3_1_1.vab
Backup Set           49641  24-MAY-25         
  Backup Piece       86358  24-MAY-25          3fc90592-511f-4200-aedc-48597064f4c8/RMAN_full_1062634547_BPMPROD_20250524_db3q9nlj_2_1.vab
Backup Set           49641  24-MAY-25         
  Backup Piece       86365  24-MAY-25          3fc90592-511f-4200-aedc-48597064f4c8/RMAN_full_1062634547_BPMPROD_20250524_db3q9nlj_1_1.vab
Backup Set           49642  24-MAY-25         
  Backup Piece       86362  24-MAY-25          3fc90592-511f-4200-aedc-48597064f4c8/RMAN_full_1062634547_BPMPROD_20250524_dd3q9nmd_2_1.vab
Backup Set           49642  24-MAY-25         
  Backup Piece       86360  24-MAY-25          3fc90592-511f-4200-aedc-48597064f4c8/RMAN_full_1062634547_BPMPROD_20250524_dd3q9nmd_1_1.vab
Backup Set           49643  24-MAY-25         
  Backup Piece       86363  24-MAY-25          3fc90592-511f-4200-aedc-48597064f4c8/RMAN_full_1062634547_BPMPROD_20250524_df3q9nn6_2_1.vab
Backup Set           49643  24-MAY-25         
  Backup Piece       86364  24-MAY-25          3fc90592-511f-4200-aedc-48597064f4c8/RMAN_full_1062634547_BPMPROD_20250524_df3q9nn6_1_1.vab
Backup Set           49644  24-MAY-25         
  Backup Piece       86368  24-MAY-25          3fc90592-511f-4200-aedc-48597064f4c8/RMAN_full_1062634547_BPMPROD_20250524_dh3q9nnl_2_1.vab
Backup Set           49644  24-MAY-25         
  Backup Piece       86371  24-MAY-25          3fc90592-511f-4200-aedc-48597064f4c8/RMAN_full_1062634547_BPMPROD_20250524_dh3q9nnl_1_1.vab
Backup Set           49645  24-MAY-25         
  Backup Piece       86369  24-MAY-25          3fc90592-511f-4200-aedc-48597064f4c8/RMAN_full_1062634547_BPMPROD_20250524_dj3q9no4_2_1.vab
Backup Set           49645  24-MAY-25         
  Backup Piece       86373  24-MAY-25          3fc90592-511f-4200-aedc-48597064f4c8/RMAN_full_1062634547_BPMPROD_20250524_dj3q9no4_1_1.vab
Backup Set           49646  24-MAY-25         
  Backup Piece       86370  24-MAY-25          3fc90592-511f-4200-aedc-48597064f4c8/RMAN_full_1062634547_BPMPROD_20250524_dl3q9nsp_2_1.vab
Backup Set           49646  24-MAY-25         
  Backup Piece       86374  24-MAY-25          3fc90592-511f-4200-aedc-48597064f4c8/RMAN_full_1062634547_BPMPROD_20250524_dl3q9nsp_1_1.vab
Backup Set           49647  24-MAY-25         
  Backup Piece       86372  24-MAY-25          3fc90592-511f-4200-aedc-48597064f4c8/RMAN_full_1062634547_BPMPROD_20250524_dn3q9od0_2_1.vab
Backup Set           49647  24-MAY-25         
  Backup Piece       86377  24-MAY-25          3fc90592-511f-4200-aedc-48597064f4c8/RMAN_full_1062634547_BPMPROD_20250524_dn3q9od0_1_1.vab
Backup Set           49648  24-MAY-25         
  Backup Piece       86375  24-MAY-25          3fc90592-511f-4200-aedc-48597064f4c8/RMAN_full_1062634547_BPMPROD_20250524_dp3q9opr_2_1.vab
Backup Set           49648  24-MAY-25         
  Backup Piece       86382  24-MAY-25          3fc90592-511f-4200-aedc-48597064f4c8/RMAN_full_1062634547_BPMPROD_20250524_dp3q9opr_1_1.vab
Backup Set           49650  24-MAY-25         
  Backup Piece       86378  24-MAY-25          3fc90592-511f-4200-aedc-48597064f4c8/RMAN_full_1062634547_BPMPROD_20250524_dr3q9p2t_2_1.vab
Backup Set           49650  24-MAY-25         
  Backup Piece       86381  24-MAY-25          3fc90592-511f-4200-aedc-48597064f4c8/RMAN_full_1062634547_BPMPROD_20250524_dr3q9p2t_1_1.vab
Backup Set           49649  24-MAY-25         
  Backup Piece       86376  24-MAY-25          3fc90592-511f-4200-aedc-48597064f4c8/RMAN_full_1062634547_BPMPROD_20250524_dt3q9peq_2_1.vab
Backup Set           49649  24-MAY-25         
  Backup Piece       86390  24-MAY-25          3fc90592-511f-4200-aedc-48597064f4c8/RMAN_full_1062634547_BPMPROD_20250524_dt3q9peq_1_1.vab
Backup Set           49651  24-MAY-25         
  Backup Piece       86379  24-MAY-25          3fc90592-511f-4200-aedc-48597064f4c8/RMAN_full_1062634547_BPMPROD_20250524_dv3q9pgm_2_1.vab
Backup Set           49651  24-MAY-25         
  Backup Piece       86385  24-MAY-25          3fc90592-511f-4200-aedc-48597064f4c8/RMAN_full_1062634547_BPMPROD_20250524_dv3q9pgm_1_1.vab
Backup Set           49652  24-MAY-25         
  Backup Piece       86380  24-MAY-25          3fc90592-511f-4200-aedc-48597064f4c8/RMAN_full_1062634547_BPMPROD_20250524_e13q9pnt_2_1.vab
Backup Set           49652  24-MAY-25         
  Backup Piece       86393  24-MAY-25          3fc90592-511f-4200-aedc-48597064f4c8/RMAN_full_1062634547_BPMPROD_20250524_e13q9pnt_1_1.vab
Backup Set           49653  24-MAY-25         
  Backup Piece       86383  24-MAY-25          3fc90592-511f-4200-aedc-48597064f4c8/RMAN_full_1062634547_BPMPROD_20250524_e33q9poj_2_1.vab
Backup Set           49653  24-MAY-25         
  Backup Piece       86387  24-MAY-25          3fc90592-511f-4200-aedc-48597064f4c8/RMAN_full_1062634547_BPMPROD_20250524_e33q9poj_1_1.vab
Backup Set           49654  24-MAY-25         
  Backup Piece       86384  24-MAY-25          3fc90592-511f-4200-aedc-48597064f4c8/RMAN_full_1062634547_BPMPROD_20250524_e53q9pud_2_1.vab
Backup Set           49654  24-MAY-25         
  Backup Piece       86391  24-MAY-25          3fc90592-511f-4200-aedc-48597064f4c8/RMAN_full_1062634547_BPMPROD_20250524_e53q9pud_1_1.vab
Backup Set           49655  24-MAY-25         
  Backup Piece       86386  24-MAY-25          3fc90592-511f-4200-aedc-48597064f4c8/RMAN_full_1062634547_BPMPROD_20250524_e73q9pvl_2_1.vab
Backup Set           49655  24-MAY-25         
  Backup Piece       86389  24-MAY-25          3fc90592-511f-4200-aedc-48597064f4c8/RMAN_full_1062634547_BPMPROD_20250524_e73q9pvl_1_1.vab
Backup Set           49656  24-MAY-25         
  Backup Piece       86388  24-MAY-25          3fc90592-511f-4200-aedc-48597064f4c8/RMAN_full_1062634547_BPMPROD_20250524_e93q9qmq_1_1.vab
Backup Set           49657  24-MAY-25         
  Backup Piece       86392  24-MAY-25          3fc90592-511f-4200-aedc-48597064f4c8/RMAN_full_1062634547_BPMPROD_20250524_ea3q9qn1_2_1.vab
Backup Set           49657  24-MAY-25         
  Backup Piece       86397  24-MAY-25          3fc90592-511f-4200-aedc-48597064f4c8/RMAN_full_1062634547_BPMPROD_20250524_ea3q9qn1_1_1.vab
Backup Set           49659  24-MAY-25         
  Backup Piece       86395  24-MAY-25          3fc90592-511f-4200-aedc-48597064f4c8/RMAN_full_1062634547_BPMPROD_20250524_ec3q9s34_2_1.vab
Backup Set           49659  24-MAY-25         
  Backup Piece       86402  24-MAY-25          3fc90592-511f-4200-aedc-48597064f4c8/RMAN_full_1062634547_BPMPROD_20250524_ec3q9s34_1_1.vab
Backup Set           49658  24-MAY-25         
  Backup Piece       86394  24-MAY-25          3fc90592-511f-4200-aedc-48597064f4c8/RMAN_full_1062634547_BPMPROD_20250524_ee3q9s77_2_1.vab
Backup Set           49658  24-MAY-25         
  Backup Piece       86401  24-MAY-25          3fc90592-511f-4200-aedc-48597064f4c8/RMAN_full_1062634547_BPMPROD_20250524_ee3q9s77_1_1.vab
Backup Set           49660  24-MAY-25         
  Backup Piece       86396  24-MAY-25          3fc90592-511f-4200-aedc-48597064f4c8/RMAN_full_1062634547_BPMPROD_20250524_eg3q9sa1_1_1.vab
Backup Set           49663  24-MAY-25         
  Backup Piece       86400  24-MAY-25          3fc90592-511f-4200-aedc-48597064f4c8/RMAN_full_1062634547_BPMPROD_20250524_eh3q9sh2_1_1.vab
Backup Set           49661  24-MAY-25         
  Backup Piece       86398  24-MAY-25          3fc90592-511f-4200-aedc-48597064f4c8/RMAN_full_1062634547_BPMPROD_20250524_ei3q9spc_2_1.vab
Backup Set           49661  24-MAY-25         
  Backup Piece       86403  24-MAY-25          3fc90592-511f-4200-aedc-48597064f4c8/RMAN_full_1062634547_BPMPROD_20250524_ei3q9spc_1_1.vab
Backup Set           49662  24-MAY-25         
  Backup Piece       86399  24-MAY-25          3fc90592-511f-4200-aedc-48597064f4c8/RMAN_full_1062634547_BPMPROD_20250524_ek3q9tbq_2_1.vab
Backup Set           49662  24-MAY-25         
  Backup Piece       86408  24-MAY-25          3fc90592-511f-4200-aedc-48597064f4c8/RMAN_full_1062634547_BPMPROD_20250524_ek3q9tbq_1_1.vab
Backup Set           49667  24-MAY-25         
  Backup Piece       86407  24-MAY-25          3fc90592-511f-4200-aedc-48597064f4c8/RMAN_full_1062634547_BPMPROD_20250524_em3q9tfa_1_1.vab
Backup Set           49666  24-MAY-25         
  Backup Piece       86406  24-MAY-25          3fc90592-511f-4200-aedc-48597064f4c8/RMAN_full_1062634547_BPMPROD_20250524_en3q9tpp_1_1.vab
Backup Set           49668  24-MAY-25         
  Backup Piece       86409  24-MAY-25          3fc90592-511f-4200-aedc-48597064f4c8/RMAN_full_1062634547_BPMPROD_20250524_eo3q9trg_1_1.vab
Backup Set           49664  24-MAY-25         
  Backup Piece       86404  24-MAY-25          3fc90592-511f-4200-aedc-48597064f4c8/RMAN_full_1062634547_BPMPROD_20250524_ep3q9tt8_2_1.vab
Backup Set           49664  24-MAY-25         
  Backup Piece       86410  24-MAY-25          3fc90592-511f-4200-aedc-48597064f4c8/RMAN_full_1062634547_BPMPROD_20250524_ep3q9tt8_1_1.vab
Backup Set           49665  24-MAY-25         
  Backup Piece       86405  24-MAY-25          3fc90592-511f-4200-aedc-48597064f4c8/RMAN_full_1062634547_BPMPROD_20250524_er3q9u79_1_1.vab
Backup Set           49669  24-MAY-25         
  Backup Piece       86411  24-MAY-25          3fc90592-511f-4200-aedc-48597064f4c8/RMAN_full_1062634547_BPMPROD_20250524_es3qa0d6_1_1.vab
Backup Set           49671  24-MAY-25         
  Backup Piece       86413  24-MAY-25          3fc90592-511f-4200-aedc-48597064f4c8/RMAN_full_1062634547_BPMPROD_20250524_et3qa0fm_1_1.vab
Backup Set           49674  24-MAY-25         
  Backup Piece       86416  24-MAY-25          3fc90592-511f-4200-aedc-48597064f4c8/RMAN_full_1062634547_BPMPROD_20250524_eu3qa0fm_1_1.vab
Backup Set           49673  24-MAY-25         
  Backup Piece       86415  24-MAY-25          3fc90592-511f-4200-aedc-48597064f4c8/RMAN_full_1062634547_BPMPROD_20250524_ev3qa0fm_1_1.vab
Backup Set           49672  24-MAY-25         
  Backup Piece       86414  24-MAY-25          3fc90592-511f-4200-aedc-48597064f4c8/RMAN_full_1062634547_BPMPROD_20250524_f03qa0fm_1_1.vab
Backup Set           49670  24-MAY-25         
  Backup Piece       86412  24-MAY-25          3fc90592-511f-4200-aedc-48597064f4c8/RMAN_full_1062634547_BPMPROD_20250524_f13qa0fm_1_1.vab
Backup Set           49675  24-MAY-25         
  Backup Piece       86417  24-MAY-25          3fc90592-511f-4200-aedc-48597064f4c8/RMAN_full_1062634547_BPMPROD_20250524_f23qa0k7_1_1.vab
Backup Set           49681  24-MAY-25         
  Backup Piece       86423  24-MAY-25          3fc90592-511f-4200-aedc-48597064f4c8/RMAN_full_1062634547_BPMPROD_20250524_f33qa0la_1_1.vab
Backup Set           49679  24-MAY-25         
  Backup Piece       86421  24-MAY-25          3fc90592-511f-4200-aedc-48597064f4c8/RMAN_full_1062634547_BPMPROD_20250524_f43qa0la_1_1.vab
Backup Set           49680  24-MAY-25         
  Backup Piece       86422  24-MAY-25          3fc90592-511f-4200-aedc-48597064f4c8/RMAN_full_1062634547_BPMPROD_20250524_f53qa0la_1_1.vab
Backup Set           49678  24-MAY-25         
  Backup Piece       86420  24-MAY-25          3fc90592-511f-4200-aedc-48597064f4c8/RMAN_full_1062634547_BPMPROD_20250524_f63qa0la_1_1.vab
Backup Set           49677  24-MAY-25         
  Backup Piece       86419  24-MAY-25          3fc90592-511f-4200-aedc-48597064f4c8/RMAN_full_1062634547_BPMPROD_20250524_f73qa0la_1_1.vab
Backup Set           49676  24-MAY-25         
  Backup Piece       86418  24-MAY-25          3fc90592-511f-4200-aedc-48597064f4c8/RMAN_full_1062634547_BPMPROD_20250524_f83qa0lb_1_1.vab
Backup Set           50886  17-JUN-25         
  Backup Piece       88579  17-JUN-25          3fc90592-511f-4200-aedc-48597064f4c8/RMAN_incr_1062634547_BPMPROD_20250617_ik3s6ll5_1_1.vab
Backup Set           50889  17-JUN-25         
  Backup Piece       88582  17-JUN-25          3fc90592-511f-4200-aedc-48597064f4c8/RMAN_incr_1062634547_BPMPROD_20250617_il3s6ll8_1_1.vab
Backup Set           50888  17-JUN-25         
  Backup Piece       88581  17-JUN-25          3fc90592-511f-4200-aedc-48597064f4c8/RMAN_incr_1062634547_BPMPROD_20250617_im3s6lla_1_1.vab
Backup Set           50887  17-JUN-25         
  Backup Piece       88580  17-JUN-25          3fc90592-511f-4200-aedc-48597064f4c8/RMAN_incr_1062634547_BPMPROD_20250617_in3s6lld_1_1.vab
Backup Set           50891  17-JUN-25         
  Backup Piece       88584  17-JUN-25          3fc90592-511f-4200-aedc-48597064f4c8/RMAN_incr_1062634547_BPMPROD_20250617_io3s6o94_1_1.vab
Backup Set           50892  17-JUN-25         
  Backup Piece       88585  17-JUN-25          3fc90592-511f-4200-aedc-48597064f4c8/RMAN_incr_1062634547_BPMPROD_20250617_ip3s6o99_1_1.vab
Backup Set           50890  17-JUN-25         
  Backup Piece       88583  17-JUN-25          3fc90592-511f-4200-aedc-48597064f4c8/RMAN_incr_1062634547_BPMPROD_20250617_iq3s6obk_1_1.vab
Backup Set           50893  17-JUN-25         
  Backup Piece       88586  17-JUN-25          3fc90592-511f-4200-aedc-48597064f4c8/RMAN_incr_1062634547_BPMPROD_20250617_ir3s6po9_1_1.vab
Backup Set           50896  17-JUN-25         
  Backup Piece       88589  17-JUN-25          3fc90592-511f-4200-aedc-48597064f4c8/RMAN_incr_1062634547_BPMPROD_20250617_is3s6pou_1_1.vab
Backup Set           50894  17-JUN-25         
  Backup Piece       88587  17-JUN-25          3fc90592-511f-4200-aedc-48597064f4c8/RMAN_incr_1062634547_BPMPROD_20250617_it3s6pou_1_1.vab
Backup Set           50895  17-JUN-25         
  Backup Piece       88588  17-JUN-25          3fc90592-511f-4200-aedc-48597064f4c8/RMAN_incr_1062634547_BPMPROD_20250617_iu3s6pou_1_1.vab
Backup Set           50897  17-JUN-25         
  Backup Piece       88590  17-JUN-25          3fc90592-511f-4200-aedc-48597064f4c8/RMAN_incr_1062634547_BPMPROD_20250617_iv3s6ppn_1_1.vab
Backup Set           50899  17-JUN-25         
  Backup Piece       88592  17-JUN-25          3fc90592-511f-4200-aedc-48597064f4c8/RMAN_incr_1062634547_BPMPROD_20250617_j03s6pqg_1_1.vab
Backup Set           50901  17-JUN-25         
  Backup Piece       88594  17-JUN-25          3fc90592-511f-4200-aedc-48597064f4c8/RMAN_incr_1062634547_BPMPROD_20250617_j13s6pqh_1_1.vab
Backup Set           50900  17-JUN-25         
  Backup Piece       88593  17-JUN-25          3fc90592-511f-4200-aedc-48597064f4c8/RMAN_incr_1062634547_BPMPROD_20250617_j23s6pqh_1_1.vab
Backup Set           50898  17-JUN-25         
  Backup Piece       88591  17-JUN-25          3fc90592-511f-4200-aedc-48597064f4c8/RMAN_incr_1062634547_BPMPROD_20250617_j33s6pqh_1_1.vab
deleted backup piece
backup piece handle=3fc90592-511f-4200-aedc-48597064f4c8/RMAN_full_1062634547_BPMPROD_20250523_qr3q75jq_2_1.vab RECID=85774 STAMP=1201904493
deleted backup piece
backup piece handle=3fc90592-511f-4200-aedc-48597064f4c8/RMAN_full_1062634547_BPMPROD_20250523_qr3q75jq_1_1.vab RECID=85770 STAMP=1201903226
deleted backup piece
backup piece handle=3fc90592-511f-4200-aedc-48597064f4c8/RMAN_full_1062634547_BPMPROD_20250523_qs3q75jq_2_1.vab RECID=85775 STAMP=1201904659
deleted backup piece
backup piece handle=3fc90592-511f-4200-aedc-48597064f4c8/RMAN_full_1062634547_BPMPROD_20250523_qs3q75jq_1_1.vab RECID=85776 STAMP=1201903226
deleted backup piece
backup piece handle=3fc90592-511f-4200-aedc-48597064f4c8/RMAN_full_1062634547_BPMPROD_20250523_qt3q75jq_2_1.vab RECID=85778 STAMP=1201904974
deleted backup piece
backup piece handle=3fc90592-511f-4200-aedc-48597064f4c8/RMAN_full_1062634547_BPMPROD_20250523_qt3q75jq_1_1.vab RECID=85773 STAMP=1201903226
deleted backup piece
backup piece handle=3fc90592-511f-4200-aedc-48597064f4c8/RMAN_full_1062634547_BPMPROD_20250523_qu3q75jq_2_1.vab RECID=85779 STAMP=1201905019
deleted backup piece
backup piece handle=3fc90592-511f-4200-aedc-48597064f4c8/RMAN_full_1062634547_BPMPROD_20250523_qu3q75jq_1_1.vab RECID=85777 STAMP=1201903227
deleted backup piece
backup piece handle=3fc90592-511f-4200-aedc-48597064f4c8/RMAN_full_1062634547_BPMPROD_20250523_qv3q75jq_2_1.vab RECID=85781 STAMP=1201905325
deleted backup piece
backup piece handle=3fc90592-511f-4200-aedc-48597064f4c8/RMAN_full_1062634547_BPMPROD_20250523_qv3q75jq_1_1.vab RECID=85772 STAMP=1201903227
deleted backup piece
backup piece handle=3fc90592-511f-4200-aedc-48597064f4c8/RMAN_full_1062634547_BPMPROD_20250523_r03q75jr_2_1.vab RECID=85780 STAMP=1201905520
deleted backup piece
backup piece handle=3fc90592-511f-4200-aedc-48597064f4c8/RMAN_full_1062634547_BPMPROD_20250523_r03q75jr_1_1.vab RECID=85771 STAMP=1201903227
deleted backup piece
backup piece handle=3fc90592-511f-4200-aedc-48597064f4c8/RMAN_full_1062634547_BPMPROD_20250523_r73q77v3_2_1.vab RECID=85783 STAMP=1201905831
deleted backup piece
backup piece handle=3fc90592-511f-4200-aedc-48597064f4c8/RMAN_full_1062634547_BPMPROD_20250523_r73q77v3_1_1.vab RECID=85788 STAMP=1201905635
deleted backup piece
backup piece handle=3fc90592-511f-4200-aedc-48597064f4c8/RMAN_full_1062634547_BPMPROD_20250523_r93q78a2_2_1.vab RECID=85782 STAMP=1201905986
deleted backup piece
backup piece handle=3fc90592-511f-4200-aedc-48597064f4c8/RMAN_full_1062634547_BPMPROD_20250523_r93q78a2_1_1.vab RECID=85785 STAMP=1201905986
deleted backup piece
backup piece handle=3fc90592-511f-4200-aedc-48597064f4c8/RMAN_full_1062634547_BPMPROD_20250523_rb3q78e0_2_1.vab RECID=85784 STAMP=1201906607
deleted backup piece
backup piece handle=3fc90592-511f-4200-aedc-48597064f4c8/RMAN_full_1062634547_BPMPROD_20250523_rb3q78e0_1_1.vab RECID=85786 STAMP=1201906112
deleted backup piece
backup piece handle=3fc90592-511f-4200-aedc-48597064f4c8/RMAN_full_1062634547_BPMPROD_20250523_rd3q78ut_2_1.vab RECID=85787 STAMP=1201906930
deleted backup piece
backup piece handle=3fc90592-511f-4200-aedc-48597064f4c8/RMAN_full_1062634547_BPMPROD_20250523_rd3q78ut_1_1.vab RECID=85789 STAMP=1201906655
deleted backup piece
backup piece handle=3fc90592-511f-4200-aedc-48597064f4c8/RMAN_full_1062634547_BPMPROD_20250523_rf3q79gq_2_1.vab RECID=85790 STAMP=1201907401
deleted backup piece
backup piece handle=3fc90592-511f-4200-aedc-48597064f4c8/RMAN_full_1062634547_BPMPROD_20250523_rf3q79gq_1_1.vab RECID=85796 STAMP=1201907226
deleted backup piece
backup piece handle=3fc90592-511f-4200-aedc-48597064f4c8/RMAN_full_1062634547_BPMPROD_20250523_rh3q79o0_2_1.vab RECID=85791 STAMP=1201907532
deleted backup piece
backup piece handle=3fc90592-511f-4200-aedc-48597064f4c8/RMAN_full_1062634547_BPMPROD_20250523_rh3q79o0_1_1.vab RECID=85793 STAMP=1201907457
deleted backup piece
backup piece handle=3fc90592-511f-4200-aedc-48597064f4c8/RMAN_full_1062634547_BPMPROD_20250523_rj3q7a63_2_1.vab RECID=85792 STAMP=1201907982
deleted backup piece
backup piece handle=3fc90592-511f-4200-aedc-48597064f4c8/RMAN_full_1062634547_BPMPROD_20250523_rj3q7a63_1_1.vab RECID=85798 STAMP=1201907907
deleted backup piece
backup piece handle=3fc90592-511f-4200-aedc-48597064f4c8/RMAN_full_1062634547_BPMPROD_20250523_rl3q7a9i_2_1.vab RECID=85794 STAMP=1201908103
deleted backup piece
backup piece handle=3fc90592-511f-4200-aedc-48597064f4c8/RMAN_full_1062634547_BPMPROD_20250523_rl3q7a9i_1_1.vab RECID=85795 STAMP=1201908018
deleted backup piece
backup piece handle=3fc90592-511f-4200-aedc-48597064f4c8/RMAN_full_1062634547_BPMPROD_20250523_rn3q7asl_2_1.vab RECID=85797 STAMP=1201908764
deleted backup piece
backup piece handle=3fc90592-511f-4200-aedc-48597064f4c8/RMAN_full_1062634547_BPMPROD_20250523_rn3q7asl_1_1.vab RECID=85799 STAMP=1201908629
deleted backup piece
backup piece handle=3fc90592-511f-4200-aedc-48597064f4c8/RMAN_full_1062634547_BPMPROD_20250523_rp3q7b5n_2_1.vab RECID=85800 STAMP=1201908975
deleted backup piece
backup piece handle=3fc90592-511f-4200-aedc-48597064f4c8/RMAN_full_1062634547_BPMPROD_20250523_rp3q7b5n_1_1.vab RECID=85804 STAMP=1201908920
deleted backup piece
backup piece handle=3fc90592-511f-4200-aedc-48597064f4c8/RMAN_full_1062634547_BPMPROD_20250523_rr3q7b9q_2_1.vab RECID=85801 STAMP=1201909315
deleted backup piece
backup piece handle=3fc90592-511f-4200-aedc-48597064f4c8/RMAN_full_1062634547_BPMPROD_20250523_rr3q7b9q_1_1.vab RECID=85803 STAMP=1201909050
deleted backup piece
backup piece handle=3fc90592-511f-4200-aedc-48597064f4c8/RMAN_full_1062634547_BPMPROD_20250523_rt3q7bl3_2_1.vab RECID=85802 STAMP=1201909456
deleted backup piece
backup piece handle=3fc90592-511f-4200-aedc-48597064f4c8/RMAN_full_1062634547_BPMPROD_20250523_rt3q7bl3_1_1.vab RECID=85806 STAMP=1201909411
deleted backup piece
backup piece handle=3fc90592-511f-4200-aedc-48597064f4c8/RMAN_full_1062634547_BPMPROD_20250523_rv3q7bpf_2_1.vab RECID=85807 STAMP=1201909737
deleted backup piece
backup piece handle=3fc90592-511f-4200-aedc-48597064f4c8/RMAN_full_1062634547_BPMPROD_20250523_rv3q7bpf_1_1.vab RECID=85805 STAMP=1201909551
deleted backup piece
backup piece handle=3fc90592-511f-4200-aedc-48597064f4c8/RMAN_full_1062634547_BPMPROD_20250523_s13q7c4e_2_1.vab RECID=85809 STAMP=1201909947
deleted backup piece
backup piece handle=3fc90592-511f-4200-aedc-48597064f4c8/RMAN_full_1062634547_BPMPROD_20250523_s13q7c4e_1_1.vab RECID=85808 STAMP=1201909902
deleted backup piece
backup piece handle=3fc90592-511f-4200-aedc-48597064f4c8/RMAN_full_1062634547_BPMPROD_20250523_s33q7cac_2_1.vab RECID=85810 STAMP=1201910248
deleted backup piece
backup piece handle=3fc90592-511f-4200-aedc-48597064f4c8/RMAN_full_1062634547_BPMPROD_20250523_s33q7cac_1_1.vab RECID=85813 STAMP=1201910093
deleted backup piece
backup piece handle=3fc90592-511f-4200-aedc-48597064f4c8/RMAN_full_1062634547_BPMPROD_20250523_s53q7cgl_2_1.vab RECID=85811 STAMP=1201910308
deleted backup piece
backup piece handle=3fc90592-511f-4200-aedc-48597064f4c8/RMAN_full_1062634547_BPMPROD_20250523_s53q7cgl_1_1.vab RECID=85817 STAMP=1201910293
deleted backup piece
backup piece handle=3fc90592-511f-4200-aedc-48597064f4c8/RMAN_full_1062634547_BPMPROD_20250524_s73q7cue_2_1.vab RECID=85814 STAMP=1201910859
deleted backup piece
backup piece handle=3fc90592-511f-4200-aedc-48597064f4c8/RMAN_full_1062634547_BPMPROD_20250524_s73q7cue_1_1.vab RECID=85815 STAMP=1201910734
deleted backup piece
backup piece handle=3fc90592-511f-4200-aedc-48597064f4c8/RMAN_full_1062634547_BPMPROD_20250524_s93q7d9c_2_1.vab RECID=85812 STAMP=1201911209
deleted backup piece
backup piece handle=3fc90592-511f-4200-aedc-48597064f4c8/RMAN_full_1062634547_BPMPROD_20250524_s93q7d9c_1_1.vab RECID=85816 STAMP=1201911084
deleted backup piece
backup piece handle=3fc90592-511f-4200-aedc-48597064f4c8/RMAN_full_1062634547_BPMPROD_20250524_sb3q7e49_2_1.vab RECID=85819 STAMP=1201912041
deleted backup piece
backup piece handle=3fc90592-511f-4200-aedc-48597064f4c8/RMAN_full_1062634547_BPMPROD_20250524_sb3q7e49_1_1.vab RECID=85820 STAMP=1201911945
deleted backup piece
backup piece handle=3fc90592-511f-4200-aedc-48597064f4c8/RMAN_full_1062634547_BPMPROD_20250524_sd3q7eco_2_1.vab RECID=85818 STAMP=1201912331
deleted backup piece
backup piece handle=3fc90592-511f-4200-aedc-48597064f4c8/RMAN_full_1062634547_BPMPROD_20250524_sd3q7eco_1_1.vab RECID=85823 STAMP=1201912216
deleted backup piece
backup piece handle=3fc90592-511f-4200-aedc-48597064f4c8/RMAN_full_1062634547_BPMPROD_20250524_sf3q7ek8_2_1.vab RECID=85821 STAMP=1201912532
deleted backup piece
backup piece handle=3fc90592-511f-4200-aedc-48597064f4c8/RMAN_full_1062634547_BPMPROD_20250524_sf3q7ek8_1_1.vab RECID=85822 STAMP=1201912456
deleted backup piece
backup piece handle=3fc90592-511f-4200-aedc-48597064f4c8/RMAN_full_1062634547_BPMPROD_20250524_sh3q7f7l_2_1.vab RECID=85824 STAMP=1201913085
deleted backup piece
backup piece handle=3fc90592-511f-4200-aedc-48597064f4c8/RMAN_full_1062634547_BPMPROD_20250524_sh3q7f7l_1_1.vab RECID=85825 STAMP=1201913077
deleted backup piece
backup piece handle=3fc90592-511f-4200-aedc-48597064f4c8/RMAN_full_1062634547_BPMPROD_20250524_sj3q7fa8_2_1.vab RECID=85827 STAMP=1201913495
deleted backup piece
backup piece handle=3fc90592-511f-4200-aedc-48597064f4c8/RMAN_full_1062634547_BPMPROD_20250524_sj3q7fa8_1_1.vab RECID=85826 STAMP=1201913160
deleted backup piece
backup piece handle=3fc90592-511f-4200-aedc-48597064f4c8/RMAN_full_1062634547_BPMPROD_20250524_sl3q7fol_2_1.vab RECID=85828 STAMP=1201913836
deleted backup piece
backup piece handle=3fc90592-511f-4200-aedc-48597064f4c8/RMAN_full_1062634547_BPMPROD_20250524_sl3q7fol_1_1.vab RECID=85829 STAMP=1201913621
deleted backup piece
backup piece handle=3fc90592-511f-4200-aedc-48597064f4c8/RMAN_full_1062634547_BPMPROD_20250524_sn3q7fvj_2_1.vab RECID=85830 STAMP=1201914319
deleted backup piece
backup piece handle=3fc90592-511f-4200-aedc-48597064f4c8/RMAN_full_1062634547_BPMPROD_20250524_sn3q7fvj_1_1.vab RECID=85835 STAMP=1201913843
deleted backup piece
backup piece handle=3fc90592-511f-4200-aedc-48597064f4c8/RMAN_full_1062634547_BPMPROD_20250524_sp3q7ggg_2_1.vab RECID=85831 STAMP=1201914419
deleted backup piece
backup piece handle=3fc90592-511f-4200-aedc-48597064f4c8/RMAN_full_1062634547_BPMPROD_20250524_sp3q7ggg_1_1.vab RECID=85833 STAMP=1201914384
deleted backup piece
backup piece handle=3fc90592-511f-4200-aedc-48597064f4c8/RMAN_full_1062634547_BPMPROD_20250524_sr3q7h0p_2_1.vab RECID=85832 STAMP=1201914960
deleted backup piece
backup piece handle=3fc90592-511f-4200-aedc-48597064f4c8/RMAN_full_1062634547_BPMPROD_20250524_sr3q7h0p_1_1.vab RECID=85839 STAMP=1201914905
deleted backup piece
backup piece handle=3fc90592-511f-4200-aedc-48597064f4c8/RMAN_full_1062634547_BPMPROD_20250524_st3q7h3j_2_1.vab RECID=85834 STAMP=1201915180
deleted backup piece
backup piece handle=3fc90592-511f-4200-aedc-48597064f4c8/RMAN_full_1062634547_BPMPROD_20250524_st3q7h3j_1_1.vab RECID=85837 STAMP=1201914995
deleted backup piece
backup piece handle=3fc90592-511f-4200-aedc-48597064f4c8/RMAN_full_1062634547_BPMPROD_20250524_sv3q7hj8_2_1.vab RECID=85836 STAMP=1201915499
deleted backup piece
backup piece handle=3fc90592-511f-4200-aedc-48597064f4c8/RMAN_full_1062634547_BPMPROD_20250524_sv3q7hj8_1_1.vab RECID=85838 STAMP=1201915496
deleted backup piece
backup piece handle=3fc90592-511f-4200-aedc-48597064f4c8/RMAN_full_1062634547_BPMPROD_20250524_t13q7hrk_2_1.vab RECID=85840 STAMP=1201915880
deleted backup piece
backup piece handle=3fc90592-511f-4200-aedc-48597064f4c8/RMAN_full_1062634547_BPMPROD_20250524_t13q7hrk_1_1.vab RECID=85844 STAMP=1201915764
deleted backup piece
backup piece handle=3fc90592-511f-4200-aedc-48597064f4c8/RMAN_full_1062634547_BPMPROD_20250524_t33q7i5l_2_1.vab RECID=85841 STAMP=1201916100
deleted backup piece
backup piece handle=3fc90592-511f-4200-aedc-48597064f4c8/RMAN_full_1062634547_BPMPROD_20250524_t33q7i5l_1_1.vab RECID=85842 STAMP=1201916085
deleted backup piece
backup piece handle=3fc90592-511f-4200-aedc-48597064f4c8/RMAN_full_1062634547_BPMPROD_20250524_t53q7iiq_2_1.vab RECID=85845 STAMP=1201916541
deleted backup piece
backup piece handle=3fc90592-511f-4200-aedc-48597064f4c8/RMAN_full_1062634547_BPMPROD_20250524_t53q7iiq_1_1.vab RECID=85846 STAMP=1201916506
deleted backup piece
backup piece handle=3fc90592-511f-4200-aedc-48597064f4c8/RMAN_full_1062634547_BPMPROD_20250524_t73q7ikc_2_1.vab RECID=85843 STAMP=1201916592
deleted backup piece
backup piece handle=3fc90592-511f-4200-aedc-48597064f4c8/RMAN_full_1062634547_BPMPROD_20250524_t73q7ikc_1_1.vab RECID=85849 STAMP=1201916556
deleted backup piece
backup piece handle=3fc90592-511f-4200-aedc-48597064f4c8/RMAN_full_1062634547_BPMPROD_20250524_t93q7j2p_2_1.vab RECID=85847 STAMP=1201917092
deleted backup piece
backup piece handle=3fc90592-511f-4200-aedc-48597064f4c8/RMAN_full_1062634547_BPMPROD_20250524_t93q7j2p_1_1.vab RECID=85850 STAMP=1201917017
deleted backup piece
backup piece handle=3fc90592-511f-4200-aedc-48597064f4c8/RMAN_full_1062634547_BPMPROD_20250524_tb3q7j8o_2_1.vab RECID=85848 STAMP=1201917263
deleted backup piece
backup piece handle=3fc90592-511f-4200-aedc-48597064f4c8/RMAN_full_1062634547_BPMPROD_20250524_tb3q7j8o_1_1.vab RECID=85852 STAMP=1201917208
deleted backup piece
backup piece handle=3fc90592-511f-4200-aedc-48597064f4c8/RMAN_full_1062634547_BPMPROD_20250524_td3q7jcg_2_1.vab RECID=85853 STAMP=1201917594
deleted backup piece
backup piece handle=3fc90592-511f-4200-aedc-48597064f4c8/RMAN_full_1062634547_BPMPROD_20250524_td3q7jcg_1_1.vab RECID=85851 STAMP=1201917328
deleted backup piece
backup piece handle=3fc90592-511f-4200-aedc-48597064f4c8/RMAN_full_1062634547_BPMPROD_20250524_tf3q7jqj_2_1.vab RECID=85858 STAMP=1201917815
deleted backup piece
backup piece handle=3fc90592-511f-4200-aedc-48597064f4c8/RMAN_full_1062634547_BPMPROD_20250524_tf3q7jqj_1_1.vab RECID=85857 STAMP=1201917779
deleted backup piece
backup piece handle=3fc90592-511f-4200-aedc-48597064f4c8/RMAN_full_1062634547_BPMPROD_20250524_th3q7k3m_2_1.vab RECID=85854 STAMP=1201918155
deleted backup piece
backup piece handle=3fc90592-511f-4200-aedc-48597064f4c8/RMAN_full_1062634547_BPMPROD_20250524_th3q7k3m_1_1.vab RECID=85856 STAMP=1201918070
deleted backup piece
backup piece handle=3fc90592-511f-4200-aedc-48597064f4c8/RMAN_full_1062634547_BPMPROD_20250524_tj3q7kat_2_1.vab RECID=85855 STAMP=1201918456
deleted backup piece
backup piece handle=3fc90592-511f-4200-aedc-48597064f4c8/RMAN_full_1062634547_BPMPROD_20250524_tj3q7kat_1_1.vab RECID=85860 STAMP=1201918301
deleted backup piece
backup piece handle=3fc90592-511f-4200-aedc-48597064f4c8/RMAN_full_1062634547_BPMPROD_20250524_tl3q7l8k_2_1.vab RECID=85862 STAMP=1201919708
deleted backup piece
backup piece handle=3fc90592-511f-4200-aedc-48597064f4c8/RMAN_full_1062634547_BPMPROD_20250524_tl3q7l8k_1_1.vab RECID=85861 STAMP=1201919252
deleted backup piece
backup piece handle=3fc90592-511f-4200-aedc-48597064f4c8/RMAN_full_1062634547_BPMPROD_20250524_tn3q7lnv_2_1.vab RECID=85859 STAMP=1201919858
deleted backup piece
backup piece handle=3fc90592-511f-4200-aedc-48597064f4c8/RMAN_full_1062634547_BPMPROD_20250524_tn3q7lnv_1_1.vab RECID=85864 STAMP=1201919743
deleted backup piece
backup piece handle=3fc90592-511f-4200-aedc-48597064f4c8/RMAN_full_1062634547_BPMPROD_20250524_tp3q7lt0_2_1.vab RECID=85863 STAMP=1201920650
deleted backup piece
backup piece handle=3fc90592-511f-4200-aedc-48597064f4c8/RMAN_full_1062634547_BPMPROD_20250524_tp3q7lt0_1_1.vab RECID=85870 STAMP=1201919904
deleted backup piece
backup piece handle=3fc90592-511f-4200-aedc-48597064f4c8/RMAN_full_1062634547_BPMPROD_20250524_tr3q7mkp_2_1.vab RECID=85865 STAMP=1201920840
deleted backup piece
backup piece handle=3fc90592-511f-4200-aedc-48597064f4c8/RMAN_full_1062634547_BPMPROD_20250524_tr3q7mkp_1_1.vab RECID=85871 STAMP=1201920665
deleted backup piece
backup piece handle=3fc90592-511f-4200-aedc-48597064f4c8/RMAN_full_1062634547_BPMPROD_20250524_tt3q7mrv_2_1.vab RECID=85872 STAMP=1201921331
deleted backup piece
backup piece handle=3fc90592-511f-4200-aedc-48597064f4c8/RMAN_full_1062634547_BPMPROD_20250524_tt3q7mrv_1_1.vab RECID=85868 STAMP=1201920896
deleted backup piece
backup piece handle=3fc90592-511f-4200-aedc-48597064f4c8/RMAN_full_1062634547_BPMPROD_20250524_tv3q7ncs_2_1.vab RECID=85867 STAMP=1201921722
deleted backup piece
backup piece handle=3fc90592-511f-4200-aedc-48597064f4c8/RMAN_full_1062634547_BPMPROD_20250524_tv3q7ncs_1_1.vab RECID=85866 STAMP=1201921437
deleted backup piece
backup piece handle=3fc90592-511f-4200-aedc-48597064f4c8/RMAN_full_1062634547_BPMPROD_20250524_u13q7o34_2_1.vab RECID=85869 STAMP=1201922149
deleted backup piece
backup piece handle=3fc90592-511f-4200-aedc-48597064f4c8/RMAN_full_1062634547_BPMPROD_20250524_u13q7o34_1_1.vab RECID=85873 STAMP=1201922148
deleted backup piece
backup piece handle=3fc90592-511f-4200-aedc-48597064f4c8/RMAN_full_1062634547_BPMPROD_20250524_u33q7ofg_2_1.vab RECID=85874 STAMP=1201922650
deleted backup piece
backup piece handle=3fc90592-511f-4200-aedc-48597064f4c8/RMAN_full_1062634547_BPMPROD_20250524_u33q7ofg_1_1.vab RECID=85877 STAMP=1201922544
deleted backup piece
backup piece handle=3fc90592-511f-4200-aedc-48597064f4c8/RMAN_full_1062634547_BPMPROD_20250524_u53q7ojj_2_1.vab RECID=85876 STAMP=1201922675
deleted backup piece
backup piece handle=3fc90592-511f-4200-aedc-48597064f4c8/RMAN_full_1062634547_BPMPROD_20250524_u53q7ojj_1_1.vab RECID=85878 STAMP=1201922675
deleted backup piece
backup piece handle=3fc90592-511f-4200-aedc-48597064f4c8/RMAN_full_1062634547_BPMPROD_20250524_u73q7ola_2_1.vab RECID=85875 STAMP=1201922825
deleted backup piece
backup piece handle=3fc90592-511f-4200-aedc-48597064f4c8/RMAN_full_1062634547_BPMPROD_20250524_u73q7ola_1_1.vab RECID=85880 STAMP=1201922730
deleted backup piece
backup piece handle=3fc90592-511f-4200-aedc-48597064f4c8/RMAN_full_1062634547_BPMPROD_20250524_u93q7p3n_2_1.vab RECID=85879 STAMP=1201923326
deleted backup piece
backup piece handle=3fc90592-511f-4200-aedc-48597064f4c8/RMAN_full_1062634547_BPMPROD_20250524_u93q7p3n_1_1.vab RECID=85882 STAMP=1201923191
deleted backup piece
backup piece handle=3fc90592-511f-4200-aedc-48597064f4c8/RMAN_full_1062634547_BPMPROD_20250524_ub3q7p9b_2_1.vab RECID=85881 STAMP=1201923387
deleted backup piece
backup piece handle=3fc90592-511f-4200-aedc-48597064f4c8/RMAN_full_1062634547_BPMPROD_20250524_ub3q7p9b_1_1.vab RECID=85885 STAMP=1201923372
deleted backup piece
backup piece handle=3fc90592-511f-4200-aedc-48597064f4c8/RMAN_full_1062634547_BPMPROD_20250524_ud3q7pi4_2_1.vab RECID=85883 STAMP=1201923818
deleted backup piece
backup piece handle=3fc90592-511f-4200-aedc-48597064f4c8/RMAN_full_1062634547_BPMPROD_20250524_ud3q7pi4_1_1.vab RECID=85886 STAMP=1201923652
deleted backup piece
backup piece handle=3fc90592-511f-4200-aedc-48597064f4c8/RMAN_full_1062634547_BPMPROD_20250524_uf3q7pnp_2_1.vab RECID=85884 STAMP=1201923898
deleted backup piece
backup piece handle=3fc90592-511f-4200-aedc-48597064f4c8/RMAN_full_1062634547_BPMPROD_20250524_uf3q7pnp_1_1.vab RECID=85889 STAMP=1201923833
deleted backup piece
backup piece handle=3fc90592-511f-4200-aedc-48597064f4c8/RMAN_full_1062634547_BPMPROD_20250524_uh3q7pt3_2_1.vab RECID=85887 STAMP=1201924199
deleted backup piece
backup piece handle=3fc90592-511f-4200-aedc-48597064f4c8/RMAN_full_1062634547_BPMPROD_20250524_uh3q7pt3_1_1.vab RECID=85888 STAMP=1201924004
deleted backup piece
backup piece handle=3fc90592-511f-4200-aedc-48597064f4c8/RMAN_full_1062634547_BPMPROD_20250524_uj3q7qa8_2_1.vab RECID=85890 STAMP=1201924470
deleted backup piece
backup piece handle=3fc90592-511f-4200-aedc-48597064f4c8/RMAN_full_1062634547_BPMPROD_20250524_uj3q7qa8_1_1.vab RECID=85892 STAMP=1201924424
deleted backup piece
backup piece handle=3fc90592-511f-4200-aedc-48597064f4c8/RMAN_full_1062634547_BPMPROD_20250524_ul3q7qhf_2_1.vab RECID=85891 STAMP=1201924700
deleted backup piece
backup piece handle=3fc90592-511f-4200-aedc-48597064f4c8/RMAN_full_1062634547_BPMPROD_20250524_ul3q7qhf_1_1.vab RECID=85896 STAMP=1201924655
deleted backup piece
backup piece handle=3fc90592-511f-4200-aedc-48597064f4c8/RMAN_full_1062634547_BPMPROD_20250524_un3q7qm5_2_1.vab RECID=85893 STAMP=1201924901
deleted backup piece
backup piece handle=3fc90592-511f-4200-aedc-48597064f4c8/RMAN_full_1062634547_BPMPROD_20250524_un3q7qm5_1_1.vab RECID=85894 STAMP=1201924806
deleted backup piece
backup piece handle=3fc90592-511f-4200-aedc-48597064f4c8/RMAN_full_1062634547_BPMPROD_20250524_up3q7r22_2_1.vab RECID=85895 STAMP=1201925202
deleted backup piece
backup piece handle=3fc90592-511f-4200-aedc-48597064f4c8/RMAN_full_1062634547_BPMPROD_20250524_up3q7r22_1_1.vab RECID=85900 STAMP=1201925186
deleted backup piece
backup piece handle=3fc90592-511f-4200-aedc-48597064f4c8/RMAN_full_1062634547_BPMPROD_20250524_ur3q7r2l_2_1.vab RECID=85899 STAMP=1201925600
deleted backup piece
backup piece handle=3fc90592-511f-4200-aedc-48597064f4c8/RMAN_full_1062634547_BPMPROD_20250524_ur3q7r2l_1_1.vab RECID=85897 STAMP=1201925205
deleted backup piece
backup piece handle=3fc90592-511f-4200-aedc-48597064f4c8/RMAN_full_1062634547_BPMPROD_20250524_ut3q7riu_2_1.vab RECID=85898 STAMP=1201925761
deleted backup piece
backup piece handle=3fc90592-511f-4200-aedc-48597064f4c8/RMAN_full_1062634547_BPMPROD_20250524_ut3q7riu_1_1.vab RECID=85901 STAMP=1201925726
deleted backup piece
backup piece handle=3fc90592-511f-4200-aedc-48597064f4c8/RMAN_full_1062634547_BPMPROD_20250524_uv3q7rmc_2_1.vab RECID=85902 STAMP=1201926142
deleted backup piece
backup piece handle=3fc90592-511f-4200-aedc-48597064f4c8/RMAN_full_1062634547_BPMPROD_20250524_uv3q7rmc_1_1.vab RECID=85904 STAMP=1201925836
deleted backup piece
backup piece handle=3fc90592-511f-4200-aedc-48597064f4c8/RMAN_full_1062634547_BPMPROD_20250524_v13q7s37_2_1.vab RECID=85903 STAMP=1201926250
deleted backup piece
backup piece handle=3fc90592-511f-4200-aedc-48597064f4c8/RMAN_full_1062634547_BPMPROD_20250524_v13q7s37_1_1.vab RECID=85906 STAMP=1201926247
deleted backup piece
backup piece handle=3fc90592-511f-4200-aedc-48597064f4c8/RMAN_full_1062634547_BPMPROD_20250524_v33q7s8f_2_1.vab RECID=85905 STAMP=1201926551
deleted backup piece
backup piece handle=3fc90592-511f-4200-aedc-48597064f4c8/RMAN_full_1062634547_BPMPROD_20250524_v33q7s8f_1_1.vab RECID=85909 STAMP=1201926416
deleted backup piece
backup piece handle=3fc90592-511f-4200-aedc-48597064f4c8/RMAN_full_1062634547_BPMPROD_20250524_v53q7si6_2_1.vab RECID=85908 STAMP=1201926912
deleted backup piece
backup piece handle=3fc90592-511f-4200-aedc-48597064f4c8/RMAN_full_1062634547_BPMPROD_20250524_v53q7si6_1_1.vab RECID=85910 STAMP=1201926726
deleted backup piece
backup piece handle=3fc90592-511f-4200-aedc-48597064f4c8/RMAN_full_1062634547_BPMPROD_20250524_v73q7sr9_2_1.vab RECID=85907 STAMP=1201927062
deleted backup piece
backup piece handle=3fc90592-511f-4200-aedc-48597064f4c8/RMAN_full_1062634547_BPMPROD_20250524_v73q7sr9_1_1.vab RECID=85913 STAMP=1201927017
deleted backup piece
backup piece handle=3fc90592-511f-4200-aedc-48597064f4c8/RMAN_full_1062634547_BPMPROD_20250524_v93q7sun_2_1.vab RECID=85911 STAMP=1201927413
deleted backup piece
backup piece handle=3fc90592-511f-4200-aedc-48597064f4c8/RMAN_full_1062634547_BPMPROD_20250524_v93q7sun_1_1.vab RECID=85912 STAMP=1201927128
deleted backup piece
backup piece handle=3fc90592-511f-4200-aedc-48597064f4c8/RMAN_full_1062634547_BPMPROD_20250524_vb3q7td4_2_1.vab RECID=85914 STAMP=1201927654
deleted backup piece
backup piece handle=3fc90592-511f-4200-aedc-48597064f4c8/RMAN_full_1062634547_BPMPROD_20250524_vb3q7td4_1_1.vab RECID=85918 STAMP=1201927588
deleted backup piece
backup piece handle=3fc90592-511f-4200-aedc-48597064f4c8/RMAN_full_1062634547_BPMPROD_20250524_vd3q7tf6_2_1.vab RECID=85915 STAMP=1201927929
deleted backup piece
backup piece handle=3fc90592-511f-4200-aedc-48597064f4c8/RMAN_full_1062634547_BPMPROD_20250524_vd3q7tf6_1_1.vab RECID=85916 STAMP=1201927654
deleted backup piece
backup piece handle=3fc90592-511f-4200-aedc-48597064f4c8/RMAN_full_1062634547_BPMPROD_20250524_vf3q7tqp_2_1.vab RECID=85917 STAMP=1201928025
deleted backup piece
backup piece handle=3fc90592-511f-4200-aedc-48597064f4c8/RMAN_full_1062634547_BPMPROD_20250524_vf3q7tqp_1_1.vab RECID=85921 STAMP=1201928025
deleted backup piece
backup piece handle=3fc90592-511f-4200-aedc-48597064f4c8/RMAN_full_1062634547_BPMPROD_20250524_vh3q7u3m_2_1.vab RECID=85919 STAMP=1201928466
deleted backup piece
backup piece handle=3fc90592-511f-4200-aedc-48597064f4c8/RMAN_full_1062634547_BPMPROD_20250524_vh3q7u3m_1_1.vab RECID=85925 STAMP=1201928311
deleted backup piece
backup piece handle=3fc90592-511f-4200-aedc-48597064f4c8/RMAN_full_1062634547_BPMPROD_20250524_vj3q7uaj_2_1.vab RECID=85920 STAMP=1201928586
deleted backup piece
backup piece handle=3fc90592-511f-4200-aedc-48597064f4c8/RMAN_full_1062634547_BPMPROD_20250524_vj3q7uaj_1_1.vab RECID=85922 STAMP=1201928531
deleted backup piece
backup piece handle=3fc90592-511f-4200-aedc-48597064f4c8/RMAN_full_1062634547_BPMPROD_20250524_vl3q7udd_2_1.vab RECID=85924 STAMP=1201929057
deleted backup piece
backup piece handle=3fc90592-511f-4200-aedc-48597064f4c8/RMAN_full_1062634547_BPMPROD_20250524_vl3q7udd_1_1.vab RECID=85923 STAMP=1201928622
deleted backup piece
backup piece handle=3fc90592-511f-4200-aedc-48597064f4c8/RMAN_full_1062634547_BPMPROD_20250524_vn3q7uul_2_1.vab RECID=85926 STAMP=1201929173
deleted backup piece
backup piece handle=3fc90592-511f-4200-aedc-48597064f4c8/RMAN_full_1062634547_BPMPROD_20250524_vn3q7uul_1_1.vab RECID=85930 STAMP=1201929173
deleted backup piece
backup piece handle=3fc90592-511f-4200-aedc-48597064f4c8/RMAN_full_1062634547_BPMPROD_20250524_vp3q7v9p_2_1.vab RECID=85927 STAMP=1201929614
deleted backup piece
backup piece handle=3fc90592-511f-4200-aedc-48597064f4c8/RMAN_full_1062634547_BPMPROD_20250524_vp3q7v9p_1_1.vab RECID=85928 STAMP=1201929529
deleted backup piece
backup piece handle=3fc90592-511f-4200-aedc-48597064f4c8/RMAN_full_1062634547_BPMPROD_20250524_vr3q7vcl_2_1.vab RECID=85931 STAMP=1201929706
deleted backup piece
backup piece handle=3fc90592-511f-4200-aedc-48597064f4c8/RMAN_full_1062634547_BPMPROD_20250524_vr3q7vcl_1_1.vab RECID=85929 STAMP=1201929621
deleted backup piece
backup piece handle=3fc90592-511f-4200-aedc-48597064f4c8/RMAN_full_1062634547_BPMPROD_20250524_vt3q7vfp_2_1.vab RECID=85935 STAMP=1201930407
deleted backup piece
backup piece handle=3fc90592-511f-4200-aedc-48597064f4c8/RMAN_full_1062634547_BPMPROD_20250524_vt3q7vfp_1_1.vab RECID=85932 STAMP=1201929722
deleted backup piece
backup piece handle=3fc90592-511f-4200-aedc-48597064f4c8/RMAN_full_1062634547_BPMPROD_20250524_vv3q806b_2_1.vab RECID=85933 STAMP=1201930468
deleted backup piece
backup piece handle=3fc90592-511f-4200-aedc-48597064f4c8/RMAN_full_1062634547_BPMPROD_20250524_vv3q806b_1_1.vab RECID=85936 STAMP=1201930443
deleted backup piece
backup piece handle=3fc90592-511f-4200-aedc-48597064f4c8/RMAN_full_1062634547_BPMPROD_20250524_013q807j_2_1.vab RECID=85934 STAMP=1201930498
deleted backup piece
backup piece handle=3fc90592-511f-4200-aedc-48597064f4c8/RMAN_full_1062634547_BPMPROD_20250524_013q807j_1_1.vab RECID=85938 STAMP=1201930483
deleted backup piece
backup piece handle=3fc90592-511f-4200-aedc-48597064f4c8/RMAN_full_1062634547_BPMPROD_20250524_033q80bc_2_1.vab RECID=85939 STAMP=1201931019
deleted backup piece
backup piece handle=3fc90592-511f-4200-aedc-48597064f4c8/RMAN_full_1062634547_BPMPROD_20250524_033q80bc_1_1.vab RECID=85937 STAMP=1201930604
deleted backup piece
backup piece handle=3fc90592-511f-4200-aedc-48597064f4c8/RMAN_full_1062634547_BPMPROD_20250524_053q80qc_2_1.vab RECID=85941 STAMP=1201931260
deleted backup piece
backup piece handle=3fc90592-511f-4200-aedc-48597064f4c8/RMAN_full_1062634547_BPMPROD_20250524_053q80qc_1_1.vab RECID=85943 STAMP=1201931085
deleted backup piece
backup piece handle=3fc90592-511f-4200-aedc-48597064f4c8/RMAN_full_1062634547_BPMPROD_20250524_073q8151_2_1.vab RECID=85940 STAMP=1201931481
deleted backup piece
backup piece handle=3fc90592-511f-4200-aedc-48597064f4c8/RMAN_full_1062634547_BPMPROD_20250524_073q8151_1_1.vab RECID=85944 STAMP=1201931425
deleted backup piece
backup piece handle=3fc90592-511f-4200-aedc-48597064f4c8/RMAN_full_1062634547_BPMPROD_20250524_093q819e_2_1.vab RECID=85942 STAMP=1201931591
deleted backup piece
backup piece handle=3fc90592-511f-4200-aedc-48597064f4c8/RMAN_full_1062634547_BPMPROD_20250524_093q819e_1_1.vab RECID=85946 STAMP=1201931566
deleted backup piece
backup piece handle=3fc90592-511f-4200-aedc-48597064f4c8/RMAN_full_1062634547_BPMPROD_20250524_0b3q81nr_2_1.vab RECID=85945 STAMP=1201932027
deleted backup piece
backup piece handle=3fc90592-511f-4200-aedc-48597064f4c8/RMAN_full_1062634547_BPMPROD_20250524_0b3q81nr_1_1.vab RECID=85950 STAMP=1201932027
deleted backup piece
backup piece handle=3fc90592-511f-4200-aedc-48597064f4c8/RMAN_full_1062634547_BPMPROD_20250524_0d3q81s2_2_1.vab RECID=85948 STAMP=1201932518
deleted backup piece
backup piece handle=3fc90592-511f-4200-aedc-48597064f4c8/RMAN_full_1062634547_BPMPROD_20250524_0d3q81s2_1_1.vab RECID=85947 STAMP=1201932162
deleted backup piece
backup piece handle=3fc90592-511f-4200-aedc-48597064f4c8/RMAN_full_1062634547_BPMPROD_20250524_0f3q827v_2_1.vab RECID=85949 STAMP=1201932668
deleted backup piece
backup piece handle=3fc90592-511f-4200-aedc-48597064f4c8/RMAN_full_1062634547_BPMPROD_20250524_0f3q827v_1_1.vab RECID=85951 STAMP=1201932543
deleted backup piece
backup piece handle=3fc90592-511f-4200-aedc-48597064f4c8/RMAN_full_1062634547_BPMPROD_20250524_0h3q82mc_2_1.vab RECID=85952 STAMP=1201933099
deleted backup piece
backup piece handle=3fc90592-511f-4200-aedc-48597064f4c8/RMAN_full_1062634547_BPMPROD_20250524_0h3q82mc_1_1.vab RECID=85958 STAMP=1201933004
deleted backup piece
backup piece handle=3fc90592-511f-4200-aedc-48597064f4c8/RMAN_full_1062634547_BPMPROD_20250524_0j3q82ve_2_1.vab RECID=85953 STAMP=1201933320
deleted backup piece
backup piece handle=3fc90592-511f-4200-aedc-48597064f4c8/RMAN_full_1062634547_BPMPROD_20250524_0j3q82ve_1_1.vab RECID=85956 STAMP=1201933295
deleted backup piece
backup piece handle=3fc90592-511f-4200-aedc-48597064f4c8/RMAN_full_1062634547_BPMPROD_20250524_0l3q8387_2_1.vab RECID=85954 STAMP=1201933578
deleted backup piece
backup piece handle=3fc90592-511f-4200-aedc-48597064f4c8/RMAN_full_1062634547_BPMPROD_20250524_0l3q8387_1_1.vab RECID=85959 STAMP=1201933575
deleted backup piece
backup piece handle=3fc90592-511f-4200-aedc-48597064f4c8/RMAN_full_1062634547_BPMPROD_20250524_0n3q83cs_2_1.vab RECID=85955 STAMP=1201933879
deleted backup piece
backup piece handle=3fc90592-511f-4200-aedc-48597064f4c8/RMAN_full_1062634547_BPMPROD_20250524_0n3q83cs_1_1.vab RECID=85957 STAMP=1201933724
deleted backup piece
backup piece handle=3fc90592-511f-4200-aedc-48597064f4c8/RMAN_full_1062634547_BPMPROD_20250524_0p3q83p2_2_1.vab RECID=85960 STAMP=1201934400
deleted backup piece
backup piece handle=3fc90592-511f-4200-aedc-48597064f4c8/RMAN_full_1062634547_BPMPROD_20250524_0p3q83p2_1_1.vab RECID=85961 STAMP=1201934114
deleted backup piece
backup piece handle=3fc90592-511f-4200-aedc-48597064f4c8/RMAN_full_1062634547_BPMPROD_20250524_0r3q843n_2_1.vab RECID=85962 STAMP=1201934640
deleted backup piece
backup piece handle=3fc90592-511f-4200-aedc-48597064f4c8/RMAN_full_1062634547_BPMPROD_20250524_0r3q843n_1_1.vab RECID=85964 STAMP=1201934455
deleted backup piece
backup piece handle=3fc90592-511f-4200-aedc-48597064f4c8/RMAN_full_1062634547_BPMPROD_20250524_0t3q849v_2_1.vab RECID=85965 STAMP=1201935061
deleted backup piece
backup piece handle=3fc90592-511f-4200-aedc-48597064f4c8/RMAN_full_1062634547_BPMPROD_20250524_0t3q849v_1_1.vab RECID=85967 STAMP=1201934655
deleted backup piece
backup piece handle=3fc90592-511f-4200-aedc-48597064f4c8/RMAN_full_1062634547_BPMPROD_20250524_0v3q84ms_2_1.vab RECID=85963 STAMP=1201935114
deleted backup piece
backup piece handle=3fc90592-511f-4200-aedc-48597064f4c8/RMAN_full_1062634547_BPMPROD_20250524_0v3q84ms_1_1.vab RECID=85966 STAMP=1201935068
deleted backup piece
backup piece handle=3fc90592-511f-4200-aedc-48597064f4c8/RMAN_full_1062634547_BPMPROD_20250524_113q84rj_2_1.vab RECID=85969 STAMP=1201935704
deleted backup piece
backup piece handle=3fc90592-511f-4200-aedc-48597064f4c8/RMAN_full_1062634547_BPMPROD_20250524_113q84rj_1_1.vab RECID=85968 STAMP=1201935219
deleted backup piece
backup piece handle=3fc90592-511f-4200-aedc-48597064f4c8/RMAN_full_1062634547_BPMPROD_20250524_133q85e2_2_1.vab RECID=85970 STAMP=1201935855
deleted backup piece
backup piece handle=3fc90592-511f-4200-aedc-48597064f4c8/RMAN_full_1062634547_BPMPROD_20250524_133q85e2_1_1.vab RECID=85974 STAMP=1201935810
deleted backup piece
backup piece handle=3fc90592-511f-4200-aedc-48597064f4c8/RMAN_full_1062634547_BPMPROD_20250524_153q85j2_2_1.vab RECID=85972 STAMP=1201935995
deleted backup piece
backup piece handle=3fc90592-511f-4200-aedc-48597064f4c8/RMAN_full_1062634547_BPMPROD_20250524_153q85j2_1_1.vab RECID=85973 STAMP=1201935970
deleted backup piece
backup piece handle=3fc90592-511f-4200-aedc-48597064f4c8/RMAN_full_1062634547_BPMPROD_20250524_173q85on_2_1.vab RECID=85971 STAMP=1201936236
deleted backup piece
backup piece handle=3fc90592-511f-4200-aedc-48597064f4c8/RMAN_full_1062634547_BPMPROD_20250524_173q85on_1_1.vab RECID=85975 STAMP=1201936151
deleted backup piece
backup piece handle=3fc90592-511f-4200-aedc-48597064f4c8/RMAN_full_1062634547_BPMPROD_20250524_193q865s_2_1.vab RECID=85976 STAMP=1201936827
deleted backup piece
backup piece handle=3fc90592-511f-4200-aedc-48597064f4c8/RMAN_full_1062634547_BPMPROD_20250524_193q865s_1_1.vab RECID=85978 STAMP=1201936572
deleted backup piece
backup piece handle=3fc90592-511f-4200-aedc-48597064f4c8/RMAN_full_1062634547_BPMPROD_20250524_1b3q86du_2_1.vab RECID=85977 STAMP=1201937016
deleted backup piece
backup piece handle=3fc90592-511f-4200-aedc-48597064f4c8/RMAN_full_1062634547_BPMPROD_20250524_1b3q86du_1_1.vab RECID=85982 STAMP=1201936831
deleted backup piece
backup piece handle=3fc90592-511f-4200-aedc-48597064f4c8/RMAN_full_1062634547_BPMPROD_20250524_1d3q86n1_2_1.vab RECID=85979 STAMP=1201937207
deleted backup piece
backup piece handle=3fc90592-511f-4200-aedc-48597064f4c8/RMAN_full_1062634547_BPMPROD_20250524_1d3q86n1_1_1.vab RECID=85984 STAMP=1201937121
deleted backup piece
backup piece handle=3fc90592-511f-4200-aedc-48597064f4c8/RMAN_full_1062634547_BPMPROD_20250524_1f3q86ui_2_1.vab RECID=85980 STAMP=1201937517
deleted backup piece
backup piece handle=3fc90592-511f-4200-aedc-48597064f4c8/RMAN_full_1062634547_BPMPROD_20250524_1f3q86ui_1_1.vab RECID=85983 STAMP=1201937362
deleted backup piece
backup piece handle=3fc90592-511f-4200-aedc-48597064f4c8/RMAN_full_1062634547_BPMPROD_20250524_1h3q8797_2_1.vab RECID=85981 STAMP=1201937706
deleted backup piece
backup piece handle=3fc90592-511f-4200-aedc-48597064f4c8/RMAN_full_1062634547_BPMPROD_20250524_1h3q8797_1_1.vab RECID=85988 STAMP=1201937703
deleted backup piece
backup piece handle=3fc90592-511f-4200-aedc-48597064f4c8/RMAN_full_1062634547_BPMPROD_20250524_1j3q87j5_2_1.vab RECID=85985 STAMP=1201938217
deleted backup piece
backup piece handle=3fc90592-511f-4200-aedc-48597064f4c8/RMAN_full_1062634547_BPMPROD_20250524_1j3q87j5_1_1.vab RECID=85987 STAMP=1201938021
deleted backup piece
backup piece handle=3fc90592-511f-4200-aedc-48597064f4c8/RMAN_full_1062634547_BPMPROD_20250524_1l3q87tg_2_1.vab RECID=85986 STAMP=1201938387
deleted backup piece
backup piece handle=3fc90592-511f-4200-aedc-48597064f4c8/RMAN_full_1062634547_BPMPROD_20250524_1l3q87tg_1_1.vab RECID=85991 STAMP=1201938352
deleted backup piece
backup piece handle=3fc90592-511f-4200-aedc-48597064f4c8/RMAN_full_1062634547_BPMPROD_20250524_1n3q883o_2_1.vab RECID=85989 STAMP=1201938718
deleted backup piece
backup piece handle=3fc90592-511f-4200-aedc-48597064f4c8/RMAN_full_1062634547_BPMPROD_20250524_1n3q883o_1_1.vab RECID=85992 STAMP=1201938553
deleted backup piece
backup piece handle=3fc90592-511f-4200-aedc-48597064f4c8/RMAN_full_1062634547_BPMPROD_20250524_1p3q88f1_2_1.vab RECID=85990 STAMP=1201938949
deleted backup piece
backup piece handle=3fc90592-511f-4200-aedc-48597064f4c8/RMAN_full_1062634547_BPMPROD_20250524_1p3q88f1_1_1.vab RECID=85993 STAMP=1201938914
deleted backup piece
backup piece handle=3fc90592-511f-4200-aedc-48597064f4c8/RMAN_full_1062634547_BPMPROD_20250524_1r3q88nq_2_1.vab RECID=85994 STAMP=1201939250
deleted backup piece
backup piece handle=3fc90592-511f-4200-aedc-48597064f4c8/RMAN_full_1062634547_BPMPROD_20250524_1r3q88nq_1_1.vab RECID=85998 STAMP=1201939194
deleted backup piece
backup piece handle=3fc90592-511f-4200-aedc-48597064f4c8/RMAN_full_1062634547_BPMPROD_20250524_1t3q88ud_2_1.vab RECID=85995 STAMP=1201939440
deleted backup piece
backup piece handle=3fc90592-511f-4200-aedc-48597064f4c8/RMAN_full_1062634547_BPMPROD_20250524_1t3q88ud_1_1.vab RECID=85997 STAMP=1201939405
deleted backup piece
backup piece handle=3fc90592-511f-4200-aedc-48597064f4c8/RMAN_full_1062634547_BPMPROD_20250524_1v3q895k_2_1.vab RECID=85996 STAMP=1201939701
deleted backup piece
backup piece handle=3fc90592-511f-4200-aedc-48597064f4c8/RMAN_full_1062634547_BPMPROD_20250524_1v3q895k_1_1.vab RECID=86001 STAMP=1201939636
deleted backup piece
backup piece handle=3fc90592-511f-4200-aedc-48597064f4c8/RMAN_full_1062634547_BPMPROD_20250524_213q899m_2_1.vab RECID=86004 STAMP=1201940012
deleted backup piece
backup piece handle=3fc90592-511f-4200-aedc-48597064f4c8/RMAN_full_1062634547_BPMPROD_20250524_213q899m_1_1.vab RECID=85999 STAMP=1201939766
deleted backup piece
backup piece handle=3fc90592-511f-4200-aedc-48597064f4c8/RMAN_full_1062634547_BPMPROD_20250524_233q89nf_2_1.vab RECID=86003 STAMP=1201940207
deleted backup piece
backup piece handle=3fc90592-511f-4200-aedc-48597064f4c8/RMAN_full_1062634547_BPMPROD_20250524_233q89nf_1_1.vab RECID=86005 STAMP=1201940207
deleted backup piece
backup piece handle=3fc90592-511f-4200-aedc-48597064f4c8/RMAN_full_1062634547_BPMPROD_20250524_253q89sa_2_1.vab RECID=86000 STAMP=1201940588
deleted backup piece
backup piece handle=3fc90592-511f-4200-aedc-48597064f4c8/RMAN_full_1062634547_BPMPROD_20250524_253q89sa_1_1.vab RECID=86010 STAMP=1201940363
deleted backup piece
backup piece handle=3fc90592-511f-4200-aedc-48597064f4c8/RMAN_full_1062634547_BPMPROD_20250524_273q8a4p_2_1.vab RECID=86002 STAMP=1201940728
deleted backup piece
backup piece handle=3fc90592-511f-4200-aedc-48597064f4c8/RMAN_full_1062634547_BPMPROD_20250524_273q8a4p_1_1.vab RECID=86007 STAMP=1201940633
deleted backup piece
backup piece handle=3fc90592-511f-4200-aedc-48597064f4c8/RMAN_full_1062634547_BPMPROD_20250524_293q8a88_2_1.vab RECID=86006 STAMP=1201940744
deleted backup piece
backup piece handle=3fc90592-511f-4200-aedc-48597064f4c8/RMAN_full_1062634547_BPMPROD_20250524_293q8a88_1_1.vab RECID=86008 STAMP=1201940744
deleted backup piece
backup piece handle=3fc90592-511f-4200-aedc-48597064f4c8/RMAN_full_1062634547_BPMPROD_20250524_2b3q8a8b_2_1.vab RECID=86009 STAMP=1201941093
deleted backup piece
backup piece handle=3fc90592-511f-4200-aedc-48597064f4c8/RMAN_full_1062634547_BPMPROD_20250524_2b3q8a8b_1_1.vab RECID=86011 STAMP=1201940747
deleted backup piece
backup piece handle=3fc90592-511f-4200-aedc-48597064f4c8/RMAN_full_1062634547_BPMPROD_20250524_2d3q8aqq_2_1.vab RECID=86012 STAMP=1201941554
deleted backup piece
backup piece handle=3fc90592-511f-4200-aedc-48597064f4c8/RMAN_full_1062634547_BPMPROD_20250524_2d3q8aqq_1_1.vab RECID=86015 STAMP=1201941338
deleted backup piece
backup piece handle=3fc90592-511f-4200-aedc-48597064f4c8/RMAN_full_1062634547_BPMPROD_20250524_2f3q8b63_2_1.vab RECID=86013 STAMP=1201941700
deleted backup piece
backup piece handle=3fc90592-511f-4200-aedc-48597064f4c8/RMAN_full_1062634547_BPMPROD_20250524_2f3q8b63_1_1.vab RECID=86020 STAMP=1201941699
deleted backup piece
backup piece handle=3fc90592-511f-4200-aedc-48597064f4c8/RMAN_full_1062634547_BPMPROD_20250524_2h3q8bc7_2_1.vab RECID=86014 STAMP=1201942010
deleted backup piece
backup piece handle=3fc90592-511f-4200-aedc-48597064f4c8/RMAN_full_1062634547_BPMPROD_20250524_2h3q8bc7_1_1.vab RECID=86017 STAMP=1201941895
deleted backup piece
backup piece handle=3fc90592-511f-4200-aedc-48597064f4c8/RMAN_full_1062634547_BPMPROD_20250524_2j3q8bjn_2_1.vab RECID=86016 STAMP=1201942331
deleted backup piece
backup piece handle=3fc90592-511f-4200-aedc-48597064f4c8/RMAN_full_1062634547_BPMPROD_20250524_2j3q8bjn_1_1.vab RECID=86018 STAMP=1201942136
deleted backup piece
backup piece handle=3fc90592-511f-4200-aedc-48597064f4c8/RMAN_full_1062634547_BPMPROD_20250524_2l3q8c8d_2_1.vab RECID=86019 STAMP=1201942882
deleted backup piece
backup piece handle=3fc90592-511f-4200-aedc-48597064f4c8/RMAN_full_1062634547_BPMPROD_20250524_2l3q8c8d_1_1.vab RECID=86023 STAMP=1201942797
deleted backup piece
backup piece handle=3fc90592-511f-4200-aedc-48597064f4c8/RMAN_full_1062634547_BPMPROD_20250524_2n3q8ceb_2_1.vab RECID=86021 STAMP=1201943063
deleted backup piece
backup piece handle=3fc90592-511f-4200-aedc-48597064f4c8/RMAN_full_1062634547_BPMPROD_20250524_2n3q8ceb_1_1.vab RECID=86022 STAMP=1201942987
deleted backup piece
backup piece handle=3fc90592-511f-4200-aedc-48597064f4c8/RMAN_full_1062634547_BPMPROD_20250524_2p3q8co2_2_1.vab RECID=86024 STAMP=1201943316
deleted backup piece
backup piece handle=3fc90592-511f-4200-aedc-48597064f4c8/RMAN_full_1062634547_BPMPROD_20250524_2p3q8co2_1_1.vab RECID=86025 STAMP=1201943301
deleted backup piece
backup piece handle=3fc90592-511f-4200-aedc-48597064f4c8/RMAN_full_1062634547_BPMPROD_20250524_2r3q8d50_2_1.vab RECID=86026 STAMP=1201943719
deleted backup piece
backup piece handle=3fc90592-511f-4200-aedc-48597064f4c8/RMAN_full_1062634547_BPMPROD_20250524_2r3q8d50_1_1.vab RECID=86031 STAMP=1201943712
deleted backup piece
backup piece handle=3fc90592-511f-4200-aedc-48597064f4c8/RMAN_full_1062634547_BPMPROD_20250524_2t3q8dac_2_1.vab RECID=86030 STAMP=1201943990
deleted backup piece
backup piece handle=3fc90592-511f-4200-aedc-48597064f4c8/RMAN_full_1062634547_BPMPROD_20250524_2t3q8dac_1_1.vab RECID=86029 STAMP=1201943884
deleted backup piece
backup piece handle=3fc90592-511f-4200-aedc-48597064f4c8/RMAN_full_1062634547_BPMPROD_20250524_2v3q8ddp_2_1.vab RECID=86028 STAMP=1201944108
deleted backup piece
backup piece handle=3fc90592-511f-4200-aedc-48597064f4c8/RMAN_full_1062634547_BPMPROD_20250524_2v3q8ddp_1_1.vab RECID=86027 STAMP=1201943993
deleted backup piece
backup piece handle=3fc90592-511f-4200-aedc-48597064f4c8/RMAN_full_1062634547_BPMPROD_20250524_313q8e16_2_1.vab RECID=86033 STAMP=1201944689
deleted backup piece
backup piece handle=3fc90592-511f-4200-aedc-48597064f4c8/RMAN_full_1062634547_BPMPROD_20250524_313q8e16_1_1.vab RECID=86034 STAMP=1201944614
deleted backup piece
backup piece handle=3fc90592-511f-4200-aedc-48597064f4c8/RMAN_full_1062634547_BPMPROD_20250524_333q8e5s_2_1.vab RECID=86032 STAMP=1201944772
deleted backup piece
backup piece handle=3fc90592-511f-4200-aedc-48597064f4c8/RMAN_full_1062634547_BPMPROD_20250524_333q8e5s_1_1.vab RECID=86035 STAMP=1201944764
deleted backup piece
backup piece handle=3fc90592-511f-4200-aedc-48597064f4c8/RMAN_full_1062634547_BPMPROD_20250524_353q8e8f_2_1.vab RECID=86038 STAMP=1201944850
deleted backup piece
backup piece handle=3fc90592-511f-4200-aedc-48597064f4c8/RMAN_full_1062634547_BPMPROD_20250524_353q8e8f_1_1.vab RECID=86039 STAMP=1201944847
deleted backup piece
backup piece handle=3fc90592-511f-4200-aedc-48597064f4c8/RMAN_full_1062634547_BPMPROD_20250524_373q8emp_2_1.vab RECID=86036 STAMP=1201945371
deleted backup piece
backup piece handle=3fc90592-511f-4200-aedc-48597064f4c8/RMAN_full_1062634547_BPMPROD_20250524_373q8emp_1_1.vab RECID=86040 STAMP=1201945305
deleted backup piece
backup piece handle=3fc90592-511f-4200-aedc-48597064f4c8/RMAN_full_1062634547_BPMPROD_20250524_393q8euk_2_1.vab RECID=86037 STAMP=1201945581
deleted backup piece
backup piece handle=3fc90592-511f-4200-aedc-48597064f4c8/RMAN_full_1062634547_BPMPROD_20250524_393q8euk_1_1.vab RECID=86044 STAMP=1201945556
deleted backup piece
backup piece handle=3fc90592-511f-4200-aedc-48597064f4c8/RMAN_full_1062634547_BPMPROD_20250524_3b3q8f73_2_1.vab RECID=86041 STAMP=1201946042
deleted backup piece
backup piece handle=3fc90592-511f-4200-aedc-48597064f4c8/RMAN_full_1062634547_BPMPROD_20250524_3b3q8f73_1_1.vab RECID=86043 STAMP=1201945827
deleted backup piece
backup piece handle=3fc90592-511f-4200-aedc-48597064f4c8/RMAN_full_1062634547_BPMPROD_20250524_3d3q8fdr_2_1.vab RECID=86042 STAMP=1201946179
deleted backup piece
backup piece handle=3fc90592-511f-4200-aedc-48597064f4c8/RMAN_full_1062634547_BPMPROD_20250524_3d3q8fdr_1_1.vab RECID=86048 STAMP=1201946043
deleted backup piece
backup piece handle=3fc90592-511f-4200-aedc-48597064f4c8/RMAN_full_1062634547_BPMPROD_20250524_3f3q8fj6_2_1.vab RECID=86045 STAMP=1201946540
deleted backup piece
backup piece handle=3fc90592-511f-4200-aedc-48597064f4c8/RMAN_full_1062634547_BPMPROD_20250524_3f3q8fj6_1_1.vab RECID=86046 STAMP=1201946214
deleted backup piece
backup piece handle=3fc90592-511f-4200-aedc-48597064f4c8/RMAN_full_1062634547_BPMPROD_20250524_3h3q8g3p_2_1.vab RECID=86047 STAMP=1201946780
deleted backup piece
backup piece handle=3fc90592-511f-4200-aedc-48597064f4c8/RMAN_full_1062634547_BPMPROD_20250524_3h3q8g3p_1_1.vab RECID=86051 STAMP=1201946745
deleted backup piece
backup piece handle=3fc90592-511f-4200-aedc-48597064f4c8/RMAN_full_1062634547_BPMPROD_20250524_3j3q8g69_2_1.vab RECID=86049 STAMP=1201947061
deleted backup piece
backup piece handle=3fc90592-511f-4200-aedc-48597064f4c8/RMAN_full_1062634547_BPMPROD_20250524_3j3q8g69_1_1.vab RECID=86052 STAMP=1201946825
deleted backup piece
backup piece handle=3fc90592-511f-4200-aedc-48597064f4c8/RMAN_full_1062634547_BPMPROD_20250524_3l3q8gfm_2_1.vab RECID=86050 STAMP=1201947201
deleted backup piece
backup piece handle=3fc90592-511f-4200-aedc-48597064f4c8/RMAN_full_1062634547_BPMPROD_20250524_3l3q8gfm_1_1.vab RECID=86054 STAMP=1201947126
deleted backup piece
backup piece handle=3fc90592-511f-4200-aedc-48597064f4c8/RMAN_full_1062634547_BPMPROD_20250524_3n3q8gla_2_1.vab RECID=86053 STAMP=1201947542
deleted backup piece
backup piece handle=3fc90592-511f-4200-aedc-48597064f4c8/RMAN_full_1062634547_BPMPROD_20250524_3n3q8gla_1_1.vab RECID=86057 STAMP=1201947306
deleted backup piece
backup piece handle=3fc90592-511f-4200-aedc-48597064f4c8/RMAN_full_1062634547_BPMPROD_20250524_3p3q8gvl_2_1.vab RECID=86058 STAMP=1201947953
deleted backup piece
backup piece handle=3fc90592-511f-4200-aedc-48597064f4c8/RMAN_full_1062634547_BPMPROD_20250524_3p3q8gvl_1_1.vab RECID=86055 STAMP=1201947637
deleted backup piece
backup piece handle=3fc90592-511f-4200-aedc-48597064f4c8/RMAN_full_1062634547_BPMPROD_20250524_3r3q8hb8_2_1.vab RECID=86056 STAMP=1201948043
deleted backup piece
backup piece handle=3fc90592-511f-4200-aedc-48597064f4c8/RMAN_full_1062634547_BPMPROD_20250524_3r3q8hb8_1_1.vab RECID=86061 STAMP=1201948008
deleted backup piece
backup piece handle=3fc90592-511f-4200-aedc-48597064f4c8/RMAN_full_1062634547_BPMPROD_20250524_3t3q8hcb_2_1.vab RECID=86059 STAMP=1201948449
deleted backup piece
backup piece handle=3fc90592-511f-4200-aedc-48597064f4c8/RMAN_full_1062634547_BPMPROD_20250524_3t3q8hcb_1_1.vab RECID=86060 STAMP=1201948043
deleted backup piece
backup piece handle=3fc90592-511f-4200-aedc-48597064f4c8/RMAN_full_1062634547_BPMPROD_20250524_3v3q8hr2_2_1.vab RECID=86062 STAMP=1201948589
deleted backup piece
backup piece handle=3fc90592-511f-4200-aedc-48597064f4c8/RMAN_full_1062634547_BPMPROD_20250524_3v3q8hr2_1_1.vab RECID=86064 STAMP=1201948514
deleted backup piece
backup piece handle=3fc90592-511f-4200-aedc-48597064f4c8/RMAN_full_1062634547_BPMPROD_20250524_413q8htd_2_1.vab RECID=86063 STAMP=1201948865
deleted backup piece
backup piece handle=3fc90592-511f-4200-aedc-48597064f4c8/RMAN_full_1062634547_BPMPROD_20250524_413q8htd_1_1.vab RECID=86065 STAMP=1201948589
deleted backup piece
backup piece handle=3fc90592-511f-4200-aedc-48597064f4c8/RMAN_full_1062634547_BPMPROD_20250524_433q8i82_2_1.vab RECID=86066 STAMP=1201948995
deleted backup piece
backup piece handle=3fc90592-511f-4200-aedc-48597064f4c8/RMAN_full_1062634547_BPMPROD_20250524_433q8i82_1_1.vab RECID=86068 STAMP=1201948930
deleted backup piece
backup piece handle=3fc90592-511f-4200-aedc-48597064f4c8/RMAN_full_1062634547_BPMPROD_20250524_453q8iid_2_1.vab RECID=86067 STAMP=1201949276
deleted backup piece
backup piece handle=3fc90592-511f-4200-aedc-48597064f4c8/RMAN_full_1062634547_BPMPROD_20250524_453q8iid_1_1.vab RECID=86070 STAMP=1201949261
deleted backup piece
backup piece handle=3fc90592-511f-4200-aedc-48597064f4c8/RMAN_full_1062634547_BPMPROD_20250524_473q8imp_2_1.vab RECID=86072 STAMP=1201949627
deleted backup piece
backup piece handle=3fc90592-511f-4200-aedc-48597064f4c8/RMAN_full_1062634547_BPMPROD_20250524_473q8imp_1_1.vab RECID=86071 STAMP=1201949401
deleted backup piece
backup piece handle=3fc90592-511f-4200-aedc-48597064f4c8/RMAN_full_1062634547_BPMPROD_20250524_493q8iuk_2_1.vab RECID=86069 STAMP=1201949727
deleted backup piece
backup piece handle=3fc90592-511f-4200-aedc-48597064f4c8/RMAN_full_1062634547_BPMPROD_20250524_493q8iuk_1_1.vab RECID=86076 STAMP=1201949652
deleted backup piece
backup piece handle=3fc90592-511f-4200-aedc-48597064f4c8/RMAN_full_1062634547_BPMPROD_20250524_4b3q8j2c_2_1.vab RECID=86074 STAMP=1201950148
deleted backup piece
backup piece handle=3fc90592-511f-4200-aedc-48597064f4c8/RMAN_full_1062634547_BPMPROD_20250524_4b3q8j2c_1_1.vab RECID=86073 STAMP=1201949773
deleted backup piece
backup piece handle=3fc90592-511f-4200-aedc-48597064f4c8/RMAN_full_1062634547_BPMPROD_20250524_4d3q8jf7_2_1.vab RECID=86075 STAMP=1201950259
deleted backup piece
backup piece handle=3fc90592-511f-4200-aedc-48597064f4c8/RMAN_full_1062634547_BPMPROD_20250524_4d3q8jf7_1_1.vab RECID=86079 STAMP=1201950183
deleted backup piece
backup piece handle=3fc90592-511f-4200-aedc-48597064f4c8/RMAN_full_1062634547_BPMPROD_20250524_4f3q8jja_2_1.vab RECID=86077 STAMP=1201950609
deleted backup piece
backup piece handle=3fc90592-511f-4200-aedc-48597064f4c8/RMAN_full_1062634547_BPMPROD_20250524_4f3q8jja_1_1.vab RECID=86081 STAMP=1201950314
deleted backup piece
backup piece handle=3fc90592-511f-4200-aedc-48597064f4c8/RMAN_full_1062634547_BPMPROD_20250524_4h3q8jt0_2_1.vab RECID=86078 STAMP=1201950690
deleted backup piece
backup piece handle=3fc90592-511f-4200-aedc-48597064f4c8/RMAN_full_1062634547_BPMPROD_20250524_4h3q8jt0_1_1.vab RECID=86080 STAMP=1201950624
deleted backup piece
backup piece handle=3fc90592-511f-4200-aedc-48597064f4c8/RMAN_full_1062634547_BPMPROD_20250524_4j3q8k21_2_1.vab RECID=86082 STAMP=1201951080
deleted backup piece
backup piece handle=3fc90592-511f-4200-aedc-48597064f4c8/RMAN_full_1062634547_BPMPROD_20250524_4j3q8k21_1_1.vab RECID=86083 STAMP=1201950785
deleted backup piece
backup piece handle=3fc90592-511f-4200-aedc-48597064f4c8/RMAN_full_1062634547_BPMPROD_20250524_4l3q8kd0_2_1.vab RECID=86084 STAMP=1201951291
deleted backup piece
backup piece handle=3fc90592-511f-4200-aedc-48597064f4c8/RMAN_full_1062634547_BPMPROD_20250524_4l3q8kd0_1_1.vab RECID=86085 STAMP=1201951136
deleted backup piece
backup piece handle=3fc90592-511f-4200-aedc-48597064f4c8/RMAN_full_1062634547_BPMPROD_20250524_4n3q8kjs_2_1.vab RECID=86086 STAMP=1201951371
deleted backup piece
backup piece handle=3fc90592-511f-4200-aedc-48597064f4c8/RMAN_full_1062634547_BPMPROD_20250524_4n3q8kjs_1_1.vab RECID=86087 STAMP=1201951356
deleted backup piece
backup piece handle=3fc90592-511f-4200-aedc-48597064f4c8/RMAN_full_1062634547_BPMPROD_20250524_4p3q8kqf_2_1.vab RECID=86091 STAMP=1201951892
deleted backup piece
backup piece handle=3fc90592-511f-4200-aedc-48597064f4c8/RMAN_full_1062634547_BPMPROD_20250524_4p3q8kqf_1_1.vab RECID=86089 STAMP=1201951567
deleted backup piece
backup piece handle=3fc90592-511f-4200-aedc-48597064f4c8/RMAN_full_1062634547_BPMPROD_20250524_4r3q8l5d_2_1.vab RECID=86088 STAMP=1201951933
deleted backup piece
backup piece handle=3fc90592-511f-4200-aedc-48597064f4c8/RMAN_full_1062634547_BPMPROD_20250524_4r3q8l5d_1_1.vab RECID=86094 STAMP=1201951917
deleted backup piece
backup piece handle=3fc90592-511f-4200-aedc-48597064f4c8/RMAN_full_1062634547_BPMPROD_20250524_4t3q8l7a_2_1.vab RECID=86090 STAMP=1201952093
deleted backup piece
backup piece handle=3fc90592-511f-4200-aedc-48597064f4c8/RMAN_full_1062634547_BPMPROD_20250524_4t3q8l7a_1_1.vab RECID=86092 STAMP=1201951978
deleted backup piece
backup piece handle=3fc90592-511f-4200-aedc-48597064f4c8/RMAN_full_1062634547_BPMPROD_20250524_4v3q8lkf_2_1.vab RECID=86093 STAMP=1201952484
deleted backup piece
backup piece handle=3fc90592-511f-4200-aedc-48597064f4c8/RMAN_full_1062634547_BPMPROD_20250524_4v3q8lkf_1_1.vab RECID=86095 STAMP=1201952399
deleted backup piece
backup piece handle=3fc90592-511f-4200-aedc-48597064f4c8/RMAN_full_1062634547_BPMPROD_20250524_513q8lor_2_1.vab RECID=86096 STAMP=1201952546
deleted backup piece
backup piece handle=3fc90592-511f-4200-aedc-48597064f4c8/RMAN_full_1062634547_BPMPROD_20250524_513q8lor_1_1.vab RECID=86097 STAMP=1201952539
deleted backup piece
backup piece handle=3fc90592-511f-4200-aedc-48597064f4c8/RMAN_full_1062634547_BPMPROD_20250524_533q8m38_2_1.vab RECID=86098 STAMP=1201952967
deleted backup piece
backup piece handle=3fc90592-511f-4200-aedc-48597064f4c8/RMAN_full_1062634547_BPMPROD_20250524_533q8m38_1_1.vab RECID=86101 STAMP=1201952872
deleted backup piece
backup piece handle=3fc90592-511f-4200-aedc-48597064f4c8/RMAN_full_1062634547_BPMPROD_20250524_553q8ma4_2_1.vab RECID=86099 STAMP=1201953188
deleted backup piece
backup piece handle=3fc90592-511f-4200-aedc-48597064f4c8/RMAN_full_1062634547_BPMPROD_20250524_553q8ma4_1_1.vab RECID=86104 STAMP=1201953093
deleted backup piece
backup piece handle=3fc90592-511f-4200-aedc-48597064f4c8/RMAN_full_1062634547_BPMPROD_20250524_573q8mdj_2_1.vab RECID=86100 STAMP=1201953298
deleted backup piece
backup piece handle=3fc90592-511f-4200-aedc-48597064f4c8/RMAN_full_1062634547_BPMPROD_20250524_573q8mdj_1_1.vab RECID=86105 STAMP=1201953203
deleted backup piece
backup piece handle=3fc90592-511f-4200-aedc-48597064f4c8/RMAN_full_1062634547_BPMPROD_20250524_593q8ml4_2_1.vab RECID=86102 STAMP=1201953669
deleted backup piece
backup piece handle=3fc90592-511f-4200-aedc-48597064f4c8/RMAN_full_1062634547_BPMPROD_20250524_593q8ml4_1_1.vab RECID=86103 STAMP=1201953444
deleted backup piece
backup piece handle=3fc90592-511f-4200-aedc-48597064f4c8/RMAN_full_1062634547_BPMPROD_20250524_5b3q8mts_2_1.vab RECID=86107 STAMP=1201954010
deleted backup piece
backup piece handle=3fc90592-511f-4200-aedc-48597064f4c8/RMAN_full_1062634547_BPMPROD_20250524_5b3q8mts_1_1.vab RECID=86106 STAMP=1201953724
deleted backup piece
backup piece handle=3fc90592-511f-4200-aedc-48597064f4c8/RMAN_full_1062634547_BPMPROD_20250524_5d3q8nbl_2_1.vab RECID=86108 STAMP=1201954230
deleted backup piece
backup piece handle=3fc90592-511f-4200-aedc-48597064f4c8/RMAN_full_1062634547_BPMPROD_20250524_5d3q8nbl_1_1.vab RECID=86110 STAMP=1201954165
deleted backup piece
backup piece handle=3fc90592-511f-4200-aedc-48597064f4c8/RMAN_full_1062634547_BPMPROD_20250524_5f3q8ndm_2_1.vab RECID=86109 STAMP=1201954356
deleted backup piece
backup piece handle=3fc90592-511f-4200-aedc-48597064f4c8/RMAN_full_1062634547_BPMPROD_20250524_5f3q8ndm_1_1.vab RECID=86111 STAMP=1201954230
deleted backup piece
backup piece handle=3fc90592-511f-4200-aedc-48597064f4c8/RMAN_full_1062634547_BPMPROD_20250524_5h3q8nmf_2_1.vab RECID=86112 STAMP=1201954686
deleted backup piece
backup piece handle=3fc90592-511f-4200-aedc-48597064f4c8/RMAN_full_1062634547_BPMPROD_20250524_5h3q8nmf_1_1.vab RECID=86113 STAMP=1201954511
deleted backup piece
backup piece handle=3fc90592-511f-4200-aedc-48597064f4c8/RMAN_full_1062634547_BPMPROD_20250524_5j3q8nuk_2_1.vab RECID=86114 STAMP=1201954917
deleted backup piece
backup piece handle=3fc90592-511f-4200-aedc-48597064f4c8/RMAN_full_1062634547_BPMPROD_20250524_5j3q8nuk_1_1.vab RECID=86118 STAMP=1201954772
deleted backup piece
backup piece handle=3fc90592-511f-4200-aedc-48597064f4c8/RMAN_full_1062634547_BPMPROD_20250524_5l3q8o5g_2_1.vab RECID=86115 STAMP=1201955047
deleted backup piece
backup piece handle=3fc90592-511f-4200-aedc-48597064f4c8/RMAN_full_1062634547_BPMPROD_20250524_5l3q8o5g_1_1.vab RECID=86117 STAMP=1201954992
deleted backup piece
backup piece handle=3fc90592-511f-4200-aedc-48597064f4c8/RMAN_full_1062634547_BPMPROD_20250524_5n3q8odl_2_1.vab RECID=86116 STAMP=1201955318
deleted backup piece
backup piece handle=3fc90592-511f-4200-aedc-48597064f4c8/RMAN_full_1062634547_BPMPROD_20250524_5n3q8odl_1_1.vab RECID=86121 STAMP=1201955253
deleted backup piece
backup piece handle=3fc90592-511f-4200-aedc-48597064f4c8/RMAN_full_1062634547_BPMPROD_20250524_5p3q8okh_2_1.vab RECID=86119 STAMP=1201955529
deleted backup piece
backup piece handle=3fc90592-511f-4200-aedc-48597064f4c8/RMAN_full_1062634547_BPMPROD_20250524_5p3q8okh_1_1.vab RECID=86124 STAMP=1201955474
deleted backup piece
backup piece handle=3fc90592-511f-4200-aedc-48597064f4c8/RMAN_full_1062634547_BPMPROD_20250524_5r3q8otu_2_1.vab RECID=86120 STAMP=1201955889
deleted backup piece
backup piece handle=3fc90592-511f-4200-aedc-48597064f4c8/RMAN_full_1062634547_BPMPROD_20250524_5r3q8otu_1_1.vab RECID=86123 STAMP=1201955774
deleted backup piece
backup piece handle=3fc90592-511f-4200-aedc-48597064f4c8/RMAN_full_1062634547_BPMPROD_20250524_5t3q8p3t_2_1.vab RECID=86122 STAMP=1201956020
deleted backup piece
backup piece handle=3fc90592-511f-4200-aedc-48597064f4c8/RMAN_full_1062634547_BPMPROD_20250524_5t3q8p3t_1_1.vab RECID=86127 STAMP=1201955965
deleted backup piece
backup piece handle=3fc90592-511f-4200-aedc-48597064f4c8/RMAN_full_1062634547_BPMPROD_20250524_5v3q8pgn_2_1.vab RECID=86126 STAMP=1201956382
deleted backup piece
backup piece handle=3fc90592-511f-4200-aedc-48597064f4c8/RMAN_full_1062634547_BPMPROD_20250524_5v3q8pgn_1_1.vab RECID=86128 STAMP=1201956375
deleted backup piece
backup piece handle=3fc90592-511f-4200-aedc-48597064f4c8/RMAN_full_1062634547_BPMPROD_20250524_613q8plg_2_1.vab RECID=86125 STAMP=1201956573
deleted backup piece
backup piece handle=3fc90592-511f-4200-aedc-48597064f4c8/RMAN_full_1062634547_BPMPROD_20250524_613q8plg_1_1.vab RECID=86129 STAMP=1201956528
deleted backup piece
backup piece handle=3fc90592-511f-4200-aedc-48597064f4c8/RMAN_full_1062634547_BPMPROD_20250524_633q8poa_2_1.vab RECID=86130 STAMP=1201957014
deleted backup piece
backup piece handle=3fc90592-511f-4200-aedc-48597064f4c8/RMAN_full_1062634547_BPMPROD_20250524_633q8poa_1_1.vab RECID=86131 STAMP=1201956618
deleted backup piece
backup piece handle=3fc90592-511f-4200-aedc-48597064f4c8/RMAN_full_1062634547_BPMPROD_20250524_653q8q5f_2_1.vab RECID=86132 STAMP=1201957134
deleted backup piece
backup piece handle=3fc90592-511f-4200-aedc-48597064f4c8/RMAN_full_1062634547_BPMPROD_20250524_653q8q5f_1_1.vab RECID=86134 STAMP=1201957039
deleted backup piece
backup piece handle=3fc90592-511f-4200-aedc-48597064f4c8/RMAN_full_1062634547_BPMPROD_20250524_673q8qda_2_1.vab RECID=86133 STAMP=1201957405
deleted backup piece
backup piece handle=3fc90592-511f-4200-aedc-48597064f4c8/RMAN_full_1062634547_BPMPROD_20250524_673q8qda_1_1.vab RECID=86135 STAMP=1201957290
deleted backup piece
backup piece handle=3fc90592-511f-4200-aedc-48597064f4c8/RMAN_full_1062634547_BPMPROD_20250524_693q8qjs_2_1.vab RECID=86138 STAMP=1201957796
deleted backup piece
backup piece handle=3fc90592-511f-4200-aedc-48597064f4c8/RMAN_full_1062634547_BPMPROD_20250524_693q8qjs_1_1.vab RECID=86137 STAMP=1201957500
deleted backup piece
backup piece handle=3fc90592-511f-4200-aedc-48597064f4c8/RMAN_full_1062634547_BPMPROD_20250524_6b3q8qt4_2_1.vab RECID=86136 STAMP=1201957871
deleted backup piece
backup piece handle=3fc90592-511f-4200-aedc-48597064f4c8/RMAN_full_1062634547_BPMPROD_20250524_6b3q8qt4_1_1.vab RECID=86141 STAMP=1201957796
deleted backup piece
backup piece handle=3fc90592-511f-4200-aedc-48597064f4c8/RMAN_full_1062634547_BPMPROD_20250524_6d3q8r9k_2_1.vab RECID=86139 STAMP=1201958212
deleted backup piece
backup piece handle=3fc90592-511f-4200-aedc-48597064f4c8/RMAN_full_1062634547_BPMPROD_20250524_6d3q8r9k_1_1.vab RECID=86144 STAMP=1201958196
deleted backup piece
backup piece handle=3fc90592-511f-4200-aedc-48597064f4c8/RMAN_full_1062634547_BPMPROD_20250524_6f3q8re1_2_1.vab RECID=86140 STAMP=1201958382
deleted backup piece
backup piece handle=3fc90592-511f-4200-aedc-48597064f4c8/RMAN_full_1062634547_BPMPROD_20250524_6f3q8re1_1_1.vab RECID=86143 STAMP=1201958337
deleted backup piece
backup piece handle=3fc90592-511f-4200-aedc-48597064f4c8/RMAN_full_1062634547_BPMPROD_20250524_6h3q8rid_2_1.vab RECID=86142 STAMP=1201958723
deleted backup piece
backup piece handle=3fc90592-511f-4200-aedc-48597064f4c8/RMAN_full_1062634547_BPMPROD_20250524_6h3q8rid_1_1.vab RECID=86146 STAMP=1201958478
deleted backup piece
backup piece handle=3fc90592-511f-4200-aedc-48597064f4c8/RMAN_full_1062634547_BPMPROD_20250524_6j3q8rv8_2_1.vab RECID=86145 STAMP=1201959034
deleted backup piece
backup piece handle=3fc90592-511f-4200-aedc-48597064f4c8/RMAN_full_1062634547_BPMPROD_20250524_6j3q8rv8_1_1.vab RECID=86147 STAMP=1201958888
deleted backup piece
backup piece handle=3fc90592-511f-4200-aedc-48597064f4c8/RMAN_full_1062634547_BPMPROD_20250524_6l3q8s9t_2_1.vab RECID=86148 STAMP=1201959274
deleted backup piece
backup piece handle=3fc90592-511f-4200-aedc-48597064f4c8/RMAN_full_1062634547_BPMPROD_20250524_6l3q8s9t_1_1.vab RECID=86149 STAMP=1201959229
deleted backup piece
backup piece handle=3fc90592-511f-4200-aedc-48597064f4c8/RMAN_full_1062634547_BPMPROD_20250524_6n3q8sg5_2_1.vab RECID=86151 STAMP=1201959695
deleted backup piece
backup piece handle=3fc90592-511f-4200-aedc-48597064f4c8/RMAN_full_1062634547_BPMPROD_20250524_6n3q8sg5_1_1.vab RECID=86152 STAMP=1201959430
deleted backup piece
backup piece handle=3fc90592-511f-4200-aedc-48597064f4c8/RMAN_full_1062634547_BPMPROD_20250524_6p3q8soi_2_1.vab RECID=86150 STAMP=1201959713
deleted backup piece
backup piece handle=3fc90592-511f-4200-aedc-48597064f4c8/RMAN_full_1062634547_BPMPROD_20250524_6p3q8soi_1_1.vab RECID=86155 STAMP=1201959698
deleted backup piece
backup piece handle=3fc90592-511f-4200-aedc-48597064f4c8/RMAN_full_1062634547_BPMPROD_20250524_6r3q8sr3_2_1.vab RECID=86154 STAMP=1201960154
deleted backup piece
backup piece handle=3fc90592-511f-4200-aedc-48597064f4c8/RMAN_full_1062634547_BPMPROD_20250524_6r3q8sr3_1_1.vab RECID=86153 STAMP=1201959779
deleted backup piece
backup piece handle=3fc90592-511f-4200-aedc-48597064f4c8/RMAN_full_1062634547_BPMPROD_20250524_6t3q8t7t_2_1.vab RECID=86156 STAMP=1201960245
deleted backup piece
backup piece handle=3fc90592-511f-4200-aedc-48597064f4c8/RMAN_full_1062634547_BPMPROD_20250524_6t3q8t7t_1_1.vab RECID=86157 STAMP=1201960189
deleted backup piece
backup piece handle=3fc90592-511f-4200-aedc-48597064f4c8/RMAN_full_1062634547_BPMPROD_20250524_6v3q8tmk_2_1.vab RECID=86158 STAMP=1201960663
deleted backup piece
backup piece handle=3fc90592-511f-4200-aedc-48597064f4c8/RMAN_full_1062634547_BPMPROD_20250524_6v3q8tmk_1_1.vab RECID=86162 STAMP=1201960660
deleted backup piece
backup piece handle=3fc90592-511f-4200-aedc-48597064f4c8/RMAN_full_1062634547_BPMPROD_20250524_713q8tmo_2_1.vab RECID=86161 STAMP=1201960940
deleted backup piece
backup piece handle=3fc90592-511f-4200-aedc-48597064f4c8/RMAN_full_1062634547_BPMPROD_20250524_713q8tmo_1_1.vab RECID=86160 STAMP=1201960665
deleted backup piece
backup piece handle=3fc90592-511f-4200-aedc-48597064f4c8/RMAN_full_1062634547_BPMPROD_20250524_733q8tvc_2_1.vab RECID=86159 STAMP=1201961015
deleted backup piece
backup piece handle=3fc90592-511f-4200-aedc-48597064f4c8/RMAN_full_1062634547_BPMPROD_20250524_733q8tvc_1_1.vab RECID=86165 STAMP=1201960940
deleted backup piece
backup piece handle=3fc90592-511f-4200-aedc-48597064f4c8/RMAN_full_1062634547_BPMPROD_20250524_753q8u6j_2_1.vab RECID=86164 STAMP=1201961526
deleted backup piece
backup piece handle=3fc90592-511f-4200-aedc-48597064f4c8/RMAN_full_1062634547_BPMPROD_20250524_753q8u6j_1_1.vab RECID=86163 STAMP=1201961171
deleted backup piece
backup piece handle=3fc90592-511f-4200-aedc-48597064f4c8/RMAN_full_1062634547_BPMPROD_20250524_773q8uk1_2_1.vab RECID=86166 STAMP=1201961637
deleted backup piece
backup piece handle=3fc90592-511f-4200-aedc-48597064f4c8/RMAN_full_1062634547_BPMPROD_20250524_773q8uk1_1_1.vab RECID=86168 STAMP=1201961601
deleted backup piece
backup piece handle=3fc90592-511f-4200-aedc-48597064f4c8/RMAN_full_1062634547_BPMPROD_20250524_793q8us6_2_1.vab RECID=86167 STAMP=1201961997
deleted backup piece
backup piece handle=3fc90592-511f-4200-aedc-48597064f4c8/RMAN_full_1062634547_BPMPROD_20250524_793q8us6_1_1.vab RECID=86169 STAMP=1201961862
deleted backup piece
backup piece handle=3fc90592-511f-4200-aedc-48597064f4c8/RMAN_full_1062634547_BPMPROD_20250524_7b3q8v24_2_1.vab RECID=86170 STAMP=1201962168
deleted backup piece
backup piece handle=3fc90592-511f-4200-aedc-48597064f4c8/RMAN_full_1062634547_BPMPROD_20250524_7b3q8v24_1_1.vab RECID=86171 STAMP=1201962053
deleted backup piece
backup piece handle=3fc90592-511f-4200-aedc-48597064f4c8/RMAN_full_1062634547_BPMPROD_20250524_7d3q8vcf_2_1.vab RECID=86172 STAMP=1201962469
deleted backup piece
backup piece handle=3fc90592-511f-4200-aedc-48597064f4c8/RMAN_full_1062634547_BPMPROD_20250524_7d3q8vcf_1_1.vab RECID=86176 STAMP=1201962383
deleted backup piece
backup piece handle=3fc90592-511f-4200-aedc-48597064f4c8/RMAN_full_1062634547_BPMPROD_20250524_7f3q8vie_2_1.vab RECID=86175 STAMP=1201962859
deleted backup piece
backup piece handle=3fc90592-511f-4200-aedc-48597064f4c8/RMAN_full_1062634547_BPMPROD_20250524_7f3q8vie_1_1.vab RECID=86174 STAMP=1201962574
deleted backup piece
backup piece handle=3fc90592-511f-4200-aedc-48597064f4c8/RMAN_full_1062634547_BPMPROD_20250524_7h3q8vsf_2_1.vab RECID=86173 STAMP=1201962910
deleted backup piece
backup piece handle=3fc90592-511f-4200-aedc-48597064f4c8/RMAN_full_1062634547_BPMPROD_20250524_7h3q8vsf_1_1.vab RECID=86179 STAMP=1201962895
deleted backup piece
backup piece handle=3fc90592-511f-4200-aedc-48597064f4c8/RMAN_full_1062634547_BPMPROD_20250524_7j3q8vv9_2_1.vab RECID=86177 STAMP=1201963381
deleted backup piece
backup piece handle=3fc90592-511f-4200-aedc-48597064f4c8/RMAN_full_1062634547_BPMPROD_20250524_7j3q8vv9_1_1.vab RECID=86178 STAMP=1201962985
deleted backup piece
backup piece handle=3fc90592-511f-4200-aedc-48597064f4c8/RMAN_full_1062634547_BPMPROD_20250524_7l3q90ea_2_1.vab RECID=86180 STAMP=1201963511
deleted backup piece
backup piece handle=3fc90592-511f-4200-aedc-48597064f4c8/RMAN_full_1062634547_BPMPROD_20250524_7l3q90ea_1_1.vab RECID=86181 STAMP=1201963466
deleted backup piece
backup piece handle=3fc90592-511f-4200-aedc-48597064f4c8/RMAN_full_1062634547_BPMPROD_20250524_7n3q90ja_2_1.vab RECID=86182 STAMP=1201963882
deleted backup piece
backup piece handle=3fc90592-511f-4200-aedc-48597064f4c8/RMAN_full_1062634547_BPMPROD_20250524_7n3q90ja_1_1.vab RECID=86186 STAMP=1201963626
deleted backup piece
backup piece handle=3fc90592-511f-4200-aedc-48597064f4c8/RMAN_full_1062634547_BPMPROD_20250524_7p3q90s3_2_1.vab RECID=86183 STAMP=1201964073
deleted backup piece
backup piece handle=3fc90592-511f-4200-aedc-48597064f4c8/RMAN_full_1062634547_BPMPROD_20250524_7p3q90s3_1_1.vab RECID=86184 STAMP=1201963907
deleted backup piece
backup piece handle=3fc90592-511f-4200-aedc-48597064f4c8/RMAN_full_1062634547_BPMPROD_20250524_7r3q9130_2_1.vab RECID=86185 STAMP=1201964323
deleted backup piece
backup piece handle=3fc90592-511f-4200-aedc-48597064f4c8/RMAN_full_1062634547_BPMPROD_20250524_7r3q9130_1_1.vab RECID=86189 STAMP=1201964128
deleted backup piece
backup piece handle=3fc90592-511f-4200-aedc-48597064f4c8/RMAN_full_1062634547_BPMPROD_20250524_7t3q919s_2_1.vab RECID=86190 STAMP=1201964724
deleted backup piece
backup piece handle=3fc90592-511f-4200-aedc-48597064f4c8/RMAN_full_1062634547_BPMPROD_20250524_7t3q919s_1_1.vab RECID=86187 STAMP=1201964348
deleted backup piece
backup piece handle=3fc90592-511f-4200-aedc-48597064f4c8/RMAN_full_1062634547_BPMPROD_20250524_7v3q91nv_2_1.vab RECID=86188 STAMP=1201964814
deleted backup piece
backup piece handle=3fc90592-511f-4200-aedc-48597064f4c8/RMAN_full_1062634547_BPMPROD_20250524_7v3q91nv_1_1.vab RECID=86191 STAMP=1201964799
deleted backup piece
backup piece handle=3fc90592-511f-4200-aedc-48597064f4c8/RMAN_full_1062634547_BPMPROD_20250524_813q91ph_2_1.vab RECID=86192 STAMP=1201965155
deleted backup piece
backup piece handle=3fc90592-511f-4200-aedc-48597064f4c8/RMAN_full_1062634547_BPMPROD_20250524_813q91ph_1_1.vab RECID=86194 STAMP=1201964850
deleted backup piece
backup piece handle=3fc90592-511f-4200-aedc-48597064f4c8/RMAN_full_1062634547_BPMPROD_20250524_833q9288_2_1.vab RECID=86193 STAMP=1201965324
deleted backup piece
backup piece handle=3fc90592-511f-4200-aedc-48597064f4c8/RMAN_full_1062634547_BPMPROD_20250524_833q9288_1_1.vab RECID=86196 STAMP=1201965321
deleted backup piece
backup piece handle=3fc90592-511f-4200-aedc-48597064f4c8/RMAN_full_1062634547_BPMPROD_20250524_853q929p_2_1.vab RECID=86195 STAMP=1201965664
deleted backup piece
backup piece handle=3fc90592-511f-4200-aedc-48597064f4c8/RMAN_full_1062634547_BPMPROD_20250524_853q929p_1_1.vab RECID=86198 STAMP=1201965369
deleted backup piece
backup piece handle=3fc90592-511f-4200-aedc-48597064f4c8/RMAN_full_1062634547_BPMPROD_20250524_873q92j1_2_1.vab RECID=86200 STAMP=1201966010
deleted backup piece
backup piece handle=3fc90592-511f-4200-aedc-48597064f4c8/RMAN_full_1062634547_BPMPROD_20250524_873q92j1_1_1.vab RECID=86197 STAMP=1201965665
deleted backup piece
backup piece handle=3fc90592-511f-4200-aedc-48597064f4c8/RMAN_full_1062634547_BPMPROD_20250524_893q92v7_2_1.vab RECID=86199 STAMP=1201966141
deleted backup piece
backup piece handle=3fc90592-511f-4200-aedc-48597064f4c8/RMAN_full_1062634547_BPMPROD_20250524_893q92v7_1_1.vab RECID=86202 STAMP=1201966055
deleted backup piece
backup piece handle=3fc90592-511f-4200-aedc-48597064f4c8/RMAN_full_1062634547_BPMPROD_20250524_8b3q933a_2_1.vab RECID=86203 STAMP=1201966552
deleted backup piece
backup piece handle=3fc90592-511f-4200-aedc-48597064f4c8/RMAN_full_1062634547_BPMPROD_20250524_8b3q933a_1_1.vab RECID=86201 STAMP=1201966186
deleted backup piece
backup piece handle=3fc90592-511f-4200-aedc-48597064f4c8/RMAN_full_1062634547_BPMPROD_20250524_8d3q93f7_2_1.vab RECID=86204 STAMP=1201966652
deleted backup piece
backup piece handle=3fc90592-511f-4200-aedc-48597064f4c8/RMAN_full_1062634547_BPMPROD_20250524_8d3q93f7_1_1.vab RECID=86207 STAMP=1201966567
deleted backup piece
backup piece handle=3fc90592-511f-4200-aedc-48597064f4c8/RMAN_full_1062634547_BPMPROD_20250524_8f3q93k7_2_1.vab RECID=86205 STAMP=1201967033
deleted backup piece
backup piece handle=3fc90592-511f-4200-aedc-48597064f4c8/RMAN_full_1062634547_BPMPROD_20250524_8f3q93k7_1_1.vab RECID=86208 STAMP=1201966727
deleted backup piece
backup piece handle=3fc90592-511f-4200-aedc-48597064f4c8/RMAN_full_1062634547_BPMPROD_20250524_8h3q93u8_2_1.vab RECID=86206 STAMP=1201967063
deleted backup piece
backup piece handle=3fc90592-511f-4200-aedc-48597064f4c8/RMAN_full_1062634547_BPMPROD_20250524_8h3q93u8_1_1.vab RECID=86211 STAMP=1201967048
deleted backup piece
backup piece handle=3fc90592-511f-4200-aedc-48597064f4c8/RMAN_full_1062634547_BPMPROD_20250524_8j3q941n_2_1.vab RECID=86210 STAMP=1201967524
deleted backup piece
backup piece handle=3fc90592-511f-4200-aedc-48597064f4c8/RMAN_full_1062634547_BPMPROD_20250524_8j3q941n_1_1.vab RECID=86209 STAMP=1201967159
deleted backup piece
backup piece handle=3fc90592-511f-4200-aedc-48597064f4c8/RMAN_full_1062634547_BPMPROD_20250524_8l3q94eh_2_1.vab RECID=86214 STAMP=1201967825
deleted backup piece
backup piece handle=3fc90592-511f-4200-aedc-48597064f4c8/RMAN_full_1062634547_BPMPROD_20250524_8l3q94eh_1_1.vab RECID=86212 STAMP=1201967569
deleted backup piece
backup piece handle=3fc90592-511f-4200-aedc-48597064f4c8/RMAN_full_1062634547_BPMPROD_20250524_8n3q94r2_2_1.vab RECID=86213 STAMP=1201967996
deleted backup piece
backup piece handle=3fc90592-511f-4200-aedc-48597064f4c8/RMAN_full_1062634547_BPMPROD_20250524_8n3q94r2_1_1.vab RECID=86218 STAMP=1201967970
deleted backup piece
backup piece handle=3fc90592-511f-4200-aedc-48597064f4c8/RMAN_full_1062634547_BPMPROD_20250524_8p3q94u7_2_1.vab RECID=86215 STAMP=1201968226
deleted backup piece
backup piece handle=3fc90592-511f-4200-aedc-48597064f4c8/RMAN_full_1062634547_BPMPROD_20250524_8p3q94u7_1_1.vab RECID=86216 STAMP=1201968071
deleted backup piece
backup piece handle=3fc90592-511f-4200-aedc-48597064f4c8/RMAN_full_1062634547_BPMPROD_20250524_8r3q9587_2_1.vab RECID=86217 STAMP=1201968487
deleted backup piece
backup piece handle=3fc90592-511f-4200-aedc-48597064f4c8/RMAN_full_1062634547_BPMPROD_20250524_8r3q9587_1_1.vab RECID=86219 STAMP=1201968392
deleted backup piece
backup piece handle=3fc90592-511f-4200-aedc-48597064f4c8/RMAN_full_1062634547_BPMPROD_20250524_8t3q95c0_2_1.vab RECID=86221 STAMP=1201968888
deleted backup piece
backup piece handle=3fc90592-511f-4200-aedc-48597064f4c8/RMAN_full_1062634547_BPMPROD_20250524_8t3q95c0_1_1.vab RECID=86222 STAMP=1201968512
deleted backup piece
backup piece handle=3fc90592-511f-4200-aedc-48597064f4c8/RMAN_full_1062634547_BPMPROD_20250524_8v3q95oh_2_1.vab RECID=86220 STAMP=1201969008
deleted backup piece
backup piece handle=3fc90592-511f-4200-aedc-48597064f4c8/RMAN_full_1062634547_BPMPROD_20250524_8v3q95oh_1_1.vab RECID=86224 STAMP=1201968913
deleted backup piece
backup piece handle=3fc90592-511f-4200-aedc-48597064f4c8/RMAN_full_1062634547_BPMPROD_20250524_913q960l_2_1.vab RECID=86223 STAMP=1201969279
deleted backup piece
backup piece handle=3fc90592-511f-4200-aedc-48597064f4c8/RMAN_full_1062634547_BPMPROD_20250524_913q960l_1_1.vab RECID=86227 STAMP=1201969174
deleted backup piece
backup piece handle=3fc90592-511f-4200-aedc-48597064f4c8/RMAN_full_1062634547_BPMPROD_20250524_933q96b0_2_1.vab RECID=86225 STAMP=1201969549
deleted backup piece
backup piece handle=3fc90592-511f-4200-aedc-48597064f4c8/RMAN_full_1062634547_BPMPROD_20250524_933q96b0_1_1.vab RECID=86228 STAMP=1201969504
deleted backup piece
backup piece handle=3fc90592-511f-4200-aedc-48597064f4c8/RMAN_full_1062634547_BPMPROD_20250524_953q96gb_2_1.vab RECID=86226 STAMP=1201969780
deleted backup piece
backup piece handle=3fc90592-511f-4200-aedc-48597064f4c8/RMAN_full_1062634547_BPMPROD_20250524_953q96gb_1_1.vab RECID=86230 STAMP=1201969675
deleted backup piece
backup piece handle=3fc90592-511f-4200-aedc-48597064f4c8/RMAN_full_1062634547_BPMPROD_20250524_973q96l1_2_1.vab RECID=86231 STAMP=1201970241
deleted backup piece
backup piece handle=3fc90592-511f-4200-aedc-48597064f4c8/RMAN_full_1062634547_BPMPROD_20250524_973q96l1_1_1.vab RECID=86229 STAMP=1201969825
deleted backup piece
backup piece handle=3fc90592-511f-4200-aedc-48597064f4c8/RMAN_full_1062634547_BPMPROD_20250524_993q972g_2_1.vab RECID=86232 STAMP=1201970331
deleted backup piece
backup piece handle=3fc90592-511f-4200-aedc-48597064f4c8/RMAN_full_1062634547_BPMPROD_20250524_993q972g_1_1.vab RECID=86233 STAMP=1201970256
deleted backup piece
backup piece handle=3fc90592-511f-4200-aedc-48597064f4c8/RMAN_full_1062634547_BPMPROD_20250524_9b3q975v_2_1.vab RECID=86234 STAMP=1201970762
deleted backup piece
backup piece handle=3fc90592-511f-4200-aedc-48597064f4c8/RMAN_full_1062634547_BPMPROD_20250524_9b3q975v_1_1.vab RECID=86235 STAMP=1201970367
deleted backup piece
backup piece handle=3fc90592-511f-4200-aedc-48597064f4c8/RMAN_full_1062634547_BPMPROD_20250524_9d3q97lk_2_1.vab RECID=86236 STAMP=1201970953
deleted backup piece
backup piece handle=3fc90592-511f-4200-aedc-48597064f4c8/RMAN_full_1062634547_BPMPROD_20250524_9d3q97lk_1_1.vab RECID=86239 STAMP=1201970868
deleted backup piece
backup piece handle=3fc90592-511f-4200-aedc-48597064f4c8/RMAN_full_1062634547_BPMPROD_20250524_9f3q97qk_2_1.vab RECID=86237 STAMP=1201971184
deleted backup piece
backup piece handle=3fc90592-511f-4200-aedc-48597064f4c8/RMAN_full_1062634547_BPMPROD_20250524_9f3q97qk_1_1.vab RECID=86242 STAMP=1201971028
deleted backup piece
backup piece handle=3fc90592-511f-4200-aedc-48597064f4c8/RMAN_full_1062634547_BPMPROD_20250524_9h3q982p_2_1.vab RECID=86238 STAMP=1201971292
deleted backup piece
backup piece handle=3fc90592-511f-4200-aedc-48597064f4c8/RMAN_full_1062634547_BPMPROD_20250524_9h3q982p_1_1.vab RECID=86241 STAMP=1201971289
deleted backup piece
backup piece handle=3fc90592-511f-4200-aedc-48597064f4c8/RMAN_full_1062634547_BPMPROD_20250524_9j3q98dv_2_1.vab RECID=86240 STAMP=1201971703
deleted backup piece
backup piece handle=3fc90592-511f-4200-aedc-48597064f4c8/RMAN_full_1062634547_BPMPROD_20250524_9j3q98dv_1_1.vab RECID=86244 STAMP=1201971647
deleted backup piece
backup piece handle=3fc90592-511f-4200-aedc-48597064f4c8/RMAN_full_1062634547_BPMPROD_20250524_9l3q98ki_2_1.vab RECID=86245 STAMP=1201972093
deleted backup piece
backup piece handle=3fc90592-511f-4200-aedc-48597064f4c8/RMAN_full_1062634547_BPMPROD_20250524_9l3q98ki_1_1.vab RECID=86246 STAMP=1201971858
deleted backup piece
backup piece handle=3fc90592-511f-4200-aedc-48597064f4c8/RMAN_full_1062634547_BPMPROD_20250524_9n3q98ut_2_1.vab RECID=86243 STAMP=1201972189
deleted backup piece
backup piece handle=3fc90592-511f-4200-aedc-48597064f4c8/RMAN_full_1062634547_BPMPROD_20250524_9n3q98ut_1_1.vab RECID=86247 STAMP=1201972189
deleted backup piece
backup piece handle=3fc90592-511f-4200-aedc-48597064f4c8/RMAN_full_1062634547_BPMPROD_20250524_9p3q992q_2_1.vab RECID=86248 STAMP=1201972660
deleted backup piece
backup piece handle=3fc90592-511f-4200-aedc-48597064f4c8/RMAN_full_1062634547_BPMPROD_20250524_9p3q992q_1_1.vab RECID=86251 STAMP=1201972314
deleted backup piece
backup piece handle=3fc90592-511f-4200-aedc-48597064f4c8/RMAN_full_1062634547_BPMPROD_20250524_9r3q99dk_2_1.vab RECID=86250 STAMP=1201972845
deleted backup piece
backup piece handle=3fc90592-511f-4200-aedc-48597064f4c8/RMAN_full_1062634547_BPMPROD_20250524_9r3q99dk_1_1.vab RECID=86249 STAMP=1201972660
deleted backup piece
backup piece handle=3fc90592-511f-4200-aedc-48597064f4c8/RMAN_full_1062634547_BPMPROD_20250524_9t3q99kr_2_1.vab RECID=86252 STAMP=1201973096
deleted backup piece
backup piece handle=3fc90592-511f-4200-aedc-48597064f4c8/RMAN_full_1062634547_BPMPROD_20250524_9t3q99kr_1_1.vab RECID=86253 STAMP=1201972891
deleted backup piece
backup piece handle=3fc90592-511f-4200-aedc-48597064f4c8/RMAN_full_1062634547_BPMPROD_20250524_9v3q9a1v_2_1.vab RECID=86254 STAMP=1201973567
deleted backup piece
backup piece handle=3fc90592-511f-4200-aedc-48597064f4c8/RMAN_full_1062634547_BPMPROD_20250524_9v3q9a1v_1_1.vab RECID=86256 STAMP=1201973311
deleted backup piece
backup piece handle=3fc90592-511f-4200-aedc-48597064f4c8/RMAN_full_1062634547_BPMPROD_20250524_a13q9aa2_2_1.vab RECID=86257 STAMP=1201973646
deleted backup piece
backup piece handle=3fc90592-511f-4200-aedc-48597064f4c8/RMAN_full_1062634547_BPMPROD_20250524_a13q9aa2_1_1.vab RECID=86260 STAMP=1201973570
deleted backup piece
backup piece handle=3fc90592-511f-4200-aedc-48597064f4c8/RMAN_full_1062634547_BPMPROD_20250524_a33q9adh_2_1.vab RECID=86255 STAMP=1201973856
deleted backup piece
backup piece handle=3fc90592-511f-4200-aedc-48597064f4c8/RMAN_full_1062634547_BPMPROD_20250524_a33q9adh_1_1.vab RECID=86258 STAMP=1201973681
deleted backup piece
backup piece handle=3fc90592-511f-4200-aedc-48597064f4c8/RMAN_full_1062634547_BPMPROD_20250524_a53q9aop_2_1.vab RECID=86262 STAMP=1201974347
deleted backup piece
backup piece handle=3fc90592-511f-4200-aedc-48597064f4c8/RMAN_full_1062634547_BPMPROD_20250524_a53q9aop_1_1.vab RECID=86259 STAMP=1201974041
deleted backup piece
backup piece handle=3fc90592-511f-4200-aedc-48597064f4c8/RMAN_full_1062634547_BPMPROD_20250524_a73q9b2b_2_1.vab RECID=86261 STAMP=1201974412
deleted backup piece
backup piece handle=3fc90592-511f-4200-aedc-48597064f4c8/RMAN_full_1062634547_BPMPROD_20250524_a73q9b2b_1_1.vab RECID=86263 STAMP=1201974347
deleted backup piece
backup piece handle=3fc90592-511f-4200-aedc-48597064f4c8/RMAN_full_1062634547_BPMPROD_20250524_a93q9baq_2_1.vab RECID=86264 STAMP=1201974893
deleted backup piece
backup piece handle=3fc90592-511f-4200-aedc-48597064f4c8/RMAN_full_1062634547_BPMPROD_20250524_a93q9baq_1_1.vab RECID=86265 STAMP=1201974618
deleted backup piece
backup piece handle=3fc90592-511f-4200-aedc-48597064f4c8/RMAN_full_1062634547_BPMPROD_20250524_ab3q9bkg_2_1.vab RECID=86266 STAMP=1201974964
deleted backup piece
backup piece handle=3fc90592-511f-4200-aedc-48597064f4c8/RMAN_full_1062634547_BPMPROD_20250524_ab3q9bkg_1_1.vab RECID=86269 STAMP=1201974929
deleted backup piece
backup piece handle=3fc90592-511f-4200-aedc-48597064f4c8/RMAN_full_1062634547_BPMPROD_20250524_ad3q9bot_2_1.vab RECID=86267 STAMP=1201975305
deleted backup piece
backup piece handle=3fc90592-511f-4200-aedc-48597064f4c8/RMAN_full_1062634547_BPMPROD_20250524_ad3q9bot_1_1.vab RECID=86271 STAMP=1201975069
deleted backup piece
backup piece handle=3fc90592-511f-4200-aedc-48597064f4c8/RMAN_full_1062634547_BPMPROD_20250524_af3q9c38_2_1.vab RECID=86268 STAMP=1201975525
deleted backup piece
backup piece handle=3fc90592-511f-4200-aedc-48597064f4c8/RMAN_full_1062634547_BPMPROD_20250524_af3q9c38_1_1.vab RECID=86270 STAMP=1201975400
deleted backup piece
backup piece handle=3fc90592-511f-4200-aedc-48597064f4c8/RMAN_full_1062634547_BPMPROD_20250524_ah3q9cb2_2_1.vab RECID=86272 STAMP=1201975946
deleted backup piece
backup piece handle=3fc90592-511f-4200-aedc-48597064f4c8/RMAN_full_1062634547_BPMPROD_20250524_ah3q9cb2_1_1.vab RECID=86274 STAMP=1201975650
deleted backup piece
backup piece handle=3fc90592-511f-4200-aedc-48597064f4c8/RMAN_full_1062634547_BPMPROD_20250524_aj3q9cq3_2_1.vab RECID=86273 STAMP=1201976217
deleted backup piece
backup piece handle=3fc90592-511f-4200-aedc-48597064f4c8/RMAN_full_1062634547_BPMPROD_20250524_aj3q9cq3_1_1.vab RECID=86275 STAMP=1201976131
deleted backup piece
backup piece handle=3fc90592-511f-4200-aedc-48597064f4c8/RMAN_full_1062634547_BPMPROD_20250524_al3q9cv4_2_1.vab RECID=86276 STAMP=1201976327
deleted backup piece
backup piece handle=3fc90592-511f-4200-aedc-48597064f4c8/RMAN_full_1062634547_BPMPROD_20250524_al3q9cv4_1_1.vab RECID=86277 STAMP=1201976292
deleted backup piece
backup piece handle=3fc90592-511f-4200-aedc-48597064f4c8/RMAN_full_1062634547_BPMPROD_20250524_an3q9d7i_2_1.vab RECID=86279 STAMP=1201976918
deleted backup piece
backup piece handle=3fc90592-511f-4200-aedc-48597064f4c8/RMAN_full_1062634547_BPMPROD_20250524_an3q9d7i_1_1.vab RECID=86278 STAMP=1201976562
deleted backup piece
backup piece handle=3fc90592-511f-4200-aedc-48597064f4c8/RMAN_full_1062634547_BPMPROD_20250524_ap3q9djp_2_1.vab RECID=86281 STAMP=1201977038
deleted backup piece
backup piece handle=3fc90592-511f-4200-aedc-48597064f4c8/RMAN_full_1062634547_BPMPROD_20250524_ap3q9djp_1_1.vab RECID=86283 STAMP=1201976953
deleted backup piece
backup piece handle=3fc90592-511f-4200-aedc-48597064f4c8/RMAN_full_1062634547_BPMPROD_20250524_ar3q9dmf_2_1.vab RECID=86280 STAMP=1201977184
deleted backup piece
backup piece handle=3fc90592-511f-4200-aedc-48597064f4c8/RMAN_full_1062634547_BPMPROD_20250524_ar3q9dmf_1_1.vab RECID=86282 STAMP=1201977039
deleted backup piece
backup piece handle=3fc90592-511f-4200-aedc-48597064f4c8/RMAN_full_1062634547_BPMPROD_20250524_at3q9e21_2_1.vab RECID=86285 STAMP=1201977725
deleted backup piece
backup piece handle=3fc90592-511f-4200-aedc-48597064f4c8/RMAN_full_1062634547_BPMPROD_20250524_at3q9e21_1_1.vab RECID=86284 STAMP=1201977410
deleted backup piece
backup piece handle=3fc90592-511f-4200-aedc-48597064f4c8/RMAN_full_1062634547_BPMPROD_20250524_av3q9eda_2_1.vab RECID=86286 STAMP=1201977836
deleted backup piece
backup piece handle=3fc90592-511f-4200-aedc-48597064f4c8/RMAN_full_1062634547_BPMPROD_20250524_av3q9eda_1_1.vab RECID=86287 STAMP=1201977770
deleted backup piece
backup piece handle=3fc90592-511f-4200-aedc-48597064f4c8/RMAN_full_1062634547_BPMPROD_20250524_b13q9eh3_2_1.vab RECID=86289 STAMP=1201978156
deleted backup piece
backup piece handle=3fc90592-511f-4200-aedc-48597064f4c8/RMAN_full_1062634547_BPMPROD_20250524_b13q9eh3_1_1.vab RECID=86288 STAMP=1201977891
deleted backup piece
backup piece handle=3fc90592-511f-4200-aedc-48597064f4c8/RMAN_full_1062634547_BPMPROD_20250524_b33q9f0o_2_1.vab RECID=86292 STAMP=1201978577
deleted backup piece
backup piece handle=3fc90592-511f-4200-aedc-48597064f4c8/RMAN_full_1062634547_BPMPROD_20250524_b33q9f0o_1_1.vab RECID=86291 STAMP=1201978392
deleted backup piece
backup piece handle=3fc90592-511f-4200-aedc-48597064f4c8/RMAN_full_1062634547_BPMPROD_20250524_b53q9fae_2_1.vab RECID=86290 STAMP=1201978718
deleted backup piece
backup piece handle=3fc90592-511f-4200-aedc-48597064f4c8/RMAN_full_1062634547_BPMPROD_20250524_b53q9fae_1_1.vab RECID=86296 STAMP=1201978702
deleted backup piece
backup piece handle=3fc90592-511f-4200-aedc-48597064f4c8/RMAN_full_1062634547_BPMPROD_20250524_b73q9feh_2_1.vab RECID=86294 STAMP=1201979028
deleted backup piece
backup piece handle=3fc90592-511f-4200-aedc-48597064f4c8/RMAN_full_1062634547_BPMPROD_20250524_b73q9feh_1_1.vab RECID=86293 STAMP=1201978833
deleted backup piece
backup piece handle=3fc90592-511f-4200-aedc-48597064f4c8/RMAN_full_1062634547_BPMPROD_20250524_b93q9fu6_2_1.vab RECID=86295 STAMP=1201979369
deleted backup piece
backup piece handle=3fc90592-511f-4200-aedc-48597064f4c8/RMAN_full_1062634547_BPMPROD_20250524_b93q9fu6_1_1.vab RECID=86297 STAMP=1201979334
deleted backup piece
backup piece handle=3fc90592-511f-4200-aedc-48597064f4c8/RMAN_full_1062634547_BPMPROD_20250524_bb3q9g10_2_1.vab RECID=86298 STAMP=1201979870
deleted backup piece
backup piece handle=3fc90592-511f-4200-aedc-48597064f4c8/RMAN_full_1062634547_BPMPROD_20250524_bb3q9g10_1_1.vab RECID=86300 STAMP=1201979424
deleted backup piece
backup piece handle=3fc90592-511f-4200-aedc-48597064f4c8/RMAN_full_1062634547_BPMPROD_20250524_bd3q9gfd_2_1.vab RECID=86299 STAMP=1201979990
deleted backup piece
backup piece handle=3fc90592-511f-4200-aedc-48597064f4c8/RMAN_full_1062634547_BPMPROD_20250524_bd3q9gfd_1_1.vab RECID=86302 STAMP=1201979885
deleted backup piece
backup piece handle=3fc90592-511f-4200-aedc-48597064f4c8/RMAN_full_1062634547_BPMPROD_20250524_bf3q9giq_2_1.vab RECID=86301 STAMP=1201980359
deleted backup piece
backup piece handle=3fc90592-511f-4200-aedc-48597064f4c8/RMAN_full_1062634547_BPMPROD_20250524_bf3q9giq_1_1.vab RECID=86304 STAMP=1201979994
deleted backup piece
backup piece handle=3fc90592-511f-4200-aedc-48597064f4c8/RMAN_full_1062634547_BPMPROD_20250524_bh3q9h25_2_1.vab RECID=86303 STAMP=1201980670
deleted backup piece
backup piece handle=3fc90592-511f-4200-aedc-48597064f4c8/RMAN_full_1062634547_BPMPROD_20250524_bh3q9h25_1_1.vab RECID=86305 STAMP=1201980485
deleted backup piece
backup piece handle=3fc90592-511f-4200-aedc-48597064f4c8/RMAN_full_1062634547_BPMPROD_20250524_bj3q9hcp_2_1.vab RECID=86306 STAMP=1201980951
deleted backup piece
backup piece handle=3fc90592-511f-4200-aedc-48597064f4c8/RMAN_full_1062634547_BPMPROD_20250524_bj3q9hcp_1_1.vab RECID=86309 STAMP=1201980825
deleted backup piece
backup piece handle=3fc90592-511f-4200-aedc-48597064f4c8/RMAN_full_1062634547_BPMPROD_20250524_bl3q9hqs_2_1.vab RECID=86307 STAMP=1201981279
deleted backup piece
backup piece handle=3fc90592-511f-4200-aedc-48597064f4c8/RMAN_full_1062634547_BPMPROD_20250524_bl3q9hqs_1_1.vab RECID=86312 STAMP=1201981276
deleted backup piece
backup piece handle=3fc90592-511f-4200-aedc-48597064f4c8/RMAN_full_1062634547_BPMPROD_20250524_bn3q9huj_2_1.vab RECID=86308 STAMP=1201981490
deleted backup piece
backup piece handle=3fc90592-511f-4200-aedc-48597064f4c8/RMAN_full_1062634547_BPMPROD_20250524_bn3q9huj_1_1.vab RECID=86313 STAMP=1201981395
deleted backup piece
backup piece handle=3fc90592-511f-4200-aedc-48597064f4c8/RMAN_full_1062634547_BPMPROD_20250524_bp3q9i4r_2_1.vab RECID=86310 STAMP=1201981871
deleted backup piece
backup piece handle=3fc90592-511f-4200-aedc-48597064f4c8/RMAN_full_1062634547_BPMPROD_20250524_bp3q9i4r_1_1.vab RECID=86311 STAMP=1201981595
deleted backup piece
backup piece handle=3fc90592-511f-4200-aedc-48597064f4c8/RMAN_full_1062634547_BPMPROD_20250524_br3q9ijs_2_1.vab RECID=86314 STAMP=1201982161
deleted backup piece
backup piece handle=3fc90592-511f-4200-aedc-48597064f4c8/RMAN_full_1062634547_BPMPROD_20250524_br3q9ijs_1_1.vab RECID=86315 STAMP=1201982076
deleted backup piece
backup piece handle=3fc90592-511f-4200-aedc-48597064f4c8/RMAN_full_1062634547_BPMPROD_20250524_bt3q9j11_2_1.vab RECID=86316 STAMP=1201982632
deleted backup piece
backup piece handle=3fc90592-511f-4200-aedc-48597064f4c8/RMAN_full_1062634547_BPMPROD_20250524_bt3q9j11_1_1.vab RECID=86318 STAMP=1201982497
deleted backup piece
backup piece handle=3fc90592-511f-4200-aedc-48597064f4c8/RMAN_full_1062634547_BPMPROD_20250524_bv3q9j9f_2_1.vab RECID=86317 STAMP=1201982903
deleted backup piece
backup piece handle=3fc90592-511f-4200-aedc-48597064f4c8/RMAN_full_1062634547_BPMPROD_20250524_bv3q9j9f_1_1.vab RECID=86323 STAMP=1201982768
deleted backup piece
backup piece handle=3fc90592-511f-4200-aedc-48597064f4c8/RMAN_full_1062634547_BPMPROD_20250524_c13q9jgc_2_1.vab RECID=86319 STAMP=1201983144
deleted backup piece
backup piece handle=3fc90592-511f-4200-aedc-48597064f4c8/RMAN_full_1062634547_BPMPROD_20250524_c13q9jgc_1_1.vab RECID=86324 STAMP=1201982988
deleted backup piece
backup piece handle=3fc90592-511f-4200-aedc-48597064f4c8/RMAN_full_1062634547_BPMPROD_20250524_c33q9jo7_2_1.vab RECID=86321 STAMP=1201983574
deleted backup piece
backup piece handle=3fc90592-511f-4200-aedc-48597064f4c8/RMAN_full_1062634547_BPMPROD_20250524_c33q9jo7_1_1.vab RECID=86322 STAMP=1201983239
deleted backup piece
backup piece handle=3fc90592-511f-4200-aedc-48597064f4c8/RMAN_full_1062634547_BPMPROD_20250524_c53q9k5c_2_1.vab RECID=86320 STAMP=1201983715
deleted backup piece
backup piece handle=3fc90592-511f-4200-aedc-48597064f4c8/RMAN_full_1062634547_BPMPROD_20250524_c53q9k5c_1_1.vab RECID=86326 STAMP=1201983660
deleted backup piece
backup piece handle=3fc90592-511f-4200-aedc-48597064f4c8/RMAN_full_1062634547_BPMPROD_20250524_c73q9kmt_2_1.vab RECID=86325 STAMP=1201984246
deleted backup piece
backup piece handle=3fc90592-511f-4200-aedc-48597064f4c8/RMAN_full_1062634547_BPMPROD_20250524_c73q9kmt_1_1.vab RECID=86330 STAMP=1201984221
deleted backup piece
backup piece handle=3fc90592-511f-4200-aedc-48597064f4c8/RMAN_full_1062634547_BPMPROD_20250524_c93q9krt_2_1.vab RECID=86327 STAMP=1201984417
deleted backup piece
backup piece handle=3fc90592-511f-4200-aedc-48597064f4c8/RMAN_full_1062634547_BPMPROD_20250524_c93q9krt_1_1.vab RECID=86332 STAMP=1201984381
deleted backup piece
backup piece handle=3fc90592-511f-4200-aedc-48597064f4c8/RMAN_full_1062634547_BPMPROD_20250524_cb3q9l42_2_1.vab RECID=86329 STAMP=1201984847
deleted backup piece
backup piece handle=3fc90592-511f-4200-aedc-48597064f4c8/RMAN_full_1062634547_BPMPROD_20250524_cb3q9l42_1_1.vab RECID=86339 STAMP=1201984642
deleted backup piece
backup piece handle=3fc90592-511f-4200-aedc-48597064f4c8/RMAN_full_1062634547_BPMPROD_20250524_cd3q9lag_2_1.vab RECID=86328 STAMP=1201984883
deleted backup piece
backup piece handle=3fc90592-511f-4200-aedc-48597064f4c8/RMAN_full_1062634547_BPMPROD_20250524_cd3q9lag_1_1.vab RECID=86335 STAMP=1201984848
deleted backup piece
backup piece handle=3fc90592-511f-4200-aedc-48597064f4c8/RMAN_full_1062634547_BPMPROD_20250524_cf3q9lh2_2_1.vab RECID=86331 STAMP=1201985224
deleted backup piece
backup piece handle=3fc90592-511f-4200-aedc-48597064f4c8/RMAN_full_1062634547_BPMPROD_20250524_cf3q9lh2_1_1.vab RECID=86343 STAMP=1201985058
deleted backup piece
backup piece handle=3fc90592-511f-4200-aedc-48597064f4c8/RMAN_full_1062634547_BPMPROD_20250524_ch3q9lrn_2_1.vab RECID=86333 STAMP=1201985434
deleted backup piece
backup piece handle=3fc90592-511f-4200-aedc-48597064f4c8/RMAN_full_1062634547_BPMPROD_20250524_ch3q9lrn_1_1.vab RECID=86345 STAMP=1201985399
deleted backup piece
backup piece handle=3fc90592-511f-4200-aedc-48597064f4c8/RMAN_full_1062634547_BPMPROD_20250524_cj3q9lui_2_1.vab RECID=86334 STAMP=1201985625
deleted backup piece
backup piece handle=3fc90592-511f-4200-aedc-48597064f4c8/RMAN_full_1062634547_BPMPROD_20250524_cj3q9lui_1_1.vab RECID=86336 STAMP=1201985490
deleted backup piece
backup piece handle=3fc90592-511f-4200-aedc-48597064f4c8/RMAN_full_1062634547_BPMPROD_20250524_cl3q9m38_2_1.vab RECID=86337 STAMP=1201986446
deleted backup piece
backup piece handle=3fc90592-511f-4200-aedc-48597064f4c8/RMAN_full_1062634547_BPMPROD_20250524_cl3q9m38_1_1.vab RECID=86338 STAMP=1201985640
deleted backup piece
backup piece handle=3fc90592-511f-4200-aedc-48597064f4c8/RMAN_full_1062634547_BPMPROD_20250524_cn3q9msh_2_1.vab RECID=86340 STAMP=1201986464
deleted backup piece
backup piece handle=3fc90592-511f-4200-aedc-48597064f4c8/RMAN_full_1062634547_BPMPROD_20250524_cn3q9msh_1_1.vab RECID=86350 STAMP=1201986449
deleted backup piece
backup piece handle=3fc90592-511f-4200-aedc-48597064f4c8/RMAN_full_1062634547_BPMPROD_20250524_cp3q9mtp_2_1.vab RECID=86341 STAMP=1201986490
deleted backup piece
backup piece handle=3fc90592-511f-4200-aedc-48597064f4c8/RMAN_full_1062634547_BPMPROD_20250524_cp3q9mtp_1_1.vab RECID=86361 STAMP=1201986489
deleted backup piece
backup piece handle=3fc90592-511f-4200-aedc-48597064f4c8/RMAN_full_1062634547_BPMPROD_20250524_cr3q9mtq_2_1.vab RECID=86342 STAMP=1201986515
deleted backup piece
backup piece handle=3fc90592-511f-4200-aedc-48597064f4c8/RMAN_full_1062634547_BPMPROD_20250524_cr3q9mtq_1_1.vab RECID=86347 STAMP=1201986490
deleted backup piece
backup piece handle=3fc90592-511f-4200-aedc-48597064f4c8/RMAN_full_1062634547_BPMPROD_20250524_ct3q9mvc_2_1.vab RECID=86344 STAMP=1201986846
deleted backup piece
backup piece handle=3fc90592-511f-4200-aedc-48597064f4c8/RMAN_full_1062634547_BPMPROD_20250524_ct3q9mvc_1_1.vab RECID=86353 STAMP=1201986540
deleted backup piece
backup piece handle=3fc90592-511f-4200-aedc-48597064f4c8/RMAN_full_1062634547_BPMPROD_20250524_cv3q9n9n_2_1.vab RECID=86346 STAMP=1201986956
deleted backup piece
backup piece handle=3fc90592-511f-4200-aedc-48597064f4c8/RMAN_full_1062634547_BPMPROD_20250524_cv3q9n9n_1_1.vab RECID=86367 STAMP=1201986871
deleted backup piece
backup piece handle=3fc90592-511f-4200-aedc-48597064f4c8/RMAN_full_1062634547_BPMPROD_20250524_d13q9nd6_2_1.vab RECID=86348 STAMP=1201986982
deleted backup piece
backup piece handle=3fc90592-511f-4200-aedc-48597064f4c8/RMAN_full_1062634547_BPMPROD_20250524_d13q9nd6_1_1.vab RECID=86366 STAMP=1201986982
deleted backup piece
backup piece handle=3fc90592-511f-4200-aedc-48597064f4c8/RMAN_full_1062634547_BPMPROD_20250524_d33q9ndv_2_1.vab RECID=86351 STAMP=1201987122
deleted backup piece
backup piece handle=3fc90592-511f-4200-aedc-48597064f4c8/RMAN_full_1062634547_BPMPROD_20250524_d33q9ndv_1_1.vab RECID=86349 STAMP=1201987007
deleted backup piece
backup piece handle=3fc90592-511f-4200-aedc-48597064f4c8/RMAN_full_1062634547_BPMPROD_20250524_d53q9ni1_2_1.vab RECID=86352 STAMP=1201987137
deleted backup piece
backup piece handle=3fc90592-511f-4200-aedc-48597064f4c8/RMAN_full_1062634547_BPMPROD_20250524_d53q9ni1_1_1.vab RECID=86356 STAMP=1201987137
deleted backup piece
backup piece handle=3fc90592-511f-4200-aedc-48597064f4c8/RMAN_full_1062634547_BPMPROD_20250524_d73q9nih_2_1.vab RECID=86354 STAMP=1201987178
deleted backup piece
backup piece handle=3fc90592-511f-4200-aedc-48597064f4c8/RMAN_full_1062634547_BPMPROD_20250524_d73q9nih_1_1.vab RECID=86355 STAMP=1201987153
deleted backup piece
backup piece handle=3fc90592-511f-4200-aedc-48597064f4c8/RMAN_full_1062634547_BPMPROD_20250524_d93q9nk3_2_1.vab RECID=86357 STAMP=1201987248
deleted backup piece
backup piece handle=3fc90592-511f-4200-aedc-48597064f4c8/RMAN_full_1062634547_BPMPROD_20250524_d93q9nk3_1_1.vab RECID=86359 STAMP=1201987203
deleted backup piece
backup piece handle=3fc90592-511f-4200-aedc-48597064f4c8/RMAN_full_1062634547_BPMPROD_20250524_db3q9nlj_2_1.vab RECID=86358 STAMP=1201987262
deleted backup piece
backup piece handle=3fc90592-511f-4200-aedc-48597064f4c8/RMAN_full_1062634547_BPMPROD_20250524_db3q9nlj_1_1.vab RECID=86365 STAMP=1201987255
deleted backup piece
backup piece handle=3fc90592-511f-4200-aedc-48597064f4c8/RMAN_full_1062634547_BPMPROD_20250524_dd3q9nmd_2_1.vab RECID=86362 STAMP=1201987302
deleted backup piece
backup piece handle=3fc90592-511f-4200-aedc-48597064f4c8/RMAN_full_1062634547_BPMPROD_20250524_dd3q9nmd_1_1.vab RECID=86360 STAMP=1201987277
deleted backup piece
backup piece handle=3fc90592-511f-4200-aedc-48597064f4c8/RMAN_full_1062634547_BPMPROD_20250524_df3q9nn6_2_1.vab RECID=86363 STAMP=1201987310
deleted backup piece
backup piece handle=3fc90592-511f-4200-aedc-48597064f4c8/RMAN_full_1062634547_BPMPROD_20250524_df3q9nn6_1_1.vab RECID=86364 STAMP=1201987302
deleted backup piece
backup piece handle=3fc90592-511f-4200-aedc-48597064f4c8/RMAN_full_1062634547_BPMPROD_20250524_dh3q9nnl_2_1.vab RECID=86368 STAMP=1201987332
deleted backup piece
backup piece handle=3fc90592-511f-4200-aedc-48597064f4c8/RMAN_full_1062634547_BPMPROD_20250524_dh3q9nnl_1_1.vab RECID=86371 STAMP=1201987317
deleted backup piece
backup piece handle=3fc90592-511f-4200-aedc-48597064f4c8/RMAN_full_1062634547_BPMPROD_20250524_dj3q9no4_2_1.vab RECID=86369 STAMP=1201987335
deleted backup piece
backup piece handle=3fc90592-511f-4200-aedc-48597064f4c8/RMAN_full_1062634547_BPMPROD_20250524_dj3q9no4_1_1.vab RECID=86373 STAMP=1201987332
deleted backup piece
backup piece handle=3fc90592-511f-4200-aedc-48597064f4c8/RMAN_full_1062634547_BPMPROD_20250524_dl3q9nsp_2_1.vab RECID=86370 STAMP=1201987484
deleted backup piece
backup piece handle=3fc90592-511f-4200-aedc-48597064f4c8/RMAN_full_1062634547_BPMPROD_20250524_dl3q9nsp_1_1.vab RECID=86374 STAMP=1201987481
deleted backup piece
backup piece handle=3fc90592-511f-4200-aedc-48597064f4c8/RMAN_full_1062634547_BPMPROD_20250524_dn3q9od0_2_1.vab RECID=86372 STAMP=1201988225
deleted backup piece
backup piece handle=3fc90592-511f-4200-aedc-48597064f4c8/RMAN_full_1062634547_BPMPROD_20250524_dn3q9od0_1_1.vab RECID=86377 STAMP=1201988000
deleted backup piece
backup piece handle=3fc90592-511f-4200-aedc-48597064f4c8/RMAN_full_1062634547_BPMPROD_20250524_dp3q9opr_2_1.vab RECID=86375 STAMP=1201988536
deleted backup piece
backup piece handle=3fc90592-511f-4200-aedc-48597064f4c8/RMAN_full_1062634547_BPMPROD_20250524_dp3q9opr_1_1.vab RECID=86382 STAMP=1201988411
deleted backup piece
backup piece handle=3fc90592-511f-4200-aedc-48597064f4c8/RMAN_full_1062634547_BPMPROD_20250524_dr3q9p2t_2_1.vab RECID=86378 STAMP=1201988866
deleted backup piece
backup piece handle=3fc90592-511f-4200-aedc-48597064f4c8/RMAN_full_1062634547_BPMPROD_20250524_dr3q9p2t_1_1.vab RECID=86381 STAMP=1201988701
deleted backup piece
backup piece handle=3fc90592-511f-4200-aedc-48597064f4c8/RMAN_full_1062634547_BPMPROD_20250524_dt3q9peq_2_1.vab RECID=86376 STAMP=1201989127
deleted backup piece
backup piece handle=3fc90592-511f-4200-aedc-48597064f4c8/RMAN_full_1062634547_BPMPROD_20250524_dt3q9peq_1_1.vab RECID=86390 STAMP=1201989082
deleted backup piece
backup piece handle=3fc90592-511f-4200-aedc-48597064f4c8/RMAN_full_1062634547_BPMPROD_20250524_dv3q9pgm_2_1.vab RECID=86379 STAMP=1201989358
deleted backup piece
backup piece handle=3fc90592-511f-4200-aedc-48597064f4c8/RMAN_full_1062634547_BPMPROD_20250524_dv3q9pgm_1_1.vab RECID=86385 STAMP=1201989143
deleted backup piece
backup piece handle=3fc90592-511f-4200-aedc-48597064f4c8/RMAN_full_1062634547_BPMPROD_20250524_e13q9pnt_2_1.vab RECID=86380 STAMP=1201989380
deleted backup piece
backup piece handle=3fc90592-511f-4200-aedc-48597064f4c8/RMAN_full_1062634547_BPMPROD_20250524_e13q9pnt_1_1.vab RECID=86393 STAMP=1201989373
deleted backup piece
backup piece handle=3fc90592-511f-4200-aedc-48597064f4c8/RMAN_full_1062634547_BPMPROD_20250524_e33q9poj_2_1.vab RECID=86383 STAMP=1201989581
deleted backup piece
backup piece handle=3fc90592-511f-4200-aedc-48597064f4c8/RMAN_full_1062634547_BPMPROD_20250524_e33q9poj_1_1.vab RECID=86387 STAMP=1201989395
deleted backup piece
backup piece handle=3fc90592-511f-4200-aedc-48597064f4c8/RMAN_full_1062634547_BPMPROD_20250524_e53q9pud_2_1.vab RECID=86384 STAMP=1201989596
deleted backup piece
backup piece handle=3fc90592-511f-4200-aedc-48597064f4c8/RMAN_full_1062634547_BPMPROD_20250524_e53q9pud_1_1.vab RECID=86391 STAMP=1201989581
deleted backup piece
backup piece handle=3fc90592-511f-4200-aedc-48597064f4c8/RMAN_full_1062634547_BPMPROD_20250524_e73q9pvl_2_1.vab RECID=86386 STAMP=1201990347
deleted backup piece
backup piece handle=3fc90592-511f-4200-aedc-48597064f4c8/RMAN_full_1062634547_BPMPROD_20250524_e73q9pvl_1_1.vab RECID=86389 STAMP=1201989622
deleted backup piece
backup piece handle=3fc90592-511f-4200-aedc-48597064f4c8/RMAN_full_1062634547_BPMPROD_20250524_e93q9qmq_1_1.vab RECID=86388 STAMP=1201990362
deleted backup piece
backup piece handle=3fc90592-511f-4200-aedc-48597064f4c8/RMAN_full_1062634547_BPMPROD_20250524_ea3q9qn1_2_1.vab RECID=86392 STAMP=1201991565
deleted backup piece
backup piece handle=3fc90592-511f-4200-aedc-48597064f4c8/RMAN_full_1062634547_BPMPROD_20250524_ea3q9qn1_1_1.vab RECID=86397 STAMP=1201990369
deleted backup piece
backup piece handle=3fc90592-511f-4200-aedc-48597064f4c8/RMAN_full_1062634547_BPMPROD_20250524_ec3q9s34_2_1.vab RECID=86395 STAMP=1201991825
deleted backup piece
backup piece handle=3fc90592-511f-4200-aedc-48597064f4c8/RMAN_full_1062634547_BPMPROD_20250524_ec3q9s34_1_1.vab RECID=86402 STAMP=1201991780
deleted backup piece
backup piece handle=3fc90592-511f-4200-aedc-48597064f4c8/RMAN_full_1062634547_BPMPROD_20250524_ee3q9s77_2_1.vab RECID=86394 STAMP=1201991946
deleted backup piece
backup piece handle=3fc90592-511f-4200-aedc-48597064f4c8/RMAN_full_1062634547_BPMPROD_20250524_ee3q9s77_1_1.vab RECID=86401 STAMP=1201991911
deleted backup piece
backup piece handle=3fc90592-511f-4200-aedc-48597064f4c8/RMAN_full_1062634547_BPMPROD_20250524_eg3q9sa1_1_1.vab RECID=86396 STAMP=1201992001
deleted backup piece
backup piece handle=3fc90592-511f-4200-aedc-48597064f4c8/RMAN_full_1062634547_BPMPROD_20250524_eh3q9sh2_1_1.vab RECID=86400 STAMP=1201992226
deleted backup piece
backup piece handle=3fc90592-511f-4200-aedc-48597064f4c8/RMAN_full_1062634547_BPMPROD_20250524_ei3q9spc_2_1.vab RECID=86398 STAMP=1201993027
deleted backup piece
backup piece handle=3fc90592-511f-4200-aedc-48597064f4c8/RMAN_full_1062634547_BPMPROD_20250524_ei3q9spc_1_1.vab RECID=86403 STAMP=1201992492
deleted backup piece
backup piece handle=3fc90592-511f-4200-aedc-48597064f4c8/RMAN_full_1062634547_BPMPROD_20250524_ek3q9tbq_2_1.vab RECID=86399 STAMP=1201993128
deleted backup piece
backup piece handle=3fc90592-511f-4200-aedc-48597064f4c8/RMAN_full_1062634547_BPMPROD_20250524_ek3q9tbq_1_1.vab RECID=86408 STAMP=1201993083
deleted backup piece
backup piece handle=3fc90592-511f-4200-aedc-48597064f4c8/RMAN_full_1062634547_BPMPROD_20250524_em3q9tfa_1_1.vab RECID=86407 STAMP=1201993194
deleted backup piece
backup piece handle=3fc90592-511f-4200-aedc-48597064f4c8/RMAN_full_1062634547_BPMPROD_20250524_en3q9tpp_1_1.vab RECID=86406 STAMP=1201993529
deleted backup piece
backup piece handle=3fc90592-511f-4200-aedc-48597064f4c8/RMAN_full_1062634547_BPMPROD_20250524_eo3q9trg_1_1.vab RECID=86409 STAMP=1201993585
deleted backup piece
backup piece handle=3fc90592-511f-4200-aedc-48597064f4c8/RMAN_full_1062634547_BPMPROD_20250524_ep3q9tt8_2_1.vab RECID=86404 STAMP=1201993835
deleted backup piece
backup piece handle=3fc90592-511f-4200-aedc-48597064f4c8/RMAN_full_1062634547_BPMPROD_20250524_ep3q9tt8_1_1.vab RECID=86410 STAMP=1201993640
deleted backup piece
backup piece handle=3fc90592-511f-4200-aedc-48597064f4c8/RMAN_full_1062634547_BPMPROD_20250524_er3q9u79_1_1.vab RECID=86405 STAMP=1201993962
deleted backup piece
backup piece handle=3fc90592-511f-4200-aedc-48597064f4c8/RMAN_full_1062634547_BPMPROD_20250524_es3qa0d6_1_1.vab RECID=86411 STAMP=1201996198
deleted backup piece
backup piece handle=3fc90592-511f-4200-aedc-48597064f4c8/RMAN_full_1062634547_BPMPROD_20250524_et3qa0fm_1_1.vab RECID=86413 STAMP=1201996278
deleted backup piece
backup piece handle=3fc90592-511f-4200-aedc-48597064f4c8/RMAN_full_1062634547_BPMPROD_20250524_eu3qa0fm_1_1.vab RECID=86416 STAMP=1201996278
deleted backup piece
backup piece handle=3fc90592-511f-4200-aedc-48597064f4c8/RMAN_full_1062634547_BPMPROD_20250524_ev3qa0fm_1_1.vab RECID=86415 STAMP=1201996278
deleted backup piece
backup piece handle=3fc90592-511f-4200-aedc-48597064f4c8/RMAN_full_1062634547_BPMPROD_20250524_f03qa0fm_1_1.vab RECID=86414 STAMP=1201996278
deleted backup piece
backup piece handle=3fc90592-511f-4200-aedc-48597064f4c8/RMAN_full_1062634547_BPMPROD_20250524_f13qa0fm_1_1.vab RECID=86412 STAMP=1201996278
deleted backup piece
backup piece handle=3fc90592-511f-4200-aedc-48597064f4c8/RMAN_full_1062634547_BPMPROD_20250524_f23qa0k7_1_1.vab RECID=86417 STAMP=1201996425
deleted backup piece
backup piece handle=3fc90592-511f-4200-aedc-48597064f4c8/RMAN_full_1062634547_BPMPROD_20250524_f33qa0la_1_1.vab RECID=86423 STAMP=1201996458
deleted backup piece
backup piece handle=3fc90592-511f-4200-aedc-48597064f4c8/RMAN_full_1062634547_BPMPROD_20250524_f43qa0la_1_1.vab RECID=86421 STAMP=1201996458
deleted backup piece
backup piece handle=3fc90592-511f-4200-aedc-48597064f4c8/RMAN_full_1062634547_BPMPROD_20250524_f53qa0la_1_1.vab RECID=86422 STAMP=1201996458
deleted backup piece
backup piece handle=3fc90592-511f-4200-aedc-48597064f4c8/RMAN_full_1062634547_BPMPROD_20250524_f63qa0la_1_1.vab RECID=86420 STAMP=1201996458
deleted backup piece
backup piece handle=3fc90592-511f-4200-aedc-48597064f4c8/RMAN_full_1062634547_BPMPROD_20250524_f73qa0la_1_1.vab RECID=86419 STAMP=1201996459
deleted backup piece
backup piece handle=3fc90592-511f-4200-aedc-48597064f4c8/RMAN_full_1062634547_BPMPROD_20250524_f83qa0lb_1_1.vab RECID=86418 STAMP=1201996459
deleted backup piece
backup piece handle=3fc90592-511f-4200-aedc-48597064f4c8/RMAN_incr_1062634547_BPMPROD_20250617_ik3s6ll5_1_1.vab RECID=88579 STAMP=1203984041
deleted backup piece
backup piece handle=3fc90592-511f-4200-aedc-48597064f4c8/RMAN_incr_1062634547_BPMPROD_20250617_il3s6ll8_1_1.vab RECID=88582 STAMP=1203984043
deleted backup piece
backup piece handle=3fc90592-511f-4200-aedc-48597064f4c8/RMAN_incr_1062634547_BPMPROD_20250617_im3s6lla_1_1.vab RECID=88581 STAMP=1203984047
deleted backup piece
backup piece handle=3fc90592-511f-4200-aedc-48597064f4c8/RMAN_incr_1062634547_BPMPROD_20250617_in3s6lld_1_1.vab RECID=88580 STAMP=1203984048
deleted backup piece
backup piece handle=3fc90592-511f-4200-aedc-48597064f4c8/RMAN_incr_1062634547_BPMPROD_20250617_io3s6o94_1_1.vab RECID=88584 STAMP=1203986730
deleted backup piece
backup piece handle=3fc90592-511f-4200-aedc-48597064f4c8/RMAN_incr_1062634547_BPMPROD_20250617_ip3s6o99_1_1.vab RECID=88585 STAMP=1203986740
deleted backup piece
backup piece handle=3fc90592-511f-4200-aedc-48597064f4c8/RMAN_incr_1062634547_BPMPROD_20250617_iq3s6obk_1_1.vab RECID=88583 STAMP=1203986807
deleted backup piece
backup piece handle=3fc90592-511f-4200-aedc-48597064f4c8/RMAN_incr_1062634547_BPMPROD_20250617_ir3s6po9_1_1.vab RECID=88586 STAMP=1203988233
deleted backup piece
backup piece handle=3fc90592-511f-4200-aedc-48597064f4c8/RMAN_incr_1062634547_BPMPROD_20250617_is3s6pou_1_1.vab RECID=88589 STAMP=1203988254
deleted backup piece
backup piece handle=3fc90592-511f-4200-aedc-48597064f4c8/RMAN_incr_1062634547_BPMPROD_20250617_it3s6pou_1_1.vab RECID=88587 STAMP=1203988254
deleted backup piece
backup piece handle=3fc90592-511f-4200-aedc-48597064f4c8/RMAN_incr_1062634547_BPMPROD_20250617_iu3s6pou_1_1.vab RECID=88588 STAMP=1203988254
deleted backup piece
backup piece handle=3fc90592-511f-4200-aedc-48597064f4c8/RMAN_incr_1062634547_BPMPROD_20250617_iv3s6ppn_1_1.vab RECID=88590 STAMP=1203988280
deleted backup piece
backup piece handle=3fc90592-511f-4200-aedc-48597064f4c8/RMAN_incr_1062634547_BPMPROD_20250617_j03s6pqg_1_1.vab RECID=88592 STAMP=1203988305
deleted backup piece
backup piece handle=3fc90592-511f-4200-aedc-48597064f4c8/RMAN_incr_1062634547_BPMPROD_20250617_j13s6pqh_1_1.vab RECID=88594 STAMP=1203988305
deleted backup piece
backup piece handle=3fc90592-511f-4200-aedc-48597064f4c8/RMAN_incr_1062634547_BPMPROD_20250617_j23s6pqh_1_1.vab RECID=88593 STAMP=1203988305
deleted backup piece
backup piece handle=3fc90592-511f-4200-aedc-48597064f4c8/RMAN_incr_1062634547_BPMPROD_20250617_j33s6pqh_1_1.vab RECID=88591 STAMP=1203988305
Deleted 670 objects


RMAN> 

List of Backup Sets
===================


BS Key  Type LV Size       Device Type Elapsed Time Completion Time
------- ---- -- ---------- ----------- ------------ ---------------
51275   Full    8.00M      SBT_TAPE    00:00:24     22-JUN-25      
        BP Key: 89285   Status: AVAILABLE  Compressed: YES  Tag: FULL_BPMPROD_20062025_23H44
        Handle: 3fc90592-511f-4200-aedc-48597064f4c8/RMAN_full_1062634547_BPMPROD_20250622_923sjtvl_1_1.vab   Media: {3fc90592-511f-4200-aedc-48597064f4c8}
        Keep: BACKUP_LOGS        Until: 22-JUL-25      
  SPFILE Included: Modification time: 10-JUN-25
  SPFILE db_unique_name: BPMPROD

BS Key  Type LV Size       Device Type Elapsed Time Completion Time
------- ---- -- ---------- ----------- ------------ ---------------
51296   Full    8.00M      SBT_TAPE    00:00:05     24-JUN-25      
        BP Key: 89306   Status: AVAILABLE  Compressed: YES  Tag: FULL_BPMPROD_20062025_23H44
        Handle: 3fc90592-511f-4200-aedc-48597064f4c8/RMAN_incr_1062634547_BPMPROD_20250624_9r3sr82s_1_1.vab   Media: {3fc90592-511f-4200-aedc-48597064f4c8}
        Keep: BACKUP_LOGS        Until: 01-JUL-25      
  SPFILE Included: Modification time: 10-JUN-25
  SPFILE db_unique_name: BPMPROD

RMAN> 

List of Backup Sets
===================


BS Key  Type LV Size       Device Type Elapsed Time Completion Time
------- ---- -- ---------- ----------- ------------ ---------------
51272   Incr 0  16.00M     SBT_TAPE    00:00:19     22-JUN-25      
        BP Key: 89280   Status: AVAILABLE  Compressed: YES  Tag: FULL_BPMPROD_20062025_23H44
        Handle: 3fc90592-511f-4200-aedc-48597064f4c8/RMAN_full_1062634547_BPMPROD_20250622_913sjss4_1_1.vab   Media: {3fc90592-511f-4200-aedc-48597064f4c8}
        Keep: BACKUP_LOGS        Until: 20-JUL-25      
  Control File Included: Ckp SCN: 42990181035   Ckp time: 22-JUN-25

BS Key  Type LV Size       Device Type Elapsed Time Completion Time
------- ---- -- ---------- ----------- ------------ ---------------
51281   Full    16.00M     SBT_TAPE    00:00:30     22-JUN-25      
        BP Key: 89291   Status: AVAILABLE  Compressed: YES  Tag: FULL_BPMPROD_20062025_23H44
        Handle: 3fc90592-511f-4200-aedc-48597064f4c8/RMAN_full_1062634547_BPMPROD_20250622_983sju21_1_1.vab   Media: {3fc90592-511f-4200-aedc-48597064f4c8}
        Keep: BACKUP_LOGS        Until: 22-JUL-25      
  Control File Included: Ckp SCN: 42990428103   Ckp time: 22-JUN-25

BS Key  Type LV Size       Device Type Elapsed Time Completion Time
------- ---- -- ---------- ----------- ------------ ---------------
51293   Incr 1  16.00M     SBT_TAPE    00:00:15     24-JUN-25      
        BP Key: 89303   Status: AVAILABLE  Compressed: YES  Tag: FULL_BPMPROD_20062025_23H44
        Handle: 3fc90592-511f-4200-aedc-48597064f4c8/RMAN_incr_1062634547_BPMPROD_20250624_9q3sr6f7_1_1.vab   Media: {3fc90592-511f-4200-aedc-48597064f4c8}
        Keep: BACKUP_LOGS        Until: 01-JUL-25      
  Control File Included: Ckp SCN: 42998028441   Ckp time: 24-JUN-25

BS Key  Type LV Size       Device Type Elapsed Time Completion Time
------- ---- -- ---------- ----------- ------------ ---------------
51300   Full    16.00M     SBT_TAPE    00:00:10     24-JUN-25      
        BP Key: 89310   Status: AVAILABLE  Compressed: YES  Tag: FULL_BPMPROD_20062025_23H44
        Handle: 3fc90592-511f-4200-aedc-48597064f4c8/RMAN_incr_1062634547_BPMPROD_20250624_9v3sr844_1_1.vab   Media: {3fc90592-511f-4200-aedc-48597064f4c8}
        Keep: BACKUP_LOGS        Until: 01-JUL-25      
  Control File Included: Ckp SCN: 42998053376   Ckp time: 24-JUN-25

RMAN> 

Recovery Manager complete.
